record_id,village_id,date,population,temperature_c,rainfall_mm,humidity,previous_day_demand_l,demand_7day_avg_l,demand_30day_avg_l,actual_demand_l
REC_000001,VIL_001,01-04-2025,7956,33.6,0,37.8,576169.5,559527.6,558022.1,591757.7
REC_000002,VIL_001,02-04-2025,7956,34.4,0,40.8,591757.7,568286.1,560017.2,577346.8
REC_000003,VIL_001,03-04-2025,7956,34.2,0,26.2,577346.8,571944.9,560757,581591.3
REC_000004,VIL_001,04-04-2025,7956,33.5,0,38.6,581591.3,577691.5,560923.8,601107.6
REC_000005,VIL_001,05-04-2025,7956,34.7,0,27.6,601107.6,583739,561591.8,591393.6
REC_000006,VIL_001,06-04-2025,7956,33.8,0,25.4,591393.6,584717.7,561937.9,574664.9
REC_000007,VIL_001,07-04-2025,7956,34.7,0,37.8,574664.9,584861.6,563225.1,603423.1
REC_000008,VIL_001,08-04-2025,7956,34.6,0,25.8,603423.1,588755,564994.1,588183.9
REC_000009,VIL_001,09-04-2025,7956,32.8,0,39.3,588183.9,588244.5,566912.1,572262.6
REC_000010,VIL_001,10-04-2025,7956,33.8,0,40.6,572262.6,587518.1,566764.2,606252.9
REC_000011,VIL_001,11-04-2025,7956,34.8,0.2,36.9,606252.9,591041.2,568670.8,609847.2
REC_000012,VIL_001,12-04-2025,7956,33.7,0,23.4,609847.2,592289.7,570191.6,584582.1
REC_000013,VIL_001,13-04-2025,7956,34.8,0,28.4,584582.1,591316.7,570714.8,614221.7
REC_000014,VIL_001,14-04-2025,7956,33.6,0,25.3,614221.7,596967.6,572755,592280.6
REC_000015,VIL_001,15-04-2025,7956,33.8,0,37,592280.6,595375.9,574293.1,597212.6
REC_000016,VIL_001,16-04-2025,7956,34.8,0,28.8,597212.6,596665.7,574778.1,580236.5
REC_000017,VIL_001,17-04-2025,7956,34.4,0,39.6,580236.5,597804.8,574693,580198.1
REC_000018,VIL_001,18-04-2025,7956,34.4,0,38.7,580198.1,594082.7,575859.9,598417.3
REC_000019,VIL_001,19-04-2025,7956,34,0,35.3,598417.3,592449.8,577280.9,604468.7
REC_000020,VIL_001,20-04-2025,7956,33.5,0,31.7,604468.7,595290.8,577988.1,590510.3
REC_000021,VIL_001,21-04-2025,7956,33.7,0,36.7,590510.3,591903.4,580026.9,574921.2
REC_000022,VIL_001,22-04-2025,7956,35,0,36.8,574921.2,589423.5,580789.1,584886.6
REC_000023,VIL_001,23-04-2025,7956,33.4,0,29.5,584886.6,587662.7,582463,597410.5
REC_000024,VIL_001,24-04-2025,7956,32.4,0,30,597410.5,590116.1,583795.7,564482.4
REC_000025,VIL_001,25-04-2025,7956,34.2,0,25.1,564482.4,587871,584930.2,592724.6
REC_000026,VIL_001,26-04-2025,7956,33.6,0,38.6,592724.6,587057.8,586296.5,570691
REC_000027,VIL_001,27-04-2025,7956,32.4,0,30.4,570691,582232.4,587274,562452.7
REC_000028,VIL_001,28-04-2025,7956,34.5,0,35.3,562452.7,578224.1,587396.6,600659.9
REC_000029,VIL_001,29-04-2025,7956,33.6,0,32.9,600659.9,581901.1,587933.8,593656.6
REC_000030,VIL_001,30-04-2025,7956,33.4,0,27.6,593656.6,583154,588600.5,579755.4
REC_000031,VIL_001,01-05-2025,7956,34,0,34.9,579755.4,580631.8,588720,580262.1
REC_000032,VIL_001,02-05-2025,7956,33.4,0,36.7,580262.1,582886,588336.8,596340.2
REC_000033,VIL_001,03-05-2025,7956,34.1,0,41.6,596340.2,583402.6,588969.9,581136.2
REC_000034,VIL_001,04-05-2025,7956,34.2,0,41.8,581136.2,584894.7,588954.8,593498.8
REC_000035,VIL_001,05-05-2025,7956,34.2,0,25.8,593498.8,589329.9,588701.1,608636.9
REC_000036,VIL_001,06-05-2025,7956,33,0,35.1,608636.9,590469.5,589275.9,569684.8
REC_000037,VIL_001,07-05-2025,7956,34.4,0,23.2,569684.8,587044.9,589109.9,609381
REC_000038,VIL_001,08-05-2025,7956,33.1,0,22.5,609381,591277.1,589308.5,571727.9
REC_000039,VIL_001,09-05-2025,7956,34.1,0,26.4,571727.9,590058,588760,593562.8
REC_000040,VIL_001,10-05-2025,7956,35.2,0,28.8,593562.8,589661.2,589470,595929.4
REC_000041,VIL_001,11-05-2025,7956,33.2,0,32.5,595929.4,591774.5,589125.9,599933.6
REC_000042,VIL_001,12-05-2025,7956,32.6,0,30.9,599933.6,592693.8,588795.4,570777.6
REC_000043,VIL_001,13-05-2025,7956,33.2,0,22.1,570777.6,587285.3,588335.3,580138.3
REC_000044,VIL_001,14-05-2025,7956,34.1,0,23,580138.3,588778.7,587199.2,608297.7
REC_000045,VIL_001,15-05-2025,7956,34.6,0,33.5,608297.7,588623.9,587733.1,596650.2
REC_000046,VIL_001,16-05-2025,7956,33.9,0,41.1,596650.2,592184.2,587714.3,589592.8
REC_000047,VIL_001,17-05-2025,7956,33,0,40,589592.8,591617.1,588026.2,573523.3
REC_000048,VIL_001,18-05-2025,7956,32.6,0,36.8,573523.3,588416.2,587803.7,585630.9
REC_000049,VIL_001,19-05-2025,7956,33.2,0,23.3,585630.9,586373,587377.5,566645.9
REC_000050,VIL_001,20-05-2025,7956,33.8,0,22.2,566645.9,585782.7,586116.7,572753.3
REC_000051,VIL_001,21-05-2025,7956,33.7,2,37.8,572753.3,584727.7,585524.8,591333.4
REC_000052,VIL_001,22-05-2025,7956,35,0,24,591333.4,582304.3,586071.9,593001.7
REC_000053,VIL_001,23-05-2025,7956,33.6,0,32.9,593001.7,581783,586342.4,602959.3
REC_000054,VIL_001,24-05-2025,7956,34,0,25.5,602959.3,583692.5,586527.4,604616.3
REC_000055,VIL_001,25-05-2025,7956,34.8,0,28.5,604616.3,588134.4,587865.2,604673.4
REC_000056,VIL_001,26-05-2025,7956,33,0,33,604673.4,590854.8,588263.4,593090.7
REC_000057,VIL_001,27-05-2025,7956,34,0,34.1,593090.7,594632.6,589010.1,596262.1
REC_000058,VIL_001,28-05-2025,7956,32.1,0,28,596262.1,597991,590137.1,561557.6
REC_000059,VIL_001,29-05-2025,7956,34.6,0,36.7,561557.6,593737.3,588833.7,604832.9
REC_000060,VIL_001,30-05-2025,7956,33.4,0,38.2,604832.9,595427.5,589206.2,575145
REC_000061,VIL_001,31-05-2025,7956,34.3,0.4,39.4,575145,591454,589052.5,586561.1
REC_000062,VIL_001,01-06-2025,7956,25.4,15.8,90.2,586561.1,588874.7,589262.5,499476.8
REC_000063,VIL_001,02-06-2025,7956,26.4,6.5,77,499476.8,573846.6,586033.7,491163.6
REC_000064,VIL_001,03-06-2025,7956,25.2,0,87.2,491163.6,559285.6,583034.6,568947.5
REC_000065,VIL_001,04-06-2025,7956,27.9,8.5,92.5,568947.5,555383.5,582216.3,481651.3
REC_000066,VIL_001,05-06-2025,7956,26,0,76.5,481651.3,543968.3,577983.4,560521.4
REC_000067,VIL_001,06-06-2025,7956,26.7,9.7,87.3,560521.4,537638.1,577678,477850.8
REC_000068,VIL_001,07-06-2025,7956,26.8,0,81.2,477850.8,523738.9,573293.6,561700.4
REC_000069,VIL_001,08-06-2025,7956,27.4,0,70.8,561700.4,520187.4,572959.4,565692.6
REC_000070,VIL_001,09-06-2025,7956,27.2,8.7,78.8,565692.6,529646.8,572030.4,492587
REC_000071,VIL_001,10-06-2025,7956,26.8,0,84.5,492587,529850.1,568585.6,549108.6
REC_000072,VIL_001,11-06-2025,7956,26,0,85.5,549108.6,527016,566891.4,541259.7
REC_000073,VIL_001,12-06-2025,7956,26,0,92.7,541259.7,535531.5,565907.5,544203.8
REC_000074,VIL_001,13-06-2025,7956,26.8,0,84.9,544203.8,533200.4,564709.7,561006.8
REC_000075,VIL_001,14-06-2025,7956,26.4,0,72.6,561006.8,545079.8,563133.3,571436.2
REC_000076,VIL_001,15-06-2025,7956,27.4,21.6,79.5,571436.2,546470.7,562292.9,481460.1
REC_000077,VIL_001,16-06-2025,7956,27.3,0,88.8,481460.1,534437.5,558688.4,564773.4
REC_000078,VIL_001,17-06-2025,7956,26.8,0,92.9,564773.4,544749.8,558396.8,569165
REC_000079,VIL_001,18-06-2025,7956,26.4,0,91.7,569165,547615,557847.9,557617.8
REC_000080,VIL_001,19-06-2025,7956,27,7.1,90.2,557617.8,549951.9,557547,495066.9
REC_000081,VIL_001,20-06-2025,7956,26,0,78.7,495066.9,542932.3,554957.4,567446.3
REC_000082,VIL_001,21-06-2025,7956,25.2,0,79.4,567446.3,543852.2,554161.2,548922.9
REC_000083,VIL_001,22-06-2025,7956,26.4,0,80,548922.9,540636.1,552691.9,550133.2
REC_000084,VIL_001,23-06-2025,7956,27,8.6,79.9,550133.2,550446.5,550931,475405.4
REC_000085,VIL_001,24-06-2025,7956,27.3,64.6,80.8,475405.4,537679.6,546624,503707.1
REC_000086,VIL_001,25-06-2025,7956,26.3,26,86.1,503707.1,528328.5,543258.5,502367.7
REC_000087,VIL_001,26-06-2025,7956,25.8,22,82.8,502367.7,520435.6,540234.4,497869.3
REC_000088,VIL_001,27-06-2025,7956,26.4,0,82,497869.3,520836,536954.6,542854.7
REC_000089,VIL_001,28-06-2025,7956,26.9,37.9,84.5,542854.7,517322.9,536331.2,488545.9
REC_000090,VIL_001,29-06-2025,7956,27.4,0,93.8,488545.9,508697.6,532454.9,543617.1
REC_000091,VIL_002,01-04-2025,6781,33.4,0,29.7,467009.4,476394.4,472933.4,485571.1
REC_000092,VIL_002,02-04-2025,6781,33.4,0,23.3,485571.1,478909.7,474062.7,500500.2
REC_000093,VIL_002,03-04-2025,6781,32.8,0,33.3,500500.2,482401.2,474739.8,497214.8
REC_000094,VIL_002,04-04-2025,6781,32,0,26.5,497214.8,485049.6,474762.2,501657.2
REC_000095,VIL_002,05-04-2025,6781,34.6,0,24.4,501657.2,486891.9,475024.3,514304.7
REC_000096,VIL_002,06-04-2025,6781,31.3,0,29.3,514304.7,493632.4,476034.2,496056.3
REC_000097,VIL_002,07-04-2025,6781,33.4,0,35.8,496056.3,494616.2,477385.3,511101.1
REC_000098,VIL_002,08-04-2025,6781,33.2,0,31.6,511101.1,500915.1,478957,500575.4
REC_000099,VIL_002,09-04-2025,6781,33.2,0,26,500575.4,503058.5,480105.2,498282.8
REC_000100,VIL_002,10-04-2025,6781,33.9,0,39.2,498282.8,502741.8,480475.9,504169.8
REC_000101,VIL_002,11-04-2025,6781,34.2,0,29.7,504169.8,503735.3,480981,519055.4
REC_000102,VIL_002,12-04-2025,6781,33.2,2.8,29.8,519055.4,506220.8,482642.3,505607.5
REC_000103,VIL_002,13-04-2025,6781,32.2,0,37.6,505607.5,504978.3,483803.5,478750.4
REC_000104,VIL_002,14-04-2025,6781,32.4,0,40.4,478750.4,502506.1,484660.2,499973.3
REC_000105,VIL_002,15-04-2025,6781,34.4,0,22.3,499973.3,500916.4,485837.3,495995.8
REC_000106,VIL_002,16-04-2025,6781,31.8,0,37.1,495995.8,500262.1,486625.2,485946.1
REC_000107,VIL_002,17-04-2025,6781,34,0,24.1,485946.1,498499.8,487607.1,494409.3
REC_000108,VIL_002,18-04-2025,6781,33,0,28.2,494409.3,497105.4,488339,501672.5
REC_000109,VIL_002,19-04-2025,6781,34.1,0,37.1,501672.5,494622.1,488680.3,515268.9
REC_000110,VIL_002,20-04-2025,6781,31.7,0,25.6,515268.9,496002.3,489904.9,480651.3
REC_000111,VIL_002,21-04-2025,6781,32.7,0,34.7,480651.3,496273.9,490770.5,481507.6
REC_000112,VIL_002,22-04-2025,6781,32.2,0,37.3,481507.6,493635.9,491486.3,484405.8
REC_000113,VIL_002,23-04-2025,6781,32.6,0,25.3,484405.8,491980.2,491851.1,498282.5
REC_000114,VIL_002,24-04-2025,6781,33,0,36.1,498282.5,493742.6,492857.3,490933.7
REC_000115,VIL_002,25-04-2025,6781,32.3,0,22.9,490933.7,493246,493623,484508.7
REC_000116,VIL_002,26-04-2025,6781,32.3,0,28.9,484508.7,490794.1,493904.6,481748.7
REC_000117,VIL_002,27-04-2025,6781,33.4,0,24.9,481748.7,486005.5,494007.1,498803.8
REC_000118,VIL_002,28-04-2025,6781,33.6,0,26.5,498803.8,488598.7,494341.8,493576.6
REC_000119,VIL_002,29-04-2025,6781,32.8,0,37,493576.6,490322.8,495223.7,501461.7
REC_000120,VIL_002,30-04-2025,6781,33,0,35.2,501461.7,492759.4,495633.4,483429.7
REC_000121,VIL_002,01-05-2025,6781,33.6,0,29.9,483429.7,490637.6,496180.8,505226.1
REC_000122,VIL_002,02-05-2025,6781,34,0,33.2,505226.1,492679.3,496835.9,495227.4
REC_000123,VIL_002,03-05-2025,6781,33.2,0,39.1,495227.4,494210.6,496660.2,497134.2
REC_000124,VIL_002,04-05-2025,6781,32.6,0,22.6,497134.2,496408.5,496657.5,486852.3
REC_000125,VIL_002,05-05-2025,6781,33.2,0,38.4,486852.3,494701.1,496164,504103.2
REC_000126,VIL_002,06-05-2025,6781,33.1,0,38.1,504103.2,496204.9,495823.9,510014.3
REC_000127,VIL_002,07-05-2025,6781,31.5,0,39.3,510014.3,497426.7,496289.2,497495.8
REC_000128,VIL_002,08-05-2025,6781,34,0.7,29.8,497495.8,499436.2,495835.7,505668.8
REC_000129,VIL_002,09-05-2025,6781,32.6,0,38.5,505668.8,499499.4,496005.5,492075.7
REC_000130,VIL_002,10-05-2025,6781,31.8,3.3,27.7,492075.7,499049.2,495798.6,496796.1
REC_000131,VIL_002,11-05-2025,6781,33.4,0,27.7,496796.1,499000.9,495552.8,504365.6
REC_000132,VIL_002,12-05-2025,6781,33.3,0,22.5,504365.6,501502.8,495063.1,488707.9
REC_000133,VIL_002,13-05-2025,6781,33.7,0,26.7,488707.9,499303.5,494499.8,510661.3
REC_000134,VIL_002,14-05-2025,6781,34,0,31.4,510661.3,499395.9,495563.5,501003.3
REC_000135,VIL_002,15-05-2025,6781,33.6,0,30.8,501003.3,499897,495597.8,490966.1
REC_000136,VIL_002,16-05-2025,6781,32.8,0,40.6,490966.1,497796.6,495430.2,488130.7
REC_000137,VIL_002,17-05-2025,6781,33.2,0,38.6,488130.7,497233,495503,490515.5
REC_000138,VIL_002,18-05-2025,6781,33,0,34.9,490515.5,496335.8,495373.2,496601.8
REC_000139,VIL_002,19-05-2025,6781,34.6,0,35.9,496601.8,495226.7,495204.2,499335
REC_000140,VIL_002,20-05-2025,6781,33.8,0,32.9,499335,496744.8,494673,490394.2
REC_000141,VIL_002,21-05-2025,6781,31.9,0,32.2,490394.2,493849.5,494997.8,477175.3
REC_000142,VIL_002,22-05-2025,6781,32.8,0,38.8,477175.3,490445.5,494853.4,497077.5
REC_000143,VIL_002,23-05-2025,6781,34,0,28.3,497077.5,491318.6,495275.8,510237.4
REC_000144,VIL_002,24-05-2025,6781,32.8,14.1,37.5,510237.4,494476.7,495674.3,430592.7
REC_000145,VIL_002,25-05-2025,6781,33.1,0,32.9,430592.7,485916.3,493662.9,482872.6
REC_000146,VIL_002,26-05-2025,6781,33.4,0,39.1,482872.6,483955,493608.4,487720
REC_000147,VIL_002,27-05-2025,6781,33.5,14,41,487720,482295.7,493807.4,450578.3
REC_000148,VIL_002,28-05-2025,6781,33.2,0,31.1,450578.3,476607.7,492199.9,497261.5
REC_000149,VIL_002,29-05-2025,6781,32.4,14.2,26.4,497261.5,479477.1,492322.7,431541.7
REC_000150,VIL_002,30-05-2025,6781,34.6,0,41.9,431541.7,470114.9,489992.1,493358
REC_000151,VIL_002,31-05-2025,6781,33,0,36.5,493358,467703.5,490323,502834.8
REC_000152,VIL_002,01-06-2025,6781,25.5,11.7,73.5,502834.8,478023.8,490243.3,418413.1
REC_000153,VIL_002,02-06-2025,6781,24.5,9.7,88.2,418413.1,468815.3,487682.8,410243
REC_000154,VIL_002,03-06-2025,6781,25.6,0,79.6,410243,457747.2,484786.4,463564.8
REC_000155,VIL_002,04-06-2025,6781,26.6,7.5,92.6,463564.8,459602.4,484010.2,414787
REC_000156,VIL_002,05-06-2025,6781,24.3,47.9,90.3,414787,447820.3,481033,426159.7
REC_000157,VIL_002,06-06-2025,6781,26.8,12.4,79.2,426159.7,447051.5,478237.8,426864.8
REC_000158,VIL_002,07-06-2025,6781,26.8,0,89.1,426864.8,437552.5,475883.5,477599.1
REC_000159,VIL_002,08-06-2025,6781,24.2,0,89.8,477599.1,433947.4,474947.8,481150.3
REC_000160,VIL_002,09-06-2025,6781,26,23.2,91.1,481150.3,442909.8,474583.6,408064.4
REC_000161,VIL_002,10-06-2025,6781,25.4,24.2,75.4,408064.4,442598.6,471625.9,419918.3
REC_000162,VIL_002,11-06-2025,6781,24.6,0,87,419918.3,436363.4,468811,479425.2
REC_000163,VIL_002,12-06-2025,6781,25.8,0,84.9,479425.2,445597.4,468501.6,466146.2
REC_000164,VIL_002,13-06-2025,6781,26.2,21.1,86.6,466146.2,451309.8,467017.7,427237.3
REC_000165,VIL_002,14-06-2025,6781,26.3,11,83.5,427237.3,451363,464558.9,410065.4
REC_000166,VIL_002,15-06-2025,6781,25.6,0,82.5,410065.4,441715.3,461862.2,469357.8
REC_000167,VIL_002,16-06-2025,6781,26.6,0,88.6,469357.8,440030.7,461236.4,478103.5
REC_000168,VIL_002,17-06-2025,6781,26.3,29.7,74.3,478103.5,450036.2,460822.7,421177
REC_000169,VIL_002,18-06-2025,6781,25.8,0,72.2,421177,450216.1,458308.5,480348.5
REC_000170,VIL_002,19-06-2025,6781,26,0,88,480348.5,450348,457675.6,463620
REC_000171,VIL_002,20-06-2025,6781,26.2,0,79.6,463620,449987.1,456783.2,484622.8
REC_000172,VIL_002,21-06-2025,6781,26.4,31.6,71.1,484622.8,458185,457031.4,418532.8
REC_000173,VIL_002,22-06-2025,6781,26,8.1,87.4,418532.8,459394.6,454413.3,416990.9
REC_000174,VIL_002,23-06-2025,6781,26.6,0,76.1,416990.9,451913.6,451305.1,488371.8
REC_000175,VIL_002,24-06-2025,6781,24.5,5.6,85.1,488371.8,453380.5,453231,423734.1
REC_000176,VIL_002,25-06-2025,6781,24.5,0,72.9,423734.1,453745.8,451259.7,463790.7
REC_000177,VIL_002,26-06-2025,6781,25.5,12.7,79.3,463790.7,451380.4,450462.1,424139.1
REC_000178,VIL_002,27-06-2025,6781,25.3,2.3,93.1,424139.1,445740.3,449580.8,463142.6
REC_000179,VIL_002,28-06-2025,6781,26,0,93.6,463142.6,442671.7,448443.5,461212.3
REC_000180,VIL_002,29-06-2025,6781,24.8,20.4,71.7,461212.3,448768.8,449432.5,415294.2
REC_000181,VIL_003,01-04-2025,3890,33.4,0,29.7,274251.8,270969.3,272698.1,283296.7
REC_000182,VIL_003,02-04-2025,3890,33.4,0,23.3,283296.7,273398.7,272616.7,290017.5
REC_000183,VIL_003,03-04-2025,3890,32.8,0,33.3,290017.5,276437.8,273502.3,283868.6
REC_000184,VIL_003,04-04-2025,3890,32,0,26.5,283868.6,279414.9,273731.3,280454
REC_000185,VIL_003,05-04-2025,3890,34.6,0,24.4,280454,279079.9,274299.5,284279.7
REC_000186,VIL_003,06-04-2025,3890,31.3,0,29.3,284279.7,282697.3,274494.8,275769.6
REC_000187,VIL_003,07-04-2025,3890,33.4,0,35.8,275769.6,281705.4,274605.6,281741.1
REC_000188,VIL_003,08-04-2025,3890,33.2,0,31.6,281741.1,282775.3,274756.9,277078
REC_000189,VIL_003,09-04-2025,3890,33.2,0,26,277078,281886.9,275185.9,282975
REC_000190,VIL_003,10-04-2025,3890,33.9,0,39.2,282975,280880.9,275318.8,281136
REC_000191,VIL_003,11-04-2025,3890,34.2,0,29.7,281136,280490.5,275163.5,285231.7
REC_000192,VIL_003,12-04-2025,3890,33.2,2.8,29.8,285231.7,281173,275444.2,278393.4
REC_000193,VIL_003,13-04-2025,3890,32.2,0,37.6,278393.4,280332.1,275653.2,274550.9
REC_000194,VIL_003,14-04-2025,3890,32.4,0,40.4,274550.9,280158,275344.1,277008.2
REC_000195,VIL_003,15-04-2025,3890,34.4,0,22.3,277008.2,279481.9,275940.5,298977.3
REC_000196,VIL_003,16-04-2025,3890,31.8,0,37.1,298977.3,282610.4,276621.1,271299.2
REC_000197,VIL_003,17-04-2025,3890,34,0,24.1,271299.2,280942.4,276234.9,291039.6
REC_000198,VIL_003,18-04-2025,3890,33,0,28.2,291039.6,282357.2,277257.4,278428.4
REC_000199,VIL_003,19-04-2025,3890,34.1,0,37.1,278428.4,281385.3,277507,296341.3
REC_000200,VIL_003,20-04-2025,3890,31.7,0,25.6,296341.3,283949.3,278576.4,272435.1
REC_000201,VIL_003,21-04-2025,3890,32.7,0,34.7,272435.1,283647,278520.5,291064.1
REC_000202,VIL_003,22-04-2025,3890,32.2,0,37.3,291064.1,285655,279010.2,283158
REC_000203,VIL_003,23-04-2025,3890,32.6,0,25.3,283158,283395.1,279551.3,274453.6
REC_000204,VIL_003,24-04-2025,3890,33,0,36.1,274453.6,283845.7,279659.4,291280.5
REC_000205,VIL_003,25-04-2025,3890,32.3,0,22.9,291280.5,283880.1,280492.4,282061.3
REC_000206,VIL_003,26-04-2025,3890,32.3,0,28.9,282061.3,284399.1,280936.3,277683.1
REC_000207,VIL_003,27-04-2025,3890,33.4,0,24.9,277683.1,281733.7,281424.8,290776.8
REC_000208,VIL_003,28-04-2025,3890,33.6,0,26.5,290776.8,284353.9,281690.7,294351.5
REC_000209,VIL_003,29-04-2025,3890,32.8,0,37,294351.5,284823.5,282870.5,283458.9
REC_000210,VIL_003,30-04-2025,3890,33,0,35.2,283458.9,284866.5,282895.4,281404.4
REC_000211,VIL_003,01-05-2025,3890,33.6,0,29.9,281404.4,285859.5,283133.8,291979.9
REC_000212,VIL_003,02-05-2025,3890,34,0,33.2,291979.9,285959.4,283423.2,291786.2
REC_000213,VIL_003,03-05-2025,3890,33.2,0,39.1,291786.2,287348.7,283482.2,292026.7
REC_000214,VIL_003,04-05-2025,3890,32.6,0,22.6,292026.7,289397.8,283754.1,286187.7
REC_000215,VIL_003,05-05-2025,3890,33.2,0,38.4,286187.7,288742.2,283945.2,280979
REC_000216,VIL_003,06-05-2025,3890,33.1,0,38.1,280979,286831.8,283835.2,292342.3
REC_000217,VIL_003,07-05-2025,3890,31.5,0,39.3,292342.3,288100.9,284387.6,271825.3
REC_000218,VIL_003,08-05-2025,3890,34,0.7,29.8,271825.3,286732.4,284057.1,284619.2
REC_000219,VIL_003,09-05-2025,3890,32.6,0,38.5,284619.2,285680.9,284308.5,283262.5
REC_000220,VIL_003,10-05-2025,3890,31.8,3.3,27.7,283262.5,284463.2,284318.1,280755.2
REC_000221,VIL_003,11-05-2025,3890,33.4,0,27.7,280755.2,282853,284305.4,277864.6
REC_000222,VIL_003,12-05-2025,3890,33.3,0,22.5,277864.6,281664,284059.8,290589.8
REC_000223,VIL_003,13-05-2025,3890,33.7,0,26.7,290589.8,283037,284466.4,285026.1
REC_000224,VIL_003,14-05-2025,3890,34,0,31.4,285026.1,281991.8,284815.5,287017.3
REC_000225,VIL_003,15-05-2025,3890,33.6,0,30.8,287017.3,284162.1,285149.2,292331.6
REC_000226,VIL_003,16-05-2025,3890,32.8,0,40.6,292331.6,285263.9,284927.6,281681.5
REC_000227,VIL_003,17-05-2025,3890,33.2,0,38.6,281681.5,285038,285273.7,277617.9
REC_000228,VIL_003,18-05-2025,3890,33,0,34.9,277617.9,284589.8,284826.3,279029.3
REC_000229,VIL_003,19-05-2025,3890,34.6,0,35.9,279029.3,284756.2,284846.4,299051.2
REC_000230,VIL_003,20-05-2025,3890,33.8,0,32.9,299051.2,285965,284936.7,280402.3
REC_000231,VIL_003,21-05-2025,3890,31.9,0,32.2,280402.3,285304.4,285202.3,277622.9
REC_000232,VIL_003,22-05-2025,3890,32.8,0,38.8,277622.9,283962.4,284754.2,283790.7
REC_000233,VIL_003,23-05-2025,3890,34,0,28.3,283790.7,282742.3,284775.3,288521.6
REC_000234,VIL_003,24-05-2025,3890,32.8,14.1,37.5,288521.6,283719.4,285244.2,242256.9
REC_000235,VIL_003,25-05-2025,3890,33.1,0,32.9,242256.9,278667.8,283610.1,284981.8
REC_000236,VIL_003,26-05-2025,3890,33.4,0,39.1,284981.8,279518.2,283707.5,284191.5
REC_000237,VIL_003,27-05-2025,3890,33.5,14,41,284191.5,277395.4,283924.4,259347.9
REC_000238,VIL_003,28-05-2025,3890,33.2,0,31.1,259347.9,274387.6,282876.8,279534.4
REC_000239,VIL_003,29-05-2025,3890,32.4,14.2,26.4,279534.4,274660.7,282382.9,246078.1
REC_000240,VIL_003,30-05-2025,3890,34.6,0,41.9,246078.1,269273.2,281136.9,289682.4
REC_000241,VIL_003,31-05-2025,3890,33,0,36.5,289682.4,269439,281412.8,282687.3
REC_000242,VIL_003,01-06-2025,3890,25.5,11.7,73.5,282687.3,275214.8,281103,242008.2
REC_000243,VIL_003,02-06-2025,3890,24.5,9.7,88.2,242008.2,269075.7,279443.8,235533.8
REC_000244,VIL_003,03-06-2025,3890,25.6,0,79.6,235533.8,262124.6,277560.7,267742.9
REC_000245,VIL_003,04-06-2025,3890,26.6,7.5,92.6,267742.9,263323.9,276945.9,242919.5
REC_000246,VIL_003,05-06-2025,3890,24.3,47.9,90.3,242919.5,258093.2,275677.2,239628.2
REC_000247,VIL_003,06-06-2025,3890,26.8,12.4,79.2,239628.2,257171.8,273920.1,238404.2
REC_000248,VIL_003,07-06-2025,3890,26.8,0,89.1,238404.2,249846.3,272806,266895.4
REC_000249,VIL_003,08-06-2025,3890,24.2,0,89.8,266895.4,247590.3,272215.2,267194.8
REC_000250,VIL_003,09-06-2025,3890,26,23.2,91.1,267194.8,251188.4,271679.6,232587
REC_000251,VIL_003,10-06-2025,3890,25.4,24.2,75.4,232587,250767.4,270074,233749.8
REC_000252,VIL_003,11-06-2025,3890,24.6,0,87,233749.8,245911.3,268603.5,273228.6
REC_000253,VIL_003,12-06-2025,3890,25.8,0,84.9,273228.6,250241.1,268024.8,278702.4
REC_000254,VIL_003,13-06-2025,3890,26.2,21.1,86.6,278702.4,255823.2,267814,236564
REC_000255,VIL_003,14-06-2025,3890,26.3,11,83.5,236564,255560.3,266132.3,237147.4
REC_000256,VIL_003,15-06-2025,3890,25.6,0,82.5,237147.4,251310.6,264292.8,266019.8
REC_000257,VIL_003,16-06-2025,3890,26.6,0,88.6,266019.8,251142.7,263770.7,270480.5
REC_000258,VIL_003,17-06-2025,3890,26.3,29.7,74.3,270480.5,256556.1,263532.8,232970.4
REC_000259,VIL_003,18-06-2025,3890,25.8,0,72.2,232970.4,256444.7,261997.5,279122.8
REC_000260,VIL_003,19-06-2025,3890,26,0,88,279122.8,257286.8,261333.2,275128.3
REC_000261,VIL_003,20-06-2025,3890,26.2,0,79.6,275128.3,256776.2,261157.5,280317.9
REC_000262,VIL_003,21-06-2025,3890,26.4,31.6,71.1,280317.9,263026.7,261247.3,245128
REC_000263,VIL_003,22-06-2025,3890,26,8.1,87.4,245128,264166.8,259958.5,239235.7
REC_000264,VIL_003,23-06-2025,3890,26.6,0,76.1,239235.7,260340.5,258315.7,272621.6
REC_000265,VIL_003,24-06-2025,3890,24.5,5.6,85.1,272621.6,260646.4,259327.8,235175.3
REC_000266,VIL_003,25-06-2025,3890,24.5,0,72.9,235175.3,260961.4,257667.6,271679.8
REC_000267,VIL_003,26-06-2025,3890,25.5,12.7,79.3,271679.8,259898.1,257250.5,245418.5
REC_000268,VIL_003,27-06-2025,3890,25.3,2.3,93.1,245418.5,255653.8,256786.2,264961.8
REC_000269,VIL_003,28-06-2025,3890,26,0,93.6,264961.8,253460.1,256300.5,278239.8
REC_000270,VIL_003,29-06-2025,3890,24.8,20.4,71.7,278239.8,258190.4,257372.5,237337.2
REC_000271,VIL_004,01-04-2025,5040,33.9,0,37.4,359932.1,360568,356301.2,370564.7
REC_000272,VIL_004,02-04-2025,5040,32.6,0,28.9,370564.7,360765.1,356423.5,355952
REC_000273,VIL_004,03-04-2025,5040,33.4,0,34.6,355952,360117.3,356010.1,375313.5
REC_000274,VIL_004,04-04-2025,5040,34.4,0,31.6,375313.5,360850.7,356559.6,365291.9
REC_000275,VIL_004,05-04-2025,5040,33.2,0,37.5,365291.9,361635.6,356782.6,372644.7
REC_000276,VIL_004,06-04-2025,5040,33.2,0,31.7,372644.7,365509.8,357499.7,362272
REC_000277,VIL_004,07-04-2025,5040,33.4,0,26.4,362272,365995.8,357420.8,372252.3
REC_000278,VIL_004,08-04-2025,5040,34,0,24.7,372252.3,367755.9,357526.4,374055.8
REC_000279,VIL_004,09-04-2025,5040,32.3,0,34.9,374055.8,368254.6,357911.4,354318.4
REC_000280,VIL_004,10-04-2025,5040,34,0,35.2,354318.4,368021.2,357818.6,370891
REC_000281,VIL_004,11-04-2025,5040,33.5,0,39.6,370891,367389.4,358296.1,373574.2
REC_000282,VIL_004,12-04-2025,5040,35.3,0,37.7,373574.2,368572.6,358577.6,388813.6
REC_000283,VIL_004,13-04-2025,5040,34.8,1.2,27.2,388813.6,370882.5,359729.6,387020.7
REC_000284,VIL_004,14-04-2025,5040,33.3,0.5,34,387020.7,374418,360512.9,369904.8
REC_000285,VIL_004,15-04-2025,5040,33.6,0,27.2,369904.8,374082.6,361072.6,376947.6
REC_000286,VIL_004,16-04-2025,5040,34,0,35.7,376947.6,374495.8,362392.1,369849.6
REC_000287,VIL_004,17-04-2025,5040,32.7,0,30.7,369849.6,376714.5,363096.9,363612.5
REC_000288,VIL_004,18-04-2025,5040,34.4,0,29.5,363612.5,375674.7,363522.7,369190.3
REC_000289,VIL_004,19-04-2025,5040,33.4,0,29.7,369190.3,375048.4,364490.5,372171
REC_000290,VIL_004,20-04-2025,5040,33.8,0,36.5,372171,372670.9,365603.6,368760.6
REC_000291,VIL_004,21-04-2025,5040,34.3,0,26.2,368760.6,370062.3,366093.9,366190.1
REC_000292,VIL_004,22-04-2025,5040,32.6,0,31.9,366190.1,369531.7,367028.2,370628.1
REC_000293,VIL_004,23-04-2025,5040,33.8,0,40.6,370628.1,368628.9,367854.2,377558
REC_000294,VIL_004,24-04-2025,5040,33.1,0,37.6,377558,369730.1,368391.8,366103.7
REC_000295,VIL_004,25-04-2025,5040,32.6,0,41.5,366103.7,370086,368289.1,357249.8
REC_000296,VIL_004,26-04-2025,5040,33.6,0,36.6,357249.8,368380.2,368181.2,370206.8
REC_000297,VIL_004,27-04-2025,5040,32.6,0,40.9,370206.8,368099.6,368182.1,365291
REC_000298,VIL_004,28-04-2025,5040,34,0,34.3,365291,367603.9,368365.2,377752.7
REC_000299,VIL_004,29-04-2025,5040,33.6,0,41.6,377752.7,369255.7,369439.5,367732.9
REC_000300,VIL_004,30-04-2025,5040,33.6,0,37,367732.9,368842.1,369734.9,375925.2
REC_000301,VIL_004,01-05-2025,5040,33,0,23.9,375925.2,368608.9,370268,376893.5
REC_000302,VIL_004,02-05-2025,5040,33.6,0,25.4,376893.5,370150.3,370478.9,365994.2
REC_000303,VIL_004,03-05-2025,5040,33.8,0,31.7,365994.2,371399.5,370813.7,383625.2
REC_000304,VIL_004,04-05-2025,5040,32.7,0,28.7,383625.2,373316.4,371090.7,364585.6
REC_000305,VIL_004,05-05-2025,5040,33.2,0,23.7,364585.6,373215.6,371067.2,364571.3
REC_000306,VIL_004,06-05-2025,5040,32.2,0,24.1,364571.3,371332.6,370798.1,362726.1
REC_000307,VIL_004,07-05-2025,5040,32.6,0,30.2,362726.1,370617.3,370813.2,357638.6
REC_000308,VIL_004,08-05-2025,5040,32.7,0,30.3,357638.6,368004.9,370326.1,358844.5
REC_000309,VIL_004,09-05-2025,5040,35,0,33.2,358844.5,365426.5,369819.1,377312.9
REC_000310,VIL_004,10-05-2025,5040,32.2,0,34,377312.9,367043.5,370585.5,370181.2
REC_000311,VIL_004,11-05-2025,5040,33.4,0,35.2,370181.2,365122.9,370561.9,379698.8
REC_000312,VIL_004,12-05-2025,5040,33.2,0,24.8,379698.8,367281.9,370766,373390.7
REC_000313,VIL_004,13-05-2025,5040,34.2,0,31.5,373390.7,368541.8,370251.9,366143.2
REC_000314,VIL_004,14-05-2025,5040,33.6,0,30.9,366143.2,369030,369556,375689.1
REC_000315,VIL_004,15-05-2025,5040,32.6,0,38.3,375689.1,371608.6,369748.8,369537.7
REC_000316,VIL_004,16-05-2025,5040,33.6,0,35.4,369537.7,373136.2,369501.8,378673.1
REC_000317,VIL_004,17-05-2025,5040,34,0,38,378673.1,373330.5,369795.9,381266
REC_000318,VIL_004,18-05-2025,5040,34.6,0,24.8,381266,374914.1,370384.4,385475.1
REC_000319,VIL_004,19-05-2025,5040,32.8,0,40.2,385475.1,375739.3,370927.2,365723.6
REC_000320,VIL_004,20-05-2025,5040,33.4,0,31,365723.6,374644,370712.3,375194.8
REC_000321,VIL_004,21-05-2025,5040,33.2,0,40.9,375194.8,375937.1,370926.8,364593.3
REC_000322,VIL_004,22-05-2025,5040,33,0,41.4,364593.3,374351.9,370873.6,379721.6
REC_000323,VIL_004,23-05-2025,5040,33,0,29.4,379721.6,375806.8,371176.7,361494.2
REC_000324,VIL_004,24-05-2025,5040,33.6,0,26.9,361494.2,373352.7,370641.2,360921.3
REC_000325,VIL_004,25-05-2025,5040,34.4,0,38.3,360921.3,370446.3,370468.5,368160.1
REC_000326,VIL_004,26-05-2025,5040,33.9,0,34,368160.1,367972.7,370832.1,379620.1
REC_000327,VIL_004,27-05-2025,5040,33,0,28,379620.1,369957.9,371145.9,367498.8
REC_000328,VIL_004,28-05-2025,5040,33.9,0,31.5,367498.8,368858.5,371219.5,372262.5
REC_000329,VIL_004,29-05-2025,5040,34.8,8.2,32.5,372262.5,369954.1,371036.5,341903.8
REC_000330,VIL_004,30-05-2025,5040,31.7,0,34.7,341903.8,364551.5,370175.5,370905.7
REC_000331,VIL_004,31-05-2025,5040,33.2,0,33,370905.7,365896,370008.2,365545.9
REC_000332,VIL_004,01-06-2025,5040,26,0,79.6,365545.9,366556.7,369630,346641.3
REC_000333,VIL_004,02-06-2025,5040,27.2,31,83.3,346641.3,363482.6,368984.9,316955.5
REC_000334,VIL_004,03-06-2025,5040,27.4,0,76.5,316955.5,354530.5,366762.5,361394.6
REC_000335,VIL_004,04-06-2025,5040,27.5,15,90.8,361394.6,353658.5,366656.2,311238.9
REC_000336,VIL_004,05-06-2025,5040,25.1,0,74.4,311238.9,344940.8,364878.4,355539.6
REC_000337,VIL_004,06-06-2025,5040,25.5,0,88.5,355539.6,346888.8,364638.9,347654.4
REC_000338,VIL_004,07-06-2025,5040,25,0,73,347654.4,343567.2,364306.1,359167.4
REC_000339,VIL_004,08-06-2025,5040,25.6,0,75.8,359167.4,342656,364316.8,355596.8
REC_000340,VIL_004,09-06-2025,5040,26.4,5.6,75.3,355596.8,343935.3,363593,310529.4
REC_000341,VIL_004,10-06-2025,5040,26.4,0,83.2,310529.4,343017.3,361604.6,343488.4
REC_000342,VIL_004,11-06-2025,5040,26.3,20,84,343488.4,340459.3,360397.6,318212
REC_000343,VIL_004,12-06-2025,5040,26.6,72,82.7,318212,341455.4,358558.3,312614.6
REC_000344,VIL_004,13-06-2025,5040,25.8,9.7,77.2,312614.6,335323.3,356774,304739.5
REC_000345,VIL_004,14-06-2025,5040,26.7,0,73.3,304739.5,329192.6,354409,355052
REC_000346,VIL_004,15-06-2025,5040,26.7,4.3,70.3,355052,328604.7,353926.1,356556.5
REC_000347,VIL_004,16-06-2025,5040,25.5,0,93,356556.5,328741.8,353188.9,353345.5
REC_000348,VIL_004,17-06-2025,5040,26.4,9.3,91.5,353345.5,334858.4,352258.2,314526.8
REC_000349,VIL_004,18-06-2025,5040,25.2,17.5,93.8,314526.8,330721,349893.3,311981.3
REC_000350,VIL_004,19-06-2025,5040,26.5,0,75.4,311981.3,329830.9,348101.9,362278.4
REC_000351,VIL_004,20-06-2025,5040,27.4,4.1,76.1,362278.4,336925.7,347671.3,343352.7
REC_000352,VIL_004,21-06-2025,5040,26.5,0,82.4,343352.7,342441.9,346963.3,344465
REC_000353,VIL_004,22-06-2025,5040,24.8,38.6,71.2,344465,340929.5,345788.1,304385.2
REC_000354,VIL_004,23-06-2025,5040,25.2,0,79.7,304385.2,333476.4,343884.5,356825.5
REC_000355,VIL_004,24-06-2025,5040,26.5,0,73.1,356825.5,333973.6,343747.9,355882
REC_000356,VIL_004,25-06-2025,5040,26.6,1,73.4,355882,339881.4,343338.7,361099.1
REC_000357,VIL_004,26-06-2025,5040,25.6,28.8,84.8,361099.1,346898.3,342721.3,314802
REC_000358,VIL_004,27-06-2025,5040,26.6,0,89.4,314802,340115.9,340964.7,352976.9
REC_000359,VIL_004,28-06-2025,5040,25.2,0.4,79.4,352976.9,341490.8,340321.9,363211.1
REC_000360,VIL_004,29-06-2025,5040,26.6,0,87.6,363211.1,344168.8,341032.1,347849
REC_000361,VIL_005,01-04-2025,2228,33.6,0,37.8,159629,155352.8,156510.2,167314.4
REC_000362,VIL_005,02-04-2025,2228,34.4,0,40.8,167314.4,157631.6,156715.4,163953.3
REC_000363,VIL_005,03-04-2025,2228,34.2,0,26.2,163953.3,159465.3,157019.9,169639.4
REC_000364,VIL_005,04-04-2025,2228,33.5,0,38.6,169639.4,162253.6,157398.6,160575.7
REC_000365,VIL_005,05-04-2025,2228,34.7,0,27.6,160575.7,163334.1,157434.3,165315.8
REC_000366,VIL_005,06-04-2025,2228,33.8,0,25.4,165315.8,163810.8,157676.6,165707.7
REC_000367,VIL_005,07-04-2025,2228,34.7,0,37.8,165707.7,164590.8,158188.4,162977.4
REC_000368,VIL_005,08-04-2025,2228,34.6,0,25.8,162977.4,165069.1,158452,169023.3
REC_000369,VIL_005,09-04-2025,2228,32.8,0,39.3,169023.3,165313.2,158855.5,161410.9
REC_000370,VIL_005,10-04-2025,2228,33.8,0,40.6,161410.9,164950,158855.7,167662.8
REC_000371,VIL_005,11-04-2025,2228,34.8,0.2,36.9,167662.8,164667.7,159275.1,167117.9
REC_000372,VIL_005,12-04-2025,2228,33.7,0,23.4,167117.9,165602.3,159429.4,161463.8
REC_000373,VIL_005,13-04-2025,2228,34.8,0,28.4,161463.8,165052,159643.8,169544.1
REC_000374,VIL_005,14-04-2025,2228,33.6,0,25.3,169544.1,165600,160071.3,161937.3
REC_000375,VIL_005,15-04-2025,2228,33.8,0,37,161937.3,165451.4,160116.5,164758.8
REC_000376,VIL_005,16-04-2025,2228,34.8,0,28.8,164758.8,164842.2,160366.6,162931.1
REC_000377,VIL_005,17-04-2025,2228,34.4,0,39.6,162931.1,165059.4,160359.7,167429.1
REC_000378,VIL_005,18-04-2025,2228,34.4,0,38.7,167429.1,165026,160658.7,167907.8
REC_000379,VIL_005,19-04-2025,2228,34,0,35.3,167907.8,165138.9,161045.1,164114.2
REC_000380,VIL_005,20-04-2025,2228,33.5,0,31.7,164114.2,165517.5,161564.6,168623.5
REC_000381,VIL_005,21-04-2025,2228,33.7,0,36.7,168623.5,165386,162031.6,168311.4
REC_000382,VIL_005,22-04-2025,2228,35,0,36.8,168311.4,166296.6,162547.6,169748.8
REC_000383,VIL_005,23-04-2025,2228,33.4,0,29.5,169748.8,167009.4,162878.3,166015.2
REC_000384,VIL_005,24-04-2025,2228,32.4,0,30,166015.2,167450,163365.1,159174.2
REC_000385,VIL_005,25-04-2025,2228,34.2,0,25.1,159174.2,166270.7,163625.5,167345.3
REC_000386,VIL_005,26-04-2025,2228,33.6,0,38.6,167345.3,166190.4,164166.4,161405.3
REC_000387,VIL_005,27-04-2025,2228,32.4,0,30.4,161405.3,165803.4,164542.6,158123.4
REC_000388,VIL_005,28-04-2025,2228,34.5,0,35.3,158123.4,164303.4,164712.9,171476.6
REC_000389,VIL_005,29-04-2025,2228,33.6,0,32.9,171476.6,164755.5,165029.5,165588.8
REC_000390,VIL_005,30-04-2025,2228,33.4,0,27.6,165588.8,164161.3,165207.5,163235.2
REC_000391,VIL_005,01-05-2025,2228,34,0,34.9,163235.2,163764.1,165327.8,163216.4
REC_000392,VIL_005,02-05-2025,2228,33.4,0,36.7,163216.4,164341.6,165191.1,164936
REC_000393,VIL_005,03-05-2025,2228,34.1,0,41.6,164936,163997.4,165223.9,161077.6
REC_000394,VIL_005,04-05-2025,2228,34.2,0,41.8,161077.6,163950.6,164938.5,161753.7
REC_000395,VIL_005,05-05-2025,2228,34.2,0,25.8,161753.7,164469.2,164977.8,161138.7
REC_000396,VIL_005,06-05-2025,2228,33,0,35.1,161138.7,162992.3,164838.5,162970.1
REC_000397,VIL_005,07-05-2025,2228,34.4,0,23.2,162970.1,162618.2,164747.3,167256.9
REC_000398,VIL_005,08-05-2025,2228,33.1,0,22.5,167256.9,163192.8,164889.9,158927.6
REC_000399,VIL_005,09-05-2025,2228,34.1,0,26.4,158927.6,162580.1,164553.4,167749
REC_000400,VIL_005,10-05-2025,2228,35.2,0,28.8,167749,162981.9,164764.7,165405.2
REC_000401,VIL_005,11-05-2025,2228,33.2,0,32.5,165405.2,163600.2,164689.4,165262.3
REC_000402,VIL_005,12-05-2025,2228,32.6,0,30.9,165262.3,164101.4,164627.6,166727.7
REC_000403,VIL_005,13-05-2025,2228,33.2,0,22.1,166727.7,164899.8,164803,165320.2
REC_000404,VIL_005,14-05-2025,2228,34.1,0,23,165320.2,165235.6,164662.2,169357.8
REC_000405,VIL_005,15-05-2025,2228,34.6,0,33.5,169357.8,165535.7,164909.6,171204.7
REC_000406,VIL_005,16-05-2025,2228,33.9,0,41.1,171204.7,167289.6,165124.5,164952.4
REC_000407,VIL_005,17-05-2025,2228,33,0,40,164952.4,166890,165191.8,164956.7
REC_000408,VIL_005,18-05-2025,2228,32.6,0,36.8,164956.7,166826,165109.4,165464.5
REC_000409,VIL_005,19-05-2025,2228,33.2,0,23.3,165464.5,166854.9,165028,162039.9
REC_000410,VIL_005,20-05-2025,2228,33.8,0,22.2,162039.9,166185.2,164958.8,162489.7
REC_000411,VIL_005,21-05-2025,2228,33.7,2,37.8,162489.7,165780.8,164754.4,169026.8
REC_000412,VIL_005,22-05-2025,2228,35,0,24,169026.8,165733.5,164778.2,169933.5
REC_000413,VIL_005,23-05-2025,2228,33.6,0,32.9,169933.5,165551.9,164784.4,161617.1
REC_000414,VIL_005,24-05-2025,2228,34,0,25.5,161617.1,165075.5,164637.8,164812.6
REC_000415,VIL_005,25-05-2025,2228,34.8,0,28.5,164812.6,165054.9,164825.7,170162.9
REC_000416,VIL_005,26-05-2025,2228,33,0,33,170162.9,165726.1,164919.6,163438.4
REC_000417,VIL_005,27-05-2025,2228,34,0,34.1,163438.4,165925.9,164987.4,166805
REC_000418,VIL_005,28-05-2025,2228,32.1,0,28,166805,166542.3,165276.8,163322.2
REC_000419,VIL_005,29-05-2025,2228,34.6,0,36.7,163322.2,165727.4,165005,167941.7
REC_000420,VIL_005,30-05-2025,2228,33.4,0,38.2,167941.7,165442.8,165083.4,164308.1
REC_000421,VIL_005,31-05-2025,2228,34.3,0.4,39.4,164308.1,165827.3,165119.2,168505.9
REC_000422,VIL_005,01-06-2025,2228,25.4,15.8,90.2,168505.9,166354.9,165295.5,139118.7
REC_000423,VIL_005,02-06-2025,2228,26.4,6.5,77,139118.7,161920,164434.9,138314.3
REC_000424,VIL_005,03-06-2025,2228,25.2,0,87.2,138314.3,158330.8,163676.1,154648
REC_000425,VIL_005,04-06-2025,2228,27.9,8.5,92.5,154648,156594.1,163439.3,136469.2
REC_000426,VIL_005,05-06-2025,2228,26,0,76.5,136469.2,152758,162617,160362.2
REC_000427,VIL_005,06-06-2025,2228,26.7,9.7,87.3,160362.2,151675.2,162530,134052.9
REC_000428,VIL_005,07-06-2025,2228,26.8,0,81.2,134052.9,147353,161423.2,153793.8
REC_000429,VIL_005,08-06-2025,2228,27.4,0,70.8,153793.8,145251.3,161252.1,155888.9
REC_000430,VIL_005,09-06-2025,2228,27.2,8.7,78.8,155888.9,147647,160856.8,140017.7
REC_000431,VIL_005,10-06-2025,2228,26.8,0,84.5,140017.7,147890.4,160010.5,152812.8
REC_000432,VIL_005,11-06-2025,2228,26,0,85.5,152812.8,147628.2,159595.5,153872.8
REC_000433,VIL_005,12-06-2025,2228,26,0,92.7,153872.8,150114.4,159167,151896.9
REC_000434,VIL_005,13-06-2025,2228,26.8,0,84.9,151896.9,148905.1,158719.6,157887.5
REC_000435,VIL_005,14-06-2025,2228,26.4,0,72.6,157887.5,152310.1,158337.3,153510.3
REC_000436,VIL_005,15-06-2025,2228,27.4,21.6,79.5,153510.3,152269.6,157747.4,136328.1
REC_000437,VIL_005,16-06-2025,2228,27.3,0,88.8,136328.1,149475.2,156793.3,155433.2
REC_000438,VIL_005,17-06-2025,2228,26.8,0,92.9,155433.2,151677.4,156475.9,159621.8
REC_000439,VIL_005,18-06-2025,2228,26.4,0,91.7,159621.8,152650.1,156281.1,155130.3
REC_000440,VIL_005,19-06-2025,2228,27,7.1,90.2,155130.3,152829.7,156050.8,134323.3
REC_000441,VIL_005,20-06-2025,2228,26,0,78.7,134323.3,150319.2,155111.9,156187.5
REC_000442,VIL_005,21-06-2025,2228,25.2,0,79.4,156187.5,150076.4,154683.9,160292.2
REC_000443,VIL_005,22-06-2025,2228,26.4,0,80,160292.2,151045.2,154362.5,156967.7
REC_000444,VIL_005,23-06-2025,2228,27,8.6,79.9,156967.7,153993.7,154207.6,141225.3
REC_000445,VIL_005,24-06-2025,2228,27.3,64.6,80.8,141225.3,151964,153421.3,140053.7
REC_000446,VIL_005,25-06-2025,2228,26.3,26,86.1,140053.7,149168.6,152417.7,133423.6
REC_000447,VIL_005,26-06-2025,2228,25.8,22,82.8,133423.6,146067.6,151417.2,138549.2
REC_000448,VIL_005,27-06-2025,2228,26.4,0,82,138549.2,146671.3,150475.3,153964.6
REC_000449,VIL_005,28-06-2025,2228,26.9,37.9,84.5,153964.6,146353.8,150163.4,137735.7
REC_000450,VIL_005,29-06-2025,2228,27.4,0,93.8,137735.7,143131.4,149156.5,153895.2
REC_000451,VIL_006,01-04-2025,1702,33.6,0,37.8,113913.9,118316.8,119475.6,127190.2
REC_000452,VIL_006,02-04-2025,1702,34.4,0,40.8,127190.2,120121.2,119804,127943.7
REC_000453,VIL_006,03-04-2025,1702,34.2,0,26.2,127943.7,121674.9,119929.4,130221.4
REC_000454,VIL_006,04-04-2025,1702,33.5,0,38.6,130221.4,123733.7,120415.2,125838.4
REC_000455,VIL_006,05-04-2025,1702,34.7,0,27.6,125838.4,123966.8,120489.9,126287.4
REC_000456,VIL_006,06-04-2025,1702,33.8,0,25.4,126287.4,124361.6,120914.7,126074.7
REC_000457,VIL_006,07-04-2025,1702,34.7,0,37.8,126074.7,125352.8,121308.3,131206.9
REC_000458,VIL_006,08-04-2025,1702,34.6,0,25.8,131206.9,127823.2,121569.7,128861.2
REC_000459,VIL_006,09-04-2025,1702,32.8,0,39.3,128861.2,128062,121841.9,125424.9
REC_000460,VIL_006,10-04-2025,1702,33.8,0,40.6,125424.9,127702.1,121953.2,123971.6
REC_000461,VIL_006,11-04-2025,1702,34.8,0.2,36.9,123971.6,126809.3,122229.6,129584.8
REC_000462,VIL_006,12-04-2025,1702,33.7,0,23.4,129584.8,127344.5,122563.1,127640.6
REC_000463,VIL_006,13-04-2025,1702,34.8,0,28.4,127640.6,127537.8,122752.2,126317.9
REC_000464,VIL_006,14-04-2025,1702,33.6,0,25.3,126317.9,127572.6,122940.9,125450.9
REC_000465,VIL_006,15-04-2025,1702,33.8,0,37,125450.9,126750.3,123162.5,124379
REC_000466,VIL_006,16-04-2025,1702,34.8,0,28.8,124379,126110,123154.6,125869
REC_000467,VIL_006,17-04-2025,1702,34.4,0,39.6,125869,126173.4,123308.9,123390.5
REC_000468,VIL_006,18-04-2025,1702,34.4,0,38.7,123390.5,126090.4,123288.6,125366.5
REC_000469,VIL_006,19-04-2025,1702,34,0,35.3,125366.5,125487.8,123404.9,126697.3
REC_000470,VIL_006,20-04-2025,1702,33.5,0,31.7,126697.3,125353,123563.3,121645.1
REC_000471,VIL_006,21-04-2025,1702,33.7,0,36.7,121645.1,124685.5,123813.6,124116.6
REC_000472,VIL_006,22-04-2025,1702,35,0,36.8,124116.6,124494.9,124035.3,131006.5
REC_000473,VIL_006,23-04-2025,1702,33.4,0,29.5,131006.5,125441.6,124288.6,125919.7
REC_000474,VIL_006,24-04-2025,1702,32.4,0,30,125919.7,125448.9,124620.7,124227.8
REC_000475,VIL_006,25-04-2025,1702,34.2,0,25.1,124227.8,125568.5,124943,125911.5
REC_000476,VIL_006,26-04-2025,1702,33.6,0,38.6,125911.5,125646.4,125237.8,126903.2
REC_000477,VIL_006,27-04-2025,1702,32.4,0,30.4,126903.2,125675.8,125607.6,121132.8
REC_000478,VIL_006,28-04-2025,1702,34.5,0,35.3,121132.8,125602.6,125505.1,129614.3
REC_000479,VIL_006,29-04-2025,1702,33.6,0,32.9,129614.3,126388,125708.1,122685.5
REC_000480,VIL_006,30-04-2025,1702,33.4,0,27.6,122685.5,125199.3,125826.5,126388.2
REC_000481,VIL_006,01-05-2025,1702,34,0,34.9,126388.2,125266.2,126242.3,125084.7
REC_000482,VIL_006,02-05-2025,1702,33.4,0,36.7,125084.7,125388.6,126172.1,127075.7
REC_000483,VIL_006,03-05-2025,1702,34.1,0,41.6,127075.7,125554.9,126143.2,126844.7
REC_000484,VIL_006,04-05-2025,1702,34.2,0,41.8,126844.7,125546.6,126030.6,126283.8
REC_000485,VIL_006,05-05-2025,1702,34.2,0,25.8,126283.8,126282.4,126045.4,124133.8
REC_000486,VIL_006,06-05-2025,1702,33,0,35.1,124133.8,125499.5,125973.7,125523.4
REC_000487,VIL_006,07-05-2025,1702,34.4,0,23.2,125523.4,125904.9,125955.3,130621.1
REC_000488,VIL_006,08-05-2025,1702,33.1,0,22.5,130621.1,126509.6,125935.8,127115.8
REC_000489,VIL_006,09-05-2025,1702,34.1,0,26.4,127115.8,126799.8,125877.6,123128.4
REC_000490,VIL_006,10-05-2025,1702,35.2,0,28.8,123128.4,126235.9,125801,127479.1
REC_000491,VIL_006,11-05-2025,1702,33.2,0,32.5,127479.1,126326.5,125917.9,128047
REC_000492,VIL_006,12-05-2025,1702,32.6,0,30.9,128047,126578.4,125866.7,123809.1
REC_000493,VIL_006,13-05-2025,1702,33.2,0,22.1,123809.1,126532,125739,126073.2
REC_000494,VIL_006,14-05-2025,1702,34.1,0,23,126073.2,126610.5,125730.8,129597.9
REC_000495,VIL_006,15-05-2025,1702,34.6,0,33.5,129597.9,126464.4,125869,130217.1
REC_000496,VIL_006,16-05-2025,1702,33.9,0,41.1,130217.1,126907.4,126063.6,126123.5
REC_000497,VIL_006,17-05-2025,1702,33,0,40,126123.5,127335.3,126072.1,124035.5
REC_000498,VIL_006,18-05-2025,1702,32.6,0,36.8,124035.5,126843.3,126093.6,122595.8
REC_000499,VIL_006,19-05-2025,1702,33.2,0,23.3,122595.8,126064.6,126001.3,126499.5
REC_000500,VIL_006,20-05-2025,1702,33.8,0,22.2,126499.5,126448.9,125994.7,124321.5
REC_000501,VIL_006,21-05-2025,1702,33.7,2,37.8,124321.5,126198.7,126083.9,123865.1
REC_000502,VIL_006,22-05-2025,1702,35,0,24,123865.1,125379.7,126075.5,126970.8
REC_000503,VIL_006,23-05-2025,1702,33.6,0,32.9,126970.8,124916,125941,123141.6
REC_000504,VIL_006,24-05-2025,1702,34,0,25.5,123141.6,124490,125848.4,127766.9
REC_000505,VIL_006,25-05-2025,1702,34.8,0,28.5,127766.9,125023,125966.3,128608.8
REC_000506,VIL_006,26-05-2025,1702,33,0,33,128608.8,125882,126056.3,124373.4
REC_000507,VIL_006,27-05-2025,1702,34,0,34.1,124373.4,125578.3,125971.9,125457.4
REC_000508,VIL_006,28-05-2025,1702,32.1,0,28,125457.4,125740.6,126116.1,125909.2
REC_000509,VIL_006,29-05-2025,1702,34.6,0,36.7,125909.2,126032.6,125992.6,123762.4
REC_000510,VIL_006,30-05-2025,1702,33.4,0,38.2,123762.4,125574.2,126028.5,127237.9
REC_000511,VIL_006,31-05-2025,1702,34.3,0.4,39.4,127237.9,126159.4,126056.8,129882.8
REC_000512,VIL_006,01-06-2025,1702,25.4,15.8,90.2,129882.8,126461.7,126216.7,104505.7
REC_000513,VIL_006,02-06-2025,1702,26.4,6.5,77,104505.7,123018.4,125464.4,105162.1
REC_000514,VIL_006,03-06-2025,1702,25.2,0,87.2,105162.1,120273.9,124741.7,122317.2
REC_000515,VIL_006,04-06-2025,1702,27.9,8.5,92.5,122317.2,119825.3,124609.4,103033.3
REC_000516,VIL_006,05-06-2025,1702,26,0,76.5,103033.3,116557.3,123906.1,119283.9
REC_000517,VIL_006,06-06-2025,1702,26.7,9.7,87.3,119283.9,115917.6,123698.1,104684.2
REC_000518,VIL_006,07-06-2025,1702,26.8,0,81.2,104684.2,112695.6,122833.5,117412.9
REC_000519,VIL_006,08-06-2025,1702,27.4,0,70.8,117412.9,110914.2,122510.1,121417.4
REC_000520,VIL_006,09-06-2025,1702,27.2,8.7,78.8,121417.4,113330.1,122453.1,107356.9
REC_000521,VIL_006,10-06-2025,1702,26.8,0,84.5,107356.9,113643.7,121782.3,121155.4
REC_000522,VIL_006,11-06-2025,1702,26,0,85.5,121155.4,113477.7,121552.6,116962.3
REC_000523,VIL_006,12-06-2025,1702,26,0,92.7,116962.3,115467.6,121324.4,116185.9
REC_000524,VIL_006,13-06-2025,1702,26.8,0,84.9,116185.9,115025,120994.8,119893.8
REC_000525,VIL_006,14-06-2025,1702,26.4,0,72.6,119893.8,117197.8,120671.3,115973.9
REC_000526,VIL_006,15-06-2025,1702,27.4,21.6,79.5,115973.9,116992.2,120196.6,105930.4
REC_000527,VIL_006,16-06-2025,1702,27.3,0,88.8,105930.4,114779.8,119523.5,119357.5
REC_000528,VIL_006,17-06-2025,1702,26.8,0,92.9,119357.5,116494.2,119367.5,120303.7
REC_000529,VIL_006,18-06-2025,1702,26.4,0,91.7,120303.7,116372.5,119291.1,119784.6
REC_000530,VIL_006,19-06-2025,1702,27,7.1,90.2,119784.6,116775.7,119067.3,104357
REC_000531,VIL_006,20-06-2025,1702,26,0,78.7,104357,115085.8,118401.8,117001.8
REC_000532,VIL_006,21-06-2025,1702,25.2,0,79.4,117001.8,114672.7,118173,117751.1
REC_000533,VIL_006,22-06-2025,1702,26.4,0,80,117751.1,114926.6,117865.7,119315.1
REC_000534,VIL_006,23-06-2025,1702,27,8.6,79.9,119315.1,116838.7,117738.2,105798.5
REC_000535,VIL_006,24-06-2025,1702,27.3,64.6,80.8,105798.5,114901.7,117005.9,106601.3
REC_000536,VIL_006,25-06-2025,1702,26.3,26,86.1,106601.3,112944.2,116272.3,106523.9
REC_000537,VIL_006,26-06-2025,1702,25.8,22,82.8,106523.9,111049.8,115677.3,107816.7
REC_000538,VIL_006,27-06-2025,1702,26.4,0,82,107816.7,111544.1,115089.3,117609.1
REC_000539,VIL_006,28-06-2025,1702,26.9,37.9,84.5,117609.1,111630.8,114812.6,102145.2
REC_000540,VIL_006,29-06-2025,1702,27.4,0,93.8,102145.2,109401.4,114092.1,118036.7
REC_000541,VIL_007,01-04-2025,8110,33.6,0,37.8,543037.9,560383,566398.8,606592.1
REC_000542,VIL_007,02-04-2025,8110,34.4,0,40.8,606592.1,566441.6,567234.8,607336.5
REC_000543,VIL_007,03-04-2025,8110,34.2,0,26.2,607336.5,572844.1,568673.1,598359.8
REC_000544,VIL_007,04-04-2025,8110,33.5,0,38.6,598359.8,577800.5,569093.8,608559
REC_000545,VIL_007,05-04-2025,8110,34.7,0,27.6,608559,582943.6,570362.4,603641.1
REC_000546,VIL_007,06-04-2025,8110,33.8,0,25.4,603641.1,587906.3,570747.1,610714.7
REC_000547,VIL_007,07-04-2025,8110,34.7,0,37.8,610714.7,596891.6,571333.4,600640.1
REC_000548,VIL_007,08-04-2025,8110,34.6,0,25.8,600640.1,605120.5,573246.5,591317.6
REC_000549,VIL_007,09-04-2025,8110,32.8,0,39.3,591317.6,602938.4,574116.2,606898.9
REC_000550,VIL_007,10-04-2025,8110,33.8,0,40.6,606898.9,602875.9,575215.3,596262.4
REC_000551,VIL_007,11-04-2025,8110,34.8,0.2,36.9,596262.4,602576.3,576629.3,619261.9
REC_000552,VIL_007,12-04-2025,8110,33.7,0,23.4,619261.9,604105.2,578523.9,591267
REC_000553,VIL_007,13-04-2025,8110,34.8,0,28.4,591267,602337.5,578973.2,613918.8
REC_000554,VIL_007,14-04-2025,8110,33.6,0,25.3,613918.8,602795.2,581030.9,611758.2
REC_000555,VIL_007,15-04-2025,8110,33.8,0,37,611758.2,604383.5,582306.6,583556.5
REC_000556,VIL_007,16-04-2025,8110,34.8,0,28.8,583556.5,603274.8,582461.5,620647.4
REC_000557,VIL_007,17-04-2025,8110,34.4,0,39.6,620647.4,605238.9,585001.3,607758.3
REC_000558,VIL_007,18-04-2025,8110,34.4,0,38.7,607758.3,606881.2,586341.3,609070.5
REC_000559,VIL_007,19-04-2025,8110,34,0,35.3,609070.5,605425.2,588168.6,602598.1
REC_000560,VIL_007,20-04-2025,8110,33.5,0,31.7,602598.1,607044,588907.3,610929.3
REC_000561,VIL_007,21-04-2025,8110,33.7,0,36.7,610929.3,606616.9,590935.7,582792.7
REC_000562,VIL_007,22-04-2025,8110,35,0,36.8,582792.7,602479,590696.6,601527.2
REC_000563,VIL_007,23-04-2025,8110,33.4,0,29.5,601527.2,605046.2,591954.8,610104.7
REC_000564,VIL_007,24-04-2025,8110,32.4,0,30,610104.7,603540.1,593939.8,597042
REC_000565,VIL_007,25-04-2025,8110,34.2,0,25.1,597042,602009.2,595035.1,586000
REC_000566,VIL_007,26-04-2025,8110,33.6,0,38.6,586000,598713.4,595817.8,598966.3
REC_000567,VIL_007,27-04-2025,8110,32.4,0,30.4,598966.3,598194.6,596994.5,589180.8
REC_000568,VIL_007,28-04-2025,8110,34.5,0,35.3,589180.8,595087.7,597548.7,602415.7
REC_000569,VIL_007,29-04-2025,8110,33.6,0,32.9,602415.7,597891,598665.8,591081.9
REC_000570,VIL_007,30-04-2025,8110,33.4,0,27.6,591081.9,596398.8,600107.9,603158.3
REC_000571,VIL_007,01-05-2025,8110,34,0,34.9,603158.3,595406.4,602111.9,591211.6
REC_000572,VIL_007,02-05-2025,8110,33.4,0,36.7,591211.6,594573.5,601599.2,607354.8
REC_000573,VIL_007,03-05-2025,8110,34.1,0,41.6,607354.8,597624.2,601599.9,613570.4
REC_000574,VIL_007,04-05-2025,8110,34.2,0,41.8,613570.4,599710.5,602106.9,600396.9
REC_000575,VIL_007,05-05-2025,8110,34.2,0,25.8,600396.9,601312.8,601834.8,595627.8
REC_000576,VIL_007,06-05-2025,8110,33,0,35.1,595627.8,600343.1,601567.7,585553.7
REC_000577,VIL_007,07-05-2025,8110,34.4,0,23.2,585553.7,599553.4,600729,604525.2
REC_000578,VIL_007,08-05-2025,8110,33.1,0,22.5,604525.2,599748.6,600858.5,601925.1
REC_000579,VIL_007,09-05-2025,8110,34.1,0,26.4,601925.1,601279.1,601212.1,597510.7
REC_000580,VIL_007,10-05-2025,8110,35.2,0,28.8,597510.7,599872.8,600899.1,616021.3
REC_000581,VIL_007,11-05-2025,8110,33.2,0,32.5,616021.3,600223,601557.8,590754.7
REC_000582,VIL_007,12-05-2025,8110,32.6,0,30.9,590754.7,598845.5,600607.5,582922.3
REC_000583,VIL_007,13-05-2025,8110,33.2,0,22.1,582922.3,597030.4,600329.4,577988.5
REC_000584,VIL_007,14-05-2025,8110,34.1,0,23,577988.5,595949.7,599131.7,584676.7
REC_000585,VIL_007,15-05-2025,8110,34.6,0,33.5,584676.7,593114.2,598229,596938.3
REC_000586,VIL_007,16-05-2025,8110,33.9,0,41.1,596938.3,592401.8,598675,597536
REC_000587,VIL_007,17-05-2025,8110,33,0,40,597536,592405.4,597904.7,605749.6
REC_000588,VIL_007,18-05-2025,8110,32.6,0,36.8,605749.6,590938,597837.7,600403.8
REC_000589,VIL_007,19-05-2025,8110,33.2,0,23.3,600403.8,592316.5,597548.8,586638.1
REC_000590,VIL_007,20-05-2025,8110,33.8,0,22.2,586638.1,592847.3,597016.8,590861.5
REC_000591,VIL_007,21-05-2025,8110,33.7,2,37.8,590861.5,594686.3,596347.9,589403.9
REC_000592,VIL_007,22-05-2025,8110,35,0,24,589403.9,595361.6,596568.3,604390.9
REC_000593,VIL_007,23-05-2025,8110,33.6,0,32.9,604390.9,596426.3,596663.7,598291.1
REC_000594,VIL_007,24-05-2025,8110,34,0,25.5,598291.1,596534.1,596269.9,599547.6
REC_000595,VIL_007,25-05-2025,8110,34.8,0,28.5,599547.6,595648.1,596353.5,598287.3
REC_000596,VIL_007,26-05-2025,8110,33,0,33,598287.3,595345.8,596763,580092.5
REC_000597,VIL_007,27-05-2025,8110,34,0,34.1,580092.5,594410.7,596133.9,584163.3
REC_000598,VIL_007,28-05-2025,8110,32.1,0,28,584163.3,593453.8,595966.7,573424.6
REC_000599,VIL_007,29-05-2025,8110,34.6,0,36.7,573424.6,591171,595000.3,614348.8
REC_000600,VIL_007,30-05-2025,8110,33.4,0,38.2,614348.8,592593.6,595775.8,587475.2
REC_000601,VIL_007,31-05-2025,8110,34.3,0.4,39.4,587475.2,591048.5,595253.1,603178.2
REC_000602,VIL_007,01-06-2025,8110,25.4,15.8,90.2,603178.2,591567.1,595652,502312.7
REC_000603,VIL_007,02-06-2025,8110,26.4,6.5,77,502312.7,577856.5,592150.6,511171.4
REC_000604,VIL_007,03-06-2025,8110,25.2,0,87.2,511171.4,568010.6,588737.3,580945.2
REC_000605,VIL_007,04-06-2025,8110,27.9,8.5,92.5,580945.2,567550.9,588088.9,506941.8
REC_000606,VIL_007,05-06-2025,8110,26,0,76.5,506941.8,558053.3,585132.7,551866.5
REC_000607,VIL_007,06-06-2025,8110,26.7,9.7,87.3,551866.5,549127.3,584009.8,501826.2
REC_000608,VIL_007,07-06-2025,8110,26.8,0,81.2,501826.2,536891.7,580586.5,577461.6
REC_000609,VIL_007,08-06-2025,8110,27.4,0,70.8,577461.6,533217.9,579771,551257.9
REC_000610,VIL_007,09-06-2025,8110,27.2,8.7,78.8,551257.9,540210.1,578229.2,501065.3
REC_000611,VIL_007,10-06-2025,8110,26.8,0,84.5,501065.3,538766.4,574397.4,579886.2
REC_000612,VIL_007,11-06-2025,8110,26,0,85.5,579886.2,538615.1,574035.1,566817.9
REC_000613,VIL_007,12-06-2025,8110,26,0,92.7,566817.9,547168.8,573498.3,550808.9
REC_000614,VIL_007,13-06-2025,8110,26.8,0,84.9,550808.9,547017.7,572592.3,551044.1
REC_000615,VIL_007,14-06-2025,8110,26.4,0,72.6,551044.1,554048.8,571471.2,564860.5
REC_000616,VIL_007,15-06-2025,8110,27.4,21.6,79.5,564860.5,552248.7,570402,489235
REC_000617,VIL_007,16-06-2025,8110,27.3,0,88.8,489235,543388.3,566791.9,573301.5
REC_000618,VIL_007,17-06-2025,8110,26.8,0,92.9,573301.5,553707.7,565710.3,574812.1
REC_000619,VIL_007,18-06-2025,8110,26.4,0,91.7,574812.1,552982.9,564857.3,556727.9
REC_000620,VIL_007,19-06-2025,8110,27,7.1,90.2,556727.9,551541.4,563860.3,511222.1
REC_000621,VIL_007,20-06-2025,8110,26,0,78.7,511222.1,545886.2,561205.6,565721.3
REC_000622,VIL_007,21-06-2025,8110,25.2,0,79.4,565721.3,547982.9,560416.2,555534.6
REC_000623,VIL_007,22-06-2025,8110,26.4,0,80,555534.6,546650.6,558787.6,576700.9
REC_000624,VIL_007,23-06-2025,8110,27,8.6,79.9,576700.9,559145.8,558068,508267.9
REC_000625,VIL_007,24-06-2025,8110,27.3,64.6,80.8,508267.9,549855.3,555025.3,503751.3
REC_000626,VIL_007,25-06-2025,8110,26.3,26,86.1,503751.3,539703.7,551874.1,510171
REC_000627,VIL_007,26-06-2025,8110,25.8,22,82.8,510171,533052.7,549543.4,506691.2
REC_000628,VIL_007,27-06-2025,8110,26.4,0,82,506691.2,532405.5,546961,580718.7
REC_000629,VIL_007,28-06-2025,8110,26.9,37.9,84.5,580718.7,534547.9,547204.1,497594.3
REC_000630,VIL_007,29-06-2025,8110,27.4,0,93.8,497594.3,526270.8,543312.3,576133.7
REC_000631,VIL_008,01-04-2025,5693,33.4,0,29.7,391046.4,394248.1,397399.9,421049.1
REC_000632,VIL_008,02-04-2025,5693,33.4,0,23.3,421049.1,395722,397487.3,409744.1
REC_000633,VIL_008,03-04-2025,5693,32.8,0,33.3,409744.1,399889.5,397563,413406.8
REC_000634,VIL_008,04-04-2025,5693,32,0,26.5,413406.8,401429,398572.1,411753.9
REC_000635,VIL_008,05-04-2025,5693,34.6,0,24.4,411753.9,401574.5,398989.2,428534.7
REC_000636,VIL_008,06-04-2025,5693,31.3,0,29.3,428534.7,407816.9,399874,400781.8
REC_000637,VIL_008,07-04-2025,5693,33.4,0,35.8,400781.8,410902.4,400382.5,416321.8
REC_000638,VIL_008,08-04-2025,5693,33.2,0,31.6,416321.8,414513.2,400361.3,424613.2
REC_000639,VIL_008,09-04-2025,5693,33.2,0,26,424613.2,415022.3,401662.4,428694.6
REC_000640,VIL_008,10-04-2025,5693,33.9,0,39.2,428694.6,417729.5,403096.9,430981.8
REC_000641,VIL_008,11-04-2025,5693,34.2,0,29.7,430981.8,420240.3,403627.8,425250
REC_000642,VIL_008,12-04-2025,5693,33.2,2.8,29.8,425250,422168.3,404565.3,415390.6
REC_000643,VIL_008,13-04-2025,5693,32.2,0,37.6,415390.6,420290.5,405708.3,407534.9
REC_000644,VIL_008,14-04-2025,5693,32.4,0,40.4,407534.9,421255.3,405878.7,403566
REC_000645,VIL_008,15-04-2025,5693,34.4,0,22.3,403566,419433,405911.9,414783.2
REC_000646,VIL_008,16-04-2025,5693,31.8,0,37.1,414783.2,418028.7,407032.9,413895.1
REC_000647,VIL_008,17-04-2025,5693,34,0,24.1,413895.1,415914.5,406918,416332.5
REC_000648,VIL_008,18-04-2025,5693,33,0,28.2,416332.5,413821.8,407453.6,410312.8
REC_000649,VIL_008,19-04-2025,5693,34.1,0,37.1,410312.8,411687.9,407767.6,435663.1
REC_000650,VIL_008,20-04-2025,5693,31.7,0,25.6,435663.1,414583.9,408979.3,401019.8
REC_000651,VIL_008,21-04-2025,5693,32.7,0,34.7,401019.8,413653.2,408915.9,405893.7
REC_000652,VIL_008,22-04-2025,5693,32.2,0,37.3,405893.7,413985.7,409475.1,401748.5
REC_000653,VIL_008,23-04-2025,5693,32.6,0,25.3,401748.5,412123.6,409865.7,416034.5
REC_000654,VIL_008,24-04-2025,5693,33,0,36.1,416034.5,412429.3,410434.8,419637.8
REC_000655,VIL_008,25-04-2025,5693,32.3,0,22.9,419637.8,412901.5,410731.7,408924.9
REC_000656,VIL_008,26-04-2025,5693,32.3,0,28.9,408924.9,412703.2,411676.8,413134.6
REC_000657,VIL_008,27-04-2025,5693,33.4,0,24.9,413134.6,409484.8,412026.9,426081.5
REC_000658,VIL_008,28-04-2025,5693,33.6,0,26.5,426081.5,413065.1,412538.4,428046.3
REC_000659,VIL_008,29-04-2025,5693,32.8,0,37,428046.3,416229.7,413978.7,426656.2
REC_000660,VIL_008,30-04-2025,5693,33,0,35.2,426656.2,419788,415561.1,424545.3
REC_000661,VIL_008,01-05-2025,5693,33.6,0,29.9,424545.3,421003.8,416677.8,421663.7
REC_000662,VIL_008,02-05-2025,5693,34,0,33.2,421663.7,421293.2,416698.3,414301.4
REC_000663,VIL_008,03-05-2025,5693,33.2,0,39.1,414301.4,422061.3,416850.2,407609.2
REC_000664,VIL_008,04-05-2025,5693,32.6,0,22.6,407609.2,421271.9,416656.9,402984.6
REC_000665,VIL_008,05-05-2025,5693,33.2,0,38.4,402984.6,417972.4,416364.6,421811.3
REC_000666,VIL_008,06-05-2025,5693,33.1,0,38.1,421811.3,417081.7,416140.5,424736
REC_000667,VIL_008,07-05-2025,5693,31.5,0,39.3,424736,416807.4,416939,407688.8
REC_000668,VIL_008,08-05-2025,5693,34,0.7,29.8,407688.8,414399.3,416651.2,411134.7
REC_000669,VIL_008,09-05-2025,5693,32.6,0,38.5,411134.7,412895.1,416201.9,414933.1
REC_000670,VIL_008,10-05-2025,5693,31.8,3.3,27.7,414933.1,412985.4,415743.2,419970.1
REC_000671,VIL_008,11-05-2025,5693,33.4,0,27.7,419970.1,414751.2,415376.1,421287
REC_000672,VIL_008,12-05-2025,5693,33.3,0,22.5,421287,417365.9,415244,426001.1
REC_000673,VIL_008,13-05-2025,5693,33.7,0,26.7,426001.1,417964.4,415597.7,428202.4
REC_000674,VIL_008,14-05-2025,5693,34,0,31.4,428202.4,418459.6,416286.6,433373
REC_000675,VIL_008,15-05-2025,5693,33.6,0,30.8,433373,422128.8,417280.2,426839.8
REC_000676,VIL_008,16-05-2025,5693,32.8,0,40.6,426839.8,424372.4,417682.1,421418.8
REC_000677,VIL_008,17-05-2025,5693,33.2,0,38.6,421418.8,425298.9,417932.9,410975.5
REC_000678,VIL_008,18-05-2025,5693,33,0,34.9,410975.5,424013.9,417754.3,405447
REC_000679,VIL_008,19-05-2025,5693,34.6,0,35.9,405447,421751.1,417592.1,426457
REC_000680,VIL_008,20-05-2025,5693,33.8,0,32.9,426457,421816.2,417285.3,411733.2
REC_000681,VIL_008,21-05-2025,5693,31.9,0,32.2,411733.2,419463.5,417642.4,421233.9
REC_000682,VIL_008,22-05-2025,5693,32.8,0,38.8,421233.9,417729.3,418153.7,410013.4
REC_000683,VIL_008,23-05-2025,5693,34,0,28.3,410013.4,415325.5,418429.2,431366.1
REC_000684,VIL_008,24-05-2025,5693,32.8,14.1,37.5,431366.1,416746.6,418940.3,362953.9
REC_000685,VIL_008,25-05-2025,5693,33.1,0,32.9,362953.9,409886.4,417050.8,412616.6
REC_000686,VIL_008,26-05-2025,5693,33.4,0,39.1,412616.6,410910.6,417173.8,429769.6
REC_000687,VIL_008,27-05-2025,5693,33.5,14,41,429769.6,411383.8,417728.3,366073.1
REC_000688,VIL_008,28-05-2025,5693,33.2,0,31.1,366073.1,404860.9,415728.1,414889.3
REC_000689,VIL_008,29-05-2025,5693,32.4,14.2,26.4,414889.3,403954.6,415289.5,354726.9
REC_000690,VIL_008,30-05-2025,5693,34.6,0,41.9,354726.9,396056.5,412891.9,430363.9
REC_000691,VIL_008,31-05-2025,5693,33,0,36.5,430363.9,395913.3,413085.8,411166.8
REC_000692,VIL_008,01-06-2025,5693,25.5,11.7,73.5,411166.8,402800.9,412735.9,352490
REC_000693,VIL_008,02-06-2025,5693,24.5,9.7,88.2,352490,394211.4,410675.5,352611
REC_000694,VIL_008,03-06-2025,5693,25.6,0,79.6,352611,383188.7,408842.3,403751.2
REC_000695,VIL_008,04-06-2025,5693,26.6,7.5,92.6,403751.2,388571.3,408867.8,355849
REC_000696,VIL_008,05-06-2025,5693,24.3,47.9,90.3,355849,380137,406669.1,350992.9
REC_000697,VIL_008,06-06-2025,5693,26.8,12.4,79.2,350992.9,379603.5,404211,347132.6
REC_000698,VIL_008,07-06-2025,5693,26.8,0,89.1,347132.6,367713.4,402192.4,406578.7
REC_000699,VIL_008,08-06-2025,5693,24.2,0,89.8,406578.7,367057.9,402040.6,393963.8
REC_000700,VIL_008,09-06-2025,5693,26,23.2,91.1,393963.8,372982.7,401341.6,350846.8
REC_000701,VIL_008,10-06-2025,5693,25.4,24.2,75.4,350846.8,372730.7,399037.5,348611
REC_000702,VIL_008,11-06-2025,5693,24.6,0,87,348611,364853.5,396614.9,407000.1
REC_000703,VIL_008,12-06-2025,5693,25.8,0,84.9,407000.1,372160.8,395981.6,396882.1
REC_000704,VIL_008,13-06-2025,5693,26.2,21.1,86.6,396882.1,378716.4,394937.6,348292.2
REC_000705,VIL_008,14-06-2025,5693,26.3,11,83.5,348292.2,378882.1,392101.5,354682.9
REC_000706,VIL_008,15-06-2025,5693,25.6,0,82.5,354682.9,371468.4,389696.3,400959.4
REC_000707,VIL_008,16-06-2025,5693,26.6,0,88.6,400959.4,372467.8,389014.3,389119
REC_000708,VIL_008,17-06-2025,5693,26.3,29.7,74.3,389119,377935.2,388285.8,350860.7
REC_000709,VIL_008,18-06-2025,5693,25.8,0,72.2,350860.7,378256.6,386466.2,404140.4
REC_000710,VIL_008,19-06-2025,5693,26,0,88,404140.4,377848.1,385722.3,410275.8
REC_000711,VIL_008,20-06-2025,5693,26.2,0,79.6,410275.8,379761.5,385673.8,401598
REC_000712,VIL_008,21-06-2025,5693,26.4,31.6,71.1,401598,387376.6,385019.2,347959.6
REC_000713,VIL_008,22-06-2025,5693,26,8.1,87.4,347959.6,386416.1,382950.8,344926.7
REC_000714,VIL_008,23-06-2025,5693,26.6,0,76.1,344926.7,378411.5,380069.5,407424.6
REC_000715,VIL_008,24-06-2025,5693,24.5,5.6,85.1,407424.6,381026.5,381551.8,357307.7
REC_000716,VIL_008,25-06-2025,5693,24.5,0,72.9,357307.7,381947.5,379708.2,392147.9
REC_000717,VIL_008,26-06-2025,5693,25.5,12.7,79.3,392147.9,380234.3,378454.1,344389.7
REC_000718,VIL_008,27-06-2025,5693,25.3,2.3,93.1,344389.7,370822,377731.4,403654
REC_000719,VIL_008,28-06-2025,5693,26,0,93.6,403654,371115.7,377356.8,394085.4
REC_000720,VIL_008,29-06-2025,5693,24.8,20.4,71.7,394085.4,377705.1,378668.8,346615.2
REC_000721,VIL_009,01-04-2025,2070,33.9,0,37.4,149269.3,145065.2,143935.2,153647.1
REC_000722,VIL_009,02-04-2025,2070,32.6,0,28.9,153647.1,146362.3,144394.7,150384.8
REC_000723,VIL_009,03-04-2025,2070,33.4,0,34.6,150384.8,146452.6,144691.5,153939.8
REC_000724,VIL_009,04-04-2025,2070,34.4,0,31.6,153939.8,147214.3,145027.9,157789.1
REC_000725,VIL_009,05-04-2025,2070,33.2,0,37.5,157789.1,149090,145345.1,153029.4
REC_000726,VIL_009,06-04-2025,2070,33.2,0,31.7,153029.4,151055.2,145695.1,154250.1
REC_000727,VIL_009,07-04-2025,2070,33.4,0,26.4,154250.1,153187.1,146089.6,154713.8
REC_000728,VIL_009,08-04-2025,2070,34,0,24.7,154713.8,153964.9,146520.6,152269.4
REC_000729,VIL_009,09-04-2025,2070,32.3,0,34.9,152269.4,153768.1,146776.7,147867.2
REC_000730,VIL_009,10-04-2025,2070,34,0,35.2,147867.2,153408.4,147029.9,156369.4
REC_000731,VIL_009,11-04-2025,2070,33.5,0,39.6,156369.4,153755.5,147419.1,151383.4
REC_000732,VIL_009,12-04-2025,2070,35.3,0,37.7,151383.4,152840.4,147536.6,160204.9
REC_000733,VIL_009,13-04-2025,2070,34.8,1.2,27.2,160204.9,153865.5,148273.9,151322.3
REC_000734,VIL_009,14-04-2025,2070,33.3,0.5,34,151322.3,153447.2,148724.7,148041.6
REC_000735,VIL_009,15-04-2025,2070,33.6,0,27.2,148041.6,152494,149034.7,156637.4
REC_000736,VIL_009,16-04-2025,2070,34,0,35.7,156637.4,153118,149408.7,154962.1
REC_000737,VIL_009,17-04-2025,2070,32.7,0,30.7,154962.1,154131.6,149572.9,149679.3
REC_000738,VIL_009,18-04-2025,2070,34.4,0,29.5,149679.3,153175.9,149971.4,156827.2
REC_000739,VIL_009,19-04-2025,2070,33.4,0,29.7,156827.2,153953.5,150158,153864.5
REC_000740,VIL_009,20-04-2025,2070,33.8,0,36.5,153864.5,153047.8,150647,153446
REC_000741,VIL_009,21-04-2025,2070,34.3,0,26.2,153446,153351.2,150766.7,150533.7
REC_000742,VIL_009,22-04-2025,2070,32.6,0,31.9,150533.7,153707.2,150962.8,153371
REC_000743,VIL_009,23-04-2025,2070,33.8,0,40.6,153371,153240.5,151168.2,156522.9
REC_000744,VIL_009,24-04-2025,2070,33.1,0,37.6,156522.9,153463.5,151550.4,148655.2
REC_000745,VIL_009,25-04-2025,2070,32.6,0,41.5,148655.2,153317.2,151686.7,153717.3
REC_000746,VIL_009,26-04-2025,2070,33.6,0,36.6,153717.3,152872.9,151818.8,156187
REC_000747,VIL_009,27-04-2025,2070,32.6,0,40.9,156187,153204.7,152071.5,150997.6
REC_000748,VIL_009,28-04-2025,2070,34,0,34.3,150997.6,152855,152282.8,155033.3
REC_000749,VIL_009,29-04-2025,2070,33.6,0,41.6,155033.3,153497.8,152808.1,151645.5
REC_000750,VIL_009,30-04-2025,2070,33.6,0,37,151645.5,153251.3,153218.7,150725.1
REC_000751,VIL_009,01-05-2025,2070,33,0,23.9,150725.1,152423,153267.2,153437.3
REC_000752,VIL_009,02-05-2025,2070,33.6,0,25.4,153437.3,153106.2,153260.3,156040.6
REC_000753,VIL_009,03-05-2025,2070,33.8,0,31.7,156040.6,153438.1,153448.8,154575.2
REC_000754,VIL_009,04-05-2025,2070,32.7,0,28.7,154575.2,153207.8,153470,150873.3
REC_000755,VIL_009,05-05-2025,2070,33.2,0,23.7,150873.3,153190,153239.4,148747.6
REC_000756,VIL_009,06-05-2025,2070,32.2,0,24.1,148747.6,152292.1,153096.7,145671.4
REC_000757,VIL_009,07-05-2025,2070,32.6,0,30.2,145671.4,151438.6,152810.8,150060.5
REC_000758,VIL_009,08-05-2025,2070,32.7,0,30.3,150060.5,151343.7,152655.6,146691.8
REC_000759,VIL_009,09-05-2025,2070,35,0,33.2,146691.8,150380.1,152469.7,156415.5
REC_000760,VIL_009,10-05-2025,2070,32.2,0,34,156415.5,150433.6,152754.7,148628.5
REC_000761,VIL_009,11-05-2025,2070,33.4,0,35.2,148628.5,149584.1,152496.6,154639.9
REC_000762,VIL_009,12-05-2025,2070,33.2,0,24.8,154639.9,150122.2,152605.2,150084.4
REC_000763,VIL_009,13-05-2025,2070,34.2,0,31.5,150084.4,150313.1,152267.8,154888
REC_000764,VIL_009,14-05-2025,2070,33.6,0,30.9,154888,151629.8,152386.7,153069.9
REC_000765,VIL_009,15-05-2025,2070,32.6,0,38.3,153069.9,152059.7,152554.3,146077.1
REC_000766,VIL_009,16-05-2025,2070,33.6,0,35.4,146077.1,151971.9,152202.3,148806.2
REC_000767,VIL_009,17-05-2025,2070,34,0,38,148806.2,150884.9,151997.1,151662.1
REC_000768,VIL_009,18-05-2025,2070,34.6,0,24.8,151662.1,151318.2,152063.2,158450.5
REC_000769,VIL_009,19-05-2025,2070,32.8,0,40.2,158450.5,151862.6,152117.3,147788.1
REC_000770,VIL_009,20-05-2025,2070,33.4,0,31,147788.1,151534.6,151914.7,154216.9
REC_000771,VIL_009,21-05-2025,2070,33.2,0,40.9,154216.9,151438.7,151940.4,156168.2
REC_000772,VIL_009,22-05-2025,2070,33,0,41.4,156168.2,151881.3,152128.3,154060.4
REC_000773,VIL_009,23-05-2025,2070,33,0,29.4,154060.4,153021.8,152151.2,149085.1
REC_000774,VIL_009,24-05-2025,2070,33.6,0,26.9,149085.1,153061.6,151903.3,156466.6
REC_000775,VIL_009,25-05-2025,2070,34.4,0,38.3,156466.6,153748,152163.7,150692.4
REC_000776,VIL_009,26-05-2025,2070,33.9,0,34,150692.4,152639.7,152062.9,153083.5
REC_000777,VIL_009,27-05-2025,2070,33,0,28,153083.5,153396.2,151959.4,154941.4
REC_000778,VIL_009,28-05-2025,2070,33.9,0,31.5,154941.4,153499.7,152090.9,154676.7
REC_000779,VIL_009,29-05-2025,2070,34.8,8.2,32.5,154676.7,153286.6,152079,135984.6
REC_000780,VIL_009,30-05-2025,2070,31.7,0,34.7,135984.6,150704.3,151557,146747.7
REC_000781,VIL_009,31-05-2025,2070,33.2,0,33,146747.7,150370.4,151424.4,150717.2
REC_000782,VIL_009,01-06-2025,2070,26,0,79.6,150717.2,149549.1,151333.7,144977.7
REC_000783,VIL_009,02-06-2025,2070,27.2,31,83.3,144977.7,148732.7,150964.9,126127.6
REC_000784,VIL_009,03-06-2025,2070,27.4,0,76.5,126127.6,144881.8,150016.7,148977.2
REC_000785,VIL_009,04-06-2025,2070,27.5,15,90.8,148977.2,144029.8,149953.5,130825.4
REC_000786,VIL_009,05-06-2025,2070,25.1,0,74.4,130825.4,140622.5,149356.1,148122.6
REC_000787,VIL_009,06-06-2025,2070,25.5,0,88.5,148122.6,142356.5,149437.8,144220.4
REC_000788,VIL_009,07-06-2025,2070,25,0,73,144220.4,141995.4,149243.1,146563.2
REC_000789,VIL_009,08-06-2025,2070,25.6,0,75.8,146563.2,141402,149238.8,148402.2
REC_000790,VIL_009,09-06-2025,2070,26.4,5.6,75.3,148402.2,141891.2,148971.7,130193
REC_000791,VIL_009,10-06-2025,2070,26.4,0,83.2,130193,142472,148357.2,144155.2
REC_000792,VIL_009,11-06-2025,2070,26.3,20,84,144155.2,141783.1,148007.7,124546.5
REC_000793,VIL_009,12-06-2025,2070,26.6,72,82.7,124546.5,140886.2,147156.5,124265.3
REC_000794,VIL_009,13-06-2025,2070,25.8,9.7,77.2,124265.3,137478,146135.7,128101.6
REC_000795,VIL_009,14-06-2025,2070,26.7,0,73.3,128101.6,135175.3,145303.4,146140
REC_000796,VIL_009,15-06-2025,2070,26.7,4.3,70.3,146140,135114.8,145305.5,147941.5
REC_000797,VIL_009,16-06-2025,2070,25.5,0,93,147941.5,135049,145276.7,143096.1
REC_000798,VIL_009,17-06-2025,2070,26.4,9.3,91.5,143096.1,136892.3,144991.2,124967.9
REC_000799,VIL_009,18-06-2025,2070,25.2,17.5,93.8,124967.9,134151.3,143875.1,126586.3
REC_000800,VIL_009,19-06-2025,2070,26.5,0,75.4,126586.3,134442.7,143168.3,143627
REC_000801,VIL_009,20-06-2025,2070,27.4,4.1,76.1,143627,137208.6,142815.4,141704.7
REC_000802,VIL_009,21-06-2025,2070,26.5,0,82.4,141704.7,139151.9,142333.2,146397.8
REC_000803,VIL_009,22-06-2025,2070,24.8,38.6,71.2,146397.8,139188.8,142077.8,127578.5
REC_000804,VIL_009,23-06-2025,2070,25.2,0,79.7,127578.5,136279.8,141360.9,146822.4
REC_000805,VIL_009,24-06-2025,2070,26.5,0,73.1,146822.4,136812.1,141039.5,143619.3
REC_000806,VIL_009,25-06-2025,2070,26.6,1,73.4,143619.3,139476.6,140803.7,143384.7
REC_000807,VIL_009,26-06-2025,2070,25.6,28.8,84.8,143384.7,141876.3,140480.4,127302.2
REC_000808,VIL_009,27-06-2025,2070,26.6,0,89.4,127302.2,139544.2,139559.1,148181.2
REC_000809,VIL_009,28-06-2025,2070,25.2,0.4,79.4,148181.2,140469.4,139342.6,140903.2
REC_000810,VIL_009,29-06-2025,2070,26.6,0,87.6,140903.2,139684.5,139506.5,147550.2
REC_000811,VIL_010,01-04-2025,8138,33.4,0,29.7,545352.9,561651.3,567734.5,612872.8
REC_000812,VIL_010,02-04-2025,8138,33.4,0,23.3,612872.8,570536.4,569423.7,588947.6
REC_000813,VIL_010,03-04-2025,8138,32.8,0,33.3,588947.6,572423.8,569393.2,602134
REC_000814,VIL_010,04-04-2025,8138,32,0,26.5,602134,575361,569901.8,580051.5
REC_000815,VIL_010,05-04-2025,8138,34.6,0,24.4,580051.5,580743.2,570535.4,622074.6
REC_000816,VIL_010,06-04-2025,8138,31.3,0,29.3,622074.6,592003.5,571914.4,587753.4
REC_000817,VIL_010,07-04-2025,8138,33.4,0,35.8,587753.4,591312.4,573163.8,595185.5
REC_000818,VIL_010,08-04-2025,8138,33.2,0,31.6,595185.5,598431.3,573262.2,581826.7
REC_000819,VIL_010,09-04-2025,8138,33.2,0,26,581826.7,593996.2,573849.1,605339.1
REC_000820,VIL_010,10-04-2025,8138,33.9,0,39.2,605339.1,596337.8,575122.7,607213.9
REC_000821,VIL_010,11-04-2025,8138,34.2,0,29.7,607213.9,597063.5,575983.8,587487.9
REC_000822,VIL_010,12-04-2025,8138,33.2,2.8,29.8,587487.9,598125.9,575968.8,579431
REC_000823,VIL_010,13-04-2025,8138,32.2,0,37.6,579431,592033.9,576795.1,599361.5
REC_000824,VIL_010,14-04-2025,8138,32.4,0,40.4,599361.5,593692.2,577478.8,581648.1
REC_000825,VIL_010,15-04-2025,8138,34.4,0,22.3,581648.1,591758.3,578083.5,612217.7
REC_000826,VIL_010,16-04-2025,8138,31.8,0,37.1,612217.7,596099.9,579751.4,583433.6
REC_000827,VIL_010,17-04-2025,8138,34,0,24.1,583433.6,592970.5,579849.7,617006.8
REC_000828,VIL_010,18-04-2025,8138,33,0,28.2,617006.8,594369.5,581642.1,610187.6
REC_000829,VIL_010,19-04-2025,8138,34.1,0,37.1,610187.6,597612.3,583285.3,622719.1
REC_000830,VIL_010,20-04-2025,8138,31.7,0,25.6,622719.1,603796.3,584416.1,572047.6
REC_000831,VIL_010,21-04-2025,8138,32.7,0,34.7,572047.6,599894.4,585252.8,605639.6
REC_000832,VIL_010,22-04-2025,8138,32.2,0,37.3,605639.6,603321.7,586118.1,580197.6
REC_000833,VIL_010,23-04-2025,8138,32.6,0,25.3,580197.6,598747.4,586946.5,595101.8
REC_000834,VIL_010,24-04-2025,8138,33,0,36.1,595101.8,600414.3,588714.6,595500.9
REC_000835,VIL_010,25-04-2025,8138,32.3,0,22.9,595500.9,597342,590208.7,572269.9
REC_000836,VIL_010,26-04-2025,8138,32.3,0,28.9,572269.9,591925.2,590093.2,604615.5
REC_000837,VIL_010,27-04-2025,8138,33.4,0,24.9,604615.5,589339,590861.3,583565
REC_000838,VIL_010,28-04-2025,8138,33.6,0,26.5,583565,590984.3,592234.2,607202.3
REC_000839,VIL_010,29-04-2025,8138,32.8,0,37,607202.3,591207.6,594365.9,603736.3
REC_000840,VIL_010,30-04-2025,8138,33,0,35.2,603736.3,594570.2,594737.4,605841.7
REC_000841,VIL_010,01-05-2025,8138,33.6,0,29.9,605841.7,596104.5,596753.7,587290.2
REC_000842,VIL_010,02-05-2025,8138,34,0,33.2,587290.2,594931.6,595900.9,601940
REC_000843,VIL_010,03-05-2025,8138,33.2,0,39.1,601940,599170.1,596334,608803.9
REC_000844,VIL_010,04-05-2025,8138,32.6,0,22.6,608803.9,599768.5,596556.3,584869.4
REC_000845,VIL_010,05-05-2025,8138,33.2,0,38.4,584869.4,599954.8,596716.9,595848.4
REC_000846,VIL_010,06-05-2025,8138,33.1,0,38.1,595848.4,598332.8,595842.7,588022.3
REC_000847,VIL_010,07-05-2025,8138,31.5,0,39.3,588022.3,596088,595851.7,581203.5
REC_000848,VIL_010,08-05-2025,8138,34,0.7,29.8,581203.5,592568.2,595385.6,617891.1
REC_000849,VIL_010,09-05-2025,8138,32.6,0,38.5,617891.1,596939.8,596587.8,590283.1
REC_000850,VIL_010,10-05-2025,8138,31.8,3.3,27.7,590283.1,595274.5,596085.9,587003.5
REC_000851,VIL_010,11-05-2025,8138,33.4,0,27.7,587003.5,592160.2,595412.2,595263.2
REC_000852,VIL_010,12-05-2025,8138,33.3,0,22.5,595263.2,593645,595671.4,596427.5
REC_000853,VIL_010,13-05-2025,8138,33.7,0,26.7,596427.5,593727.7,596238,583785.3
REC_000854,VIL_010,14-05-2025,8138,34,0,31.4,583785.3,593122.5,595718.7,596004.6
REC_000855,VIL_010,15-05-2025,8138,33.6,0,30.8,596004.6,595236.9,596197.3,598137
REC_000856,VIL_010,16-05-2025,8138,32.8,0,40.6,598137,592414.9,595727.9,598350.9
REC_000857,VIL_010,17-05-2025,8138,33.2,0,38.6,598350.9,593567.4,596225.2,595214.5
REC_000858,VIL_010,18-05-2025,8138,33,0,34.9,595214.5,594740.4,595498.8,589501.9
REC_000859,VIL_010,19-05-2025,8138,34.6,0,35.9,589501.9,593917.4,594809.3,604877.9
REC_000860,VIL_010,20-05-2025,8138,33.8,0,32.9,604877.9,595124.6,594214.5,592820.2
REC_000861,VIL_010,21-05-2025,8138,31.9,0,32.2,592820.2,596415.3,594907,600817.9
REC_000862,VIL_010,22-05-2025,8138,32.8,0,38.8,600817.9,597102.9,594746.2,594360.1
REC_000863,VIL_010,23-05-2025,8138,34,0,28.3,594360.1,596563.3,595218.3,586210.2
REC_000864,VIL_010,24-05-2025,8138,32.8,14.1,37.5,586210.2,594829,594921.9,507294.2
REC_000865,VIL_010,25-05-2025,8138,33.1,0,32.9,507294.2,582268.9,591981.7,613066.5
REC_000866,VIL_010,26-05-2025,8138,33.4,0,39.1,613066.5,585635.3,593341.6,588706.4
REC_000867,VIL_010,27-05-2025,8138,33.5,14,41,588706.4,583325.1,592811.3,537293.8
REC_000868,VIL_010,28-05-2025,8138,33.2,0,31.1,537293.8,575392.7,591268.9,581181
REC_000869,VIL_010,29-05-2025,8138,32.4,14.2,26.4,581181,572587.5,590401.5,532471.4
REC_000870,VIL_010,30-05-2025,8138,34.6,0,41.9,532471.4,563746.2,588026.1,622647
REC_000871,VIL_010,31-05-2025,8138,33,0,36.5,622647,568951.5,588586.2,597834
REC_000872,VIL_010,01-06-2025,8138,25.5,11.7,73.5,597834,581885.7,588937.7,486532.4
REC_000873,VIL_010,02-06-2025,8138,24.5,9.7,88.2,486532.4,563809.4,585090.8,494016.2
REC_000874,VIL_010,03-06-2025,8138,25.6,0,79.6,494016.2,550282.3,581264.5,566475.2
REC_000875,VIL_010,04-06-2025,8138,26.6,7.5,92.6,566475.2,554451,580651.4,500099.6
REC_000876,VIL_010,05-06-2025,8138,24.3,47.9,90.3,500099.6,542868,577459.7,495215.4
REC_000877,VIL_010,06-06-2025,8138,26.8,12.4,79.2,495215.4,537545.7,574366.2,487252.8
REC_000878,VIL_010,07-06-2025,8138,26.8,0,89.1,487252.8,518203.7,571234.5,572740.5
REC_000879,VIL_010,08-06-2025,8138,24.2,0,89.8,572740.5,514618.9,569729.5,570485.6
REC_000880,VIL_010,09-06-2025,8138,26,23.2,91.1,570485.6,526612.2,569069.6,494773.9
REC_000881,VIL_010,10-06-2025,8138,25.4,24.2,75.4,494773.9,526720.4,565995.2,487404
REC_000882,VIL_010,11-06-2025,8138,24.6,0,87,487404,515424.5,562399.9,586565
REC_000883,VIL_010,12-06-2025,8138,25.8,0,84.9,586565,527776.7,562071.2,569044.3
REC_000884,VIL_010,13-06-2025,8138,26.2,21.1,86.6,569044.3,538323.7,561579.8,509000.9
REC_000885,VIL_010,14-06-2025,8138,26.3,11,83.5,509000.9,541430.6,558679.7,499866.5
REC_000886,VIL_010,15-06-2025,8138,25.6,0,82.5,499866.5,531020,555404,554045.7
REC_000887,VIL_010,16-06-2025,8138,26.6,0,88.6,554045.7,528671.5,553927.2,563152.2
REC_000888,VIL_010,17-06-2025,8138,26.3,29.7,74.3,563152.2,538439.8,552858.4,495890.1
REC_000889,VIL_010,18-06-2025,8138,25.8,0,72.2,495890.1,539652.1,549738,581224.8
REC_000890,VIL_010,19-06-2025,8138,26,0,88,581224.8,538889.2,548949.6,574931.5
REC_000891,VIL_010,20-06-2025,8138,26.2,0,79.6,574931.5,539730.2,548353.3,561984.3
REC_000892,VIL_010,21-06-2025,8138,26.4,31.6,71.1,561984.3,547299.3,547058.8,515369.5
REC_000893,VIL_010,22-06-2025,8138,26,8.1,87.4,515369.5,549514,544425.8,495933.1
REC_000894,VIL_010,23-06-2025,8138,26.6,0,76.1,495933.1,541212.2,541416.6,586689.4
REC_000895,VIL_010,24-06-2025,8138,24.5,5.6,85.1,586689.4,544574.7,544063.1,516224.4
REC_000896,VIL_010,25-06-2025,8138,24.5,0,72.9,516224.4,547479.6,540835,559105.7
REC_000897,VIL_010,26-06-2025,8138,25.5,12.7,79.3,559105.7,544319.7,539848.3,495668.4
REC_000898,VIL_010,27-06-2025,8138,25.3,2.3,93.1,495668.4,532996.4,538460.8,569183
REC_000899,VIL_010,28-06-2025,8138,26,0,93.6,569183,534024.8,538060.9,575268.9
REC_000900,VIL_010,29-06-2025,8138,24.8,20.4,71.7,575268.9,542581.8,539487.5,502144.4
REC_000901,VIL_011,01-04-2025,5688,33.6,0,37.8,417435.7,400717.6,398058.6,425609.4
REC_000902,VIL_011,02-04-2025,5688,34.4,0,40.8,425609.4,404331,398350.5,431422.7
REC_000903,VIL_011,03-04-2025,5688,34.2,0,26.2,431422.7,408928.4,399162,427210.8
REC_000904,VIL_011,04-04-2025,5688,33.5,0,38.6,427210.8,411577.1,400512.5,418350.9
REC_000905,VIL_011,05-04-2025,5688,34.7,0,27.6,418350.9,417276.7,401709.7,428062.1
REC_000906,VIL_011,06-04-2025,5688,33.8,0,25.4,428062.1,419172.2,402456.3,409401.2
REC_000907,VIL_011,07-04-2025,5688,34.7,0,37.8,409401.2,422499,403284.4,429400.4
REC_000908,VIL_011,08-04-2025,5688,34.6,0,25.8,429400.4,424208.2,403943.9,428853.3
REC_000909,VIL_011,09-04-2025,5688,32.8,0,39.3,428853.3,424671.6,405217.8,424620.9
REC_000910,VIL_011,10-04-2025,5688,33.8,0,40.6,424620.9,423699.9,406329.6,420998
REC_000911,VIL_011,11-04-2025,5688,34.8,0.2,36.9,420998,422812.4,407740.1,415998.3
REC_000912,VIL_011,12-04-2025,5688,33.7,0,23.4,415998.3,422476.3,408067.9,415371
REC_000913,VIL_011,13-04-2025,5688,34.8,0,28.4,415371,420663.3,409154.9,430813.1
REC_000914,VIL_011,14-04-2025,5688,33.6,0,25.3,430813.1,423722.1,409881.2,413095.3
REC_000915,VIL_011,15-04-2025,5688,33.8,0,37,413095.3,421392.8,410389.8,415313.2
REC_000916,VIL_011,16-04-2025,5688,34.8,0,28.8,415313.2,419458.5,410584.3,435034.6
REC_000917,VIL_011,17-04-2025,5688,34.4,0,39.6,435034.6,420946.2,411702.1,426585.9
REC_000918,VIL_011,18-04-2025,5688,34.4,0,38.7,426585.9,421744.5,413203.8,424655.7
REC_000919,VIL_011,19-04-2025,5688,34,0,35.3,424655.7,422981.3,413734.4,417452.3
REC_000920,VIL_011,20-04-2025,5688,33.5,0,31.7,417452.3,423278.6,414948.4,424869.8
REC_000921,VIL_011,21-04-2025,5688,33.7,0,36.7,424869.8,422429.5,415867,414905.1
REC_000922,VIL_011,22-04-2025,5688,35,0,36.8,414905.1,422688.1,416860.1,434110.1
REC_000923,VIL_011,23-04-2025,5688,33.4,0,29.5,434110.1,425373.4,417723.5,407672.3
REC_000924,VIL_011,24-04-2025,5688,32.4,0,30,407672.3,421464.5,417494.3,421516
REC_000925,VIL_011,25-04-2025,5688,34.2,0,25.1,421516,420740.2,418201,423233.1
REC_000926,VIL_011,26-04-2025,5688,33.6,0,38.6,423233.1,420537,419000.7,418112.3
REC_000927,VIL_011,27-04-2025,5688,32.4,0,30.4,418112.3,420631.2,419315.5,415241.5
REC_000928,VIL_011,28-04-2025,5688,34.5,0,35.3,415241.5,419255.8,420541.7,428203
REC_000929,VIL_011,29-04-2025,5688,33.6,0,32.9,428203,421155.5,420988.7,410395.4
REC_000930,VIL_011,30-04-2025,5688,33.4,0,27.6,410395.4,417767.7,421798.1,424899.7
REC_000931,VIL_011,01-05-2025,5688,34,0,34.9,424899.7,420228.7,422046.9,416375.4
REC_000932,VIL_011,02-05-2025,5688,33.4,0,36.7,416375.4,419494.3,421739.1,428633.9
REC_000933,VIL_011,03-05-2025,5688,34.1,0,41.6,428633.9,420265.9,421646.2,430707.2
REC_000934,VIL_011,04-05-2025,5688,34.2,0,41.8,430707.2,422065.2,421762.7,419340.1
REC_000935,VIL_011,05-05-2025,5688,34.2,0,25.8,419340.1,422650.7,421795.7,431059
REC_000936,VIL_011,06-05-2025,5688,33,0,35.1,431059,423058.7,421895.6,412492
REC_000937,VIL_011,07-05-2025,5688,34.4,0,23.2,412492,423358.2,421998.6,414276.2
REC_000938,VIL_011,08-05-2025,5688,33.1,0,22.5,414276.2,421840.5,421494.5,428221.9
REC_000939,VIL_011,09-05-2025,5688,34.1,0,26.4,428221.9,423532.9,421473.4,426516.6
REC_000940,VIL_011,10-05-2025,5688,35.2,0,28.8,426516.6,423230.4,421536.6,428085.9
REC_000941,VIL_011,11-05-2025,5688,33.2,0,32.5,428085.9,422856,421772.9,414712.3
REC_000942,VIL_011,12-05-2025,5688,32.6,0,30.9,414712.3,422194.8,421730,409337.2
REC_000943,VIL_011,13-05-2025,5688,33.2,0,22.1,409337.2,419091.7,421528.9,429325.3
REC_000944,VIL_011,14-05-2025,5688,34.1,0,23,429325.3,421496.5,421479.3,413384.5
REC_000945,VIL_011,15-05-2025,5688,34.6,0,33.5,413384.5,421369.1,421488.9,420903.5
REC_000946,VIL_011,16-05-2025,5688,33.9,0,41.1,420903.5,420323.6,421675.3,421085.6
REC_000947,VIL_011,17-05-2025,5688,33,0,40,421085.6,419547.8,421210.3,415528
REC_000948,VIL_011,18-05-2025,5688,32.6,0,36.8,415528,417753.8,420841.7,412977.5
REC_000949,VIL_011,19-05-2025,5688,33.2,0,23.3,412977.5,417505.9,420452.4,409154.5
REC_000950,VIL_011,20-05-2025,5688,33.8,0,22.2,409154.5,417479.8,420175.8,411889.2
REC_000951,VIL_011,21-05-2025,5688,33.7,2,37.8,411889.2,414989,419743.1,414074.2
REC_000952,VIL_011,22-05-2025,5688,35,0,24,414074.2,415087.5,419715.4,438667.6
REC_000953,VIL_011,23-05-2025,5688,33.6,0,32.9,438667.6,417625.2,419867.4,409917.5
REC_000954,VIL_011,24-05-2025,5688,34,0,25.5,409917.5,416029.8,419942.2,428568.4
REC_000955,VIL_011,25-05-2025,5688,34.8,0,28.5,428568.4,417892.7,420177.3,433423.2
REC_000956,VIL_011,26-05-2025,5688,33,0,33,433423.2,420813.5,420517,423810.5
REC_000957,VIL_011,27-05-2025,5688,34,0,34.1,423810.5,422907.2,420706.9,431839.9
REC_000958,VIL_011,28-05-2025,5688,32.1,0,28,431839.9,425757.3,421260.2,404862.7
REC_000959,VIL_011,29-05-2025,5688,34.6,0,36.7,404862.7,424441.4,420482.2,418598.8
REC_000960,VIL_011,30-05-2025,5688,33.4,0,38.2,418598.8,421574.4,420755.6,417600.1
REC_000961,VIL_011,31-05-2025,5688,34.3,0.4,39.4,417600.1,422671.9,420512.3,417867.4
REC_000962,VIL_011,01-06-2025,5688,25.4,15.8,90.2,417867.4,421143.2,420562,355306.7
REC_000963,VIL_011,02-06-2025,5688,26.4,6.5,77,355306.7,409983.7,418117.8,353238.6
REC_000964,VIL_011,03-06-2025,5688,25.2,0,87.2,353238.6,399902,415535.5,407118.3
REC_000965,VIL_011,04-06-2025,5688,27.9,8.5,92.5,407118.3,396370.4,415128.1,341608.8
REC_000966,VIL_011,05-06-2025,5688,26,0,76.5,341608.8,387334.1,412146.4,408076.2
REC_000967,VIL_011,06-06-2025,5688,26.7,9.7,87.3,408076.2,385830.9,411999.2,346036.4
REC_000968,VIL_011,07-06-2025,5688,26.8,0,81.2,346036.4,375607.5,409724.6,397937.7
REC_000969,VIL_011,08-06-2025,5688,27.4,0,70.8,397937.7,372760.4,408715.1,396693.5
REC_000970,VIL_011,09-06-2025,5688,27.2,8.7,78.8,396693.5,378672.8,407721,355853.3
REC_000971,VIL_011,10-06-2025,5688,26.8,0,84.5,355853.3,379046.3,405313.2,396256.8
REC_000972,VIL_011,11-06-2025,5688,26,0,85.5,396256.8,377494.7,404698.1,408756.3
REC_000973,VIL_011,12-06-2025,5688,26,0,92.7,408756.3,387087.2,404678.7,407776.4
REC_000974,VIL_011,13-06-2025,5688,26.8,0,84.9,407776.4,387044.3,403960.4,407050.8
REC_000975,VIL_011,14-06-2025,5688,26.4,0,72.6,407050.8,395760.7,403749.3,387917.5
REC_000976,VIL_011,15-06-2025,5688,27.4,21.6,79.5,387917.5,394329.2,402649.7,357828.3
REC_000977,VIL_011,16-06-2025,5688,27.3,0,88.8,357828.3,388777.1,400541.2,404888.2
REC_000978,VIL_011,17-06-2025,5688,26.8,0,92.9,404888.2,395782,400186.5,388688.1
REC_000979,VIL_011,18-06-2025,5688,26.4,0,91.7,388688.1,394700.8,399376.9,388781.3
REC_000980,VIL_011,19-06-2025,5688,27,7.1,90.2,388781.3,391847.2,398697.8,341996.1
REC_000981,VIL_011,20-06-2025,5688,26,0,78.7,341996.1,382450,396368,386485.9
REC_000982,VIL_011,21-06-2025,5688,25.2,0,79.4,386485.9,379512.2,395448.4,399321.9
REC_000983,VIL_011,22-06-2025,5688,26.4,0,80,399321.9,381141.4,394136.9,409469.2
REC_000984,VIL_011,23-06-2025,5688,27,8.6,79.9,409469.2,388518.7,394121.9,349091.8
REC_000985,VIL_011,24-06-2025,5688,27.3,64.6,80.8,349091.8,380547.8,391472.7,351237.6
REC_000986,VIL_011,25-06-2025,5688,26.3,26,86.1,351237.6,375197.7,388733.2,360218.9
REC_000987,VIL_011,26-06-2025,5688,25.8,22,82.8,360218.9,371117.3,386613.5,345234
REC_000988,VIL_011,27-06-2025,5688,26.4,0,82,345234,371579.9,383726.6,406723.7
REC_000989,VIL_011,28-06-2025,5688,26.9,37.9,84.5,406723.7,374471,383788.6,351356.1
REC_000990,VIL_011,29-06-2025,5688,27.4,0,93.8,351356.1,367618.8,381547.2,399819.8
REC_000991,VIL_012,01-04-2025,1406,33.4,0,29.7,103173.9,100536.3,98728,106077
REC_000992,VIL_012,02-04-2025,1406,33.4,0,23.3,106077,101161.6,99034.7,105212.4
REC_000993,VIL_012,03-04-2025,1406,32.8,0,33.3,105212.4,101528.2,99240.9,101481.6
REC_000994,VIL_012,04-04-2025,1406,32,0,26.5,101481.6,101785,99483,103300.7
REC_000995,VIL_012,05-04-2025,1406,34.6,0,24.4,103300.7,102630,99558.9,104635.2
REC_000996,VIL_012,06-04-2025,1406,31.3,0,29.3,104635.2,103863.7,99836.7,99296.3
REC_000997,VIL_012,07-04-2025,1406,33.4,0,35.8,99296.3,103311,99738.8,104959.1
REC_000998,VIL_012,08-04-2025,1406,33.2,0,31.6,104959.1,103566,100000.1,100542.8
REC_000999,VIL_012,09-04-2025,1406,33.2,0,26,100542.8,102775.4,100188,100350.4
REC_001000,VIL_012,10-04-2025,1406,33.9,0,39.2,100350.4,102080.9,100188.1,103852.2
REC_001001,VIL_012,11-04-2025,1406,34.2,0,29.7,103852.2,102419.5,100479.2,104279.2
REC_001002,VIL_012,12-04-2025,1406,33.2,2.8,29.8,104279.2,102559.3,100591.3,105592.7
REC_001003,VIL_012,13-04-2025,1406,32.2,0,37.6,105592.7,102696.1,100676.8,99387.4
REC_001004,VIL_012,14-04-2025,1406,32.4,0,40.4,99387.4,102709.1,100617.4,99658.5
REC_001005,VIL_012,15-04-2025,1406,34.4,0,22.3,99658.5,101951.9,100815.3,102696.5
REC_001006,VIL_012,16-04-2025,1406,31.8,0,37.1,102696.5,102259.6,100925.1,98225.4
REC_001007,VIL_012,17-04-2025,1406,34,0,24.1,98225.4,101956,100854.5,101644.4
REC_001008,VIL_012,18-04-2025,1406,33,0,28.2,101644.4,101640.6,100855.2,103835.4
REC_001009,VIL_012,19-04-2025,1406,34.1,0,37.1,103835.4,101577.2,101181.4,104044
REC_001010,VIL_012,20-04-2025,1406,31.7,0,25.6,104044,101355.9,101375.4,102526
REC_001011,VIL_012,21-04-2025,1406,32.7,0,34.7,102526,101804.3,101500.6,105432.7
REC_001012,VIL_012,22-04-2025,1406,32.2,0,37.3,105432.7,102629.2,101842.9,102638
REC_001013,VIL_012,23-04-2025,1406,32.6,0,25.3,102638,102620.8,102041.8,99500.2
REC_001014,VIL_012,24-04-2025,1406,33,0,36.1,99500.2,102803,102097.4,100408.7
REC_001015,VIL_012,25-04-2025,1406,32.3,0,22.9,100408.7,102626.4,102054.4,104143
REC_001016,VIL_012,26-04-2025,1406,32.3,0,28.9,104143,102670.4,102104.3,101983.5
REC_001017,VIL_012,27-04-2025,1406,33.4,0,24.9,101983.5,102376,102180.9,105455.5
REC_001018,VIL_012,28-04-2025,1406,33.6,0,26.5,105455.5,102794.5,102449.9,105954.3
REC_001019,VIL_012,29-04-2025,1406,32.8,0,37,105954.3,102869,102781.7,105185.2
REC_001020,VIL_012,30-04-2025,1406,33,0,35.2,105185.2,103232.9,102849.1,105624.8
REC_001021,VIL_012,01-05-2025,1406,33.6,0,29.9,105624.8,104107.9,102930.8,104075.9
REC_001022,VIL_012,02-05-2025,1406,34,0,33.2,104075.9,104631.7,102864.1,103330.1
REC_001023,VIL_012,03-05-2025,1406,33.2,0,39.1,103330.1,104515.6,102801.3,106002.5
REC_001024,VIL_012,04-05-2025,1406,32.6,0,22.6,106002.5,105089.8,102952,102549.2
REC_001025,VIL_012,05-05-2025,1406,33.2,0,38.4,102549.2,104674.6,102927,100447.5
REC_001026,VIL_012,06-05-2025,1406,33.1,0,38.1,100447.5,103887.9,102787.4,103878.9
REC_001027,VIL_012,07-05-2025,1406,31.5,0,39.3,103878.9,103701.3,102940.1,101163.9
REC_001028,VIL_012,08-05-2025,1406,34,0.7,29.8,101163.9,103064,102813.6,106802.7
REC_001029,VIL_012,09-05-2025,1406,32.6,0,38.5,106802.7,103453.5,103022.3,103198.3
REC_001030,VIL_012,10-05-2025,1406,31.8,3.3,27.7,103198.3,103434.7,103117.2,100161.9
REC_001031,VIL_012,11-05-2025,1406,33.4,0,27.7,100161.9,102600.3,102994.2,106333
REC_001032,VIL_012,12-05-2025,1406,33.3,0,22.5,106333,103140.9,103062.7,105161.1
REC_001033,VIL_012,13-05-2025,1406,33.7,0,26.7,105161.1,103814.3,103048.3,104695.2
REC_001034,VIL_012,14-05-2025,1406,34,0,31.4,104695.2,103930.9,103225.2,103029
REC_001035,VIL_012,15-05-2025,1406,33.6,0,30.8,103029,104197.3,103337.6,102947.6
REC_001036,VIL_012,16-05-2025,1406,32.8,0,40.6,102947.6,103646.6,103345.9,103599.5
REC_001037,VIL_012,17-05-2025,1406,33.2,0,38.6,103599.5,103703.9,103525.1,100495.3
REC_001038,VIL_012,18-05-2025,1406,33,0,34.9,100495.3,103751.5,103486.8,101347.4
REC_001039,VIL_012,19-05-2025,1406,34.6,0,35.9,101347.4,103039.3,103403.8,106561.3
REC_001040,VIL_012,20-05-2025,1406,33.8,0,32.9,106561.3,103239.3,103487.7,103905.2
REC_001041,VIL_012,21-05-2025,1406,31.9,0,32.2,103905.2,103126.5,103533.7,100632.2
REC_001042,VIL_012,22-05-2025,1406,32.8,0,38.8,100632.2,102784.1,103373.7,100409
REC_001043,VIL_012,23-05-2025,1406,34,0,28.3,100409,102421.4,103299.4,103961.2
REC_001044,VIL_012,24-05-2025,1406,32.8,14.1,37.5,103961.2,102473.1,103448.1,91713
REC_001045,VIL_012,25-05-2025,1406,33.1,0,32.9,91713,101218.5,103158.2,101538.2
REC_001046,VIL_012,26-05-2025,1406,33.4,0,39.1,101538.2,101245.7,103071.4,100369.7
REC_001047,VIL_012,27-05-2025,1406,33.5,14,41,100369.7,100361.2,103017.6,92078.2
REC_001048,VIL_012,28-05-2025,1406,33.2,0,31.1,92078.2,98671.6,102571.7,106069.1
REC_001049,VIL_012,29-05-2025,1406,32.4,14.2,26.4,106069.1,99448.3,102575.5,90302.7
REC_001050,VIL_012,30-05-2025,1406,34.6,0,41.9,90302.7,98004.6,102079.5,102811.7
REC_001051,VIL_012,31-05-2025,1406,33,0,36.5,102811.7,97840.4,101985.7,101742.7
REC_001052,VIL_012,01-06-2025,1406,25.5,11.7,73.5,101742.7,99273.2,101907.9,88520.1
REC_001053,VIL_012,02-06-2025,1406,24.5,9.7,88.2,88520.1,97413.5,101414.2,85219.9
REC_001054,VIL_012,03-06-2025,1406,25.6,0,79.6,85219.9,95249.2,100721.5,99056
REC_001055,VIL_012,04-06-2025,1406,26.6,7.5,92.6,99056,96246,100605.1,86103.8
REC_001056,VIL_012,05-06-2025,1406,24.3,47.9,90.3,86103.8,93393.8,100126.9,85091.4
REC_001057,VIL_012,06-06-2025,1406,26.8,12.4,79.2,85091.4,92649.4,99500.7,88238.2
REC_001058,VIL_012,07-06-2025,1406,26.8,0,89.1,88238.2,90567.4,99069.8,99854
REC_001059,VIL_012,08-06-2025,1406,24.2,0,89.8,99854,90297.6,98838.2,99374.2
REC_001060,VIL_012,09-06-2025,1406,26,23.2,91.1,99374.2,91848.2,98710.7,85239.5
REC_001061,VIL_012,10-06-2025,1406,25.4,24.2,75.4,85239.5,91851,98213.3,84519.8
REC_001062,VIL_012,11-06-2025,1406,24.6,0,87,84519.8,89774.4,97486.2,98869.7
REC_001063,VIL_012,12-06-2025,1406,25.8,0,84.9,98869.7,91598.1,97276.5,98737
REC_001064,VIL_012,13-06-2025,1406,26.2,21.1,86.6,98737,93547.5,97077.9,84990.3
REC_001065,VIL_012,14-06-2025,1406,26.3,11,83.5,84990.3,93083.5,96476.6,84303.6
REC_001066,VIL_012,15-06-2025,1406,25.6,0,82.5,84303.6,90862,95855.1,95944
REC_001067,VIL_012,16-06-2025,1406,26.6,0,88.6,95944,90372,95599.9,101329.9
REC_001068,VIL_012,17-06-2025,1406,26.3,29.7,74.3,101329.9,92670.6,95627.8,88083.3
REC_001069,VIL_012,18-06-2025,1406,25.8,0,72.2,88083.3,93179.7,95185.6,100911.9
REC_001070,VIL_012,19-06-2025,1406,26,0,88,100911.9,93471.4,94997.3,96619.2
REC_001071,VIL_012,20-06-2025,1406,26.2,0,79.6,96619.2,93168.9,94754.4,101139.7
REC_001072,VIL_012,21-06-2025,1406,26.4,31.6,71.1,101139.7,95475.9,94771.4,84752.6
REC_001073,VIL_012,22-06-2025,1406,26,8.1,87.4,84752.6,95540.1,94249.5,86656.8
REC_001074,VIL_012,23-06-2025,1406,26.6,0,76.1,86656.8,94213.3,93672.7,100366.9
REC_001075,VIL_012,24-06-2025,1406,24.5,5.6,85.1,100366.9,94075.8,93961.1,85829.1
REC_001076,VIL_012,25-06-2025,1406,24.5,0,72.9,85829.1,93753.7,93437.5,97976.1
REC_001077,VIL_012,26-06-2025,1406,25.5,12.7,79.3,97976.1,93334.3,93357.7,84677.4
REC_001078,VIL_012,27-06-2025,1406,25.3,2.3,93.1,84677.4,91628.4,93111,96193.3
REC_001079,VIL_012,28-06-2025,1406,26,0,93.6,96193.3,90921.7,92781.8,99126.1
REC_001080,VIL_012,29-06-2025,1406,24.8,20.4,71.7,99126.1,92975.1,93075.9,87521.8
REC_001081,VIL_013,01-04-2025,6334,33.4,0,29.7,432339.3,434254.8,440234.3,471121.1
REC_001082,VIL_013,02-04-2025,6334,33.4,0,23.3,471121.1,439496.9,440749.2,471133.5
REC_001083,VIL_013,03-04-2025,6334,32.8,0,33.3,471133.5,443952.3,441590.5,462053
REC_001084,VIL_013,04-04-2025,6334,32,0,26.5,462053,447897.2,441997.5,464297.3
REC_001085,VIL_013,05-04-2025,6334,34.6,0,24.4,464297.3,452386.4,443413.8,483680.4
REC_001086,VIL_013,06-04-2025,6334,31.3,0,29.3,483680.4,460274.3,445256.4,454189.3
REC_001087,VIL_013,07-04-2025,6334,33.4,0,35.8,454189.3,462687.7,444900,469317.8
REC_001088,VIL_013,08-04-2025,6334,33.2,0,31.6,469317.8,467970.3,446391.3,458609.2
REC_001089,VIL_013,09-04-2025,6334,33.2,0,26,458609.2,466182.9,446634.7,475671.1
REC_001090,VIL_013,10-04-2025,6334,33.9,0,39.2,475671.1,466831.2,448189.8,455919.8
REC_001091,VIL_013,11-04-2025,6334,34.2,0,29.7,455919.8,465955,448287.5,467031.6
REC_001092,VIL_013,12-04-2025,6334,33.2,2.8,29.8,467031.6,466345.6,448771.4,470846
REC_001093,VIL_013,13-04-2025,6334,32.2,0,37.6,470846,464512.1,450079.8,446472.1
REC_001094,VIL_013,14-04-2025,6334,32.4,0,40.4,446472.1,463409.7,450523.3,450609.7
REC_001095,VIL_013,15-04-2025,6334,34.4,0,22.3,450609.7,460737.1,450535.6,475175.1
REC_001096,VIL_013,16-04-2025,6334,31.8,0,37.1,475175.1,463103.6,451757.9,456990.4
REC_001097,VIL_013,17-04-2025,6334,34,0,24.1,456990.4,460435,452663,476720.3
REC_001098,VIL_013,18-04-2025,6334,33,0,28.2,476720.3,463406.5,453431.9,472022.7
REC_001099,VIL_013,19-04-2025,6334,34.1,0,37.1,472022.7,464119.5,454897.8,460159.4
REC_001100,VIL_013,20-04-2025,6334,31.7,0,25.6,460159.4,462592.8,454931.5,441547.1
REC_001101,VIL_013,21-04-2025,6334,32.7,0,34.7,441547.1,461889.2,454848.7,466586.1
REC_001102,VIL_013,22-04-2025,6334,32.2,0,37.3,466586.1,464171.6,456205,452553.6
REC_001103,VIL_013,23-04-2025,6334,32.6,0,25.3,452553.6,460939.9,456224,464154.1
REC_001104,VIL_013,24-04-2025,6334,33,0,36.1,464154.1,461963.3,456888.1,453617.3
REC_001105,VIL_013,25-04-2025,6334,32.3,0,22.9,453617.3,458662.9,457527.8,457824.6
REC_001106,VIL_013,26-04-2025,6334,32.3,0,28.9,457824.6,456634.6,458123.8,458798.4
REC_001107,VIL_013,27-04-2025,6334,33.4,0,24.9,458798.4,456440.2,458935.8,468371.1
REC_001108,VIL_013,28-04-2025,6334,33.6,0,26.5,468371.1,460272.2,460119.1,467691.8
REC_001109,VIL_013,29-04-2025,6334,32.8,0,37,467691.8,460430.1,461426.6,461882.5
REC_001110,VIL_013,30-04-2025,6334,33,0,35.2,461882.5,461762.8,462246.2,458682.1
REC_001111,VIL_013,01-05-2025,6334,33.6,0,29.9,458682.1,460981.1,463124.3,455298.7
REC_001112,VIL_013,02-05-2025,6334,34,0,33.2,455298.7,461221.3,462596.9,458407.7
REC_001113,VIL_013,03-05-2025,6334,33.2,0,39.1,458407.7,461304.6,462172.7,462816
REC_001114,VIL_013,04-05-2025,6334,32.6,0,22.6,462816,461878.6,462198.1,456685.9
REC_001115,VIL_013,05-05-2025,6334,33.2,0,38.4,456685.9,460209.2,461944.4,465112.1
REC_001116,VIL_013,06-05-2025,6334,33.1,0,38.1,465112.1,459840.7,461325.5,458563.9
REC_001117,VIL_013,07-05-2025,6334,31.5,0,39.3,458563.9,459366.6,461471.3,458467.5
REC_001118,VIL_013,08-05-2025,6334,34,0.7,29.8,458467.5,459336,461109.6,480246
REC_001119,VIL_013,09-05-2025,6334,32.6,0,38.5,480246,462899.9,461830.8,455112.3
REC_001120,VIL_013,10-05-2025,6334,31.8,3.3,27.7,455112.3,462429.1,461145.5,446963.3
REC_001121,VIL_013,11-05-2025,6334,33.4,0,27.7,446963.3,460164.4,460847,455261
REC_001122,VIL_013,12-05-2025,6334,33.3,0,22.5,455261,459960.9,460454.6,468573.1
REC_001123,VIL_013,13-05-2025,6334,33.7,0,26.7,468573.1,460455.3,460378.9,466411.1
REC_001124,VIL_013,14-05-2025,6334,34,0,31.4,466411.1,461576.3,461043.5,461185.2
REC_001125,VIL_013,15-05-2025,6334,33.6,0,30.8,461185.2,461964.6,461396,471616.4
REC_001126,VIL_013,16-05-2025,6334,32.8,0,40.6,471616.4,460731.8,461277.4,452257.9
REC_001127,VIL_013,17-05-2025,6334,33.2,0,38.6,452257.9,460324,461119.6,466176.1
REC_001128,VIL_013,18-05-2025,6334,33,0,34.9,466176.1,463068.7,460768.2,464086.8
REC_001129,VIL_013,19-05-2025,6334,34.6,0,35.9,464086.8,464329.5,460503.6,480634.3
REC_001130,VIL_013,20-05-2025,6334,33.8,0,32.9,480634.3,466052.5,461186.1,456142.7
REC_001131,VIL_013,21-05-2025,6334,31.9,0,32.2,456142.7,464585.6,461672.7,466628.9
REC_001132,VIL_013,22-05-2025,6334,32.8,0,38.8,466628.9,465363.3,461674.1,467628.9
REC_001133,VIL_013,23-05-2025,6334,34,0,28.3,467628.9,464793.7,462176.6,461977.8
REC_001134,VIL_013,24-05-2025,6334,32.8,14.1,37.5,461977.8,466182.2,462104,398838.8
REC_001135,VIL_013,25-05-2025,6334,33.1,0,32.9,398838.8,456562.6,460278.1,462094.6
REC_001136,VIL_013,26-05-2025,6334,33.4,0,39.1,462094.6,456278,460420.4,474871.4
REC_001137,VIL_013,27-05-2025,6334,33.5,14,41,474871.4,455454.7,460956.2,419108.7
REC_001138,VIL_013,28-05-2025,6334,33.2,0,31.1,419108.7,450164.2,459314.1,465232.6
REC_001139,VIL_013,29-05-2025,6334,32.4,14.2,26.4,465232.6,449964.7,459232.1,412971.5
REC_001140,VIL_013,30-05-2025,6334,34.6,0,41.9,412971.5,442156.5,457601.8,459908.8
REC_001141,VIL_013,31-05-2025,6334,33,0,36.5,459908.8,441860.9,457642.7,450410
REC_001142,VIL_013,01-06-2025,6334,25.5,11.7,73.5,450410,449228.2,457479.7,399815.3
REC_001143,VIL_013,02-06-2025,6334,24.5,9.7,88.2,399815.3,440331.2,455526.6,396620
REC_001144,VIL_013,03-06-2025,6334,25.6,0,79.6,396620,429152.4,453320.1,442068.6
REC_001145,VIL_013,04-06-2025,6334,26.6,7.5,92.6,442068.6,432432.4,452832.9,396111.5
REC_001146,VIL_013,05-06-2025,6334,24.3,47.9,90.3,396111.5,422558,450532.8,400841.1
REC_001147,VIL_013,06-06-2025,6334,26.8,12.4,79.2,400841.1,420825,448608.7,396544.1
REC_001148,VIL_013,07-06-2025,6334,26.8,0,89.1,396544.1,411772.9,446544.6,452488
REC_001149,VIL_013,08-06-2025,6334,24.2,0,89.8,452488,412069.8,445619.4,450312.9
REC_001150,VIL_013,09-06-2025,6334,26,23.2,91.1,450312.9,419283.7,445459.4,382407.1
REC_001151,VIL_013,10-06-2025,6334,25.4,24.2,75.4,382407.1,417253.3,443307.5,397983.5
REC_001152,VIL_013,11-06-2025,6334,24.6,0,87,397983.5,410955.5,441398.3,435269
REC_001153,VIL_013,12-06-2025,6334,25.8,0,84.9,435269,416549.4,440288.1,453824.6
REC_001154,VIL_013,13-06-2025,6334,26.2,21.1,86.6,453824.6,424118.5,439868.6,389206.4
REC_001155,VIL_013,14-06-2025,6334,26.3,11,83.5,389206.4,423070.2,437469.3,394317.5
REC_001156,VIL_013,15-06-2025,6334,25.6,0,82.5,394317.5,414760.1,434892.6,443306.6
REC_001157,VIL_013,16-06-2025,6334,26.6,0,88.6,443306.6,413759.2,434594.3,432579
REC_001158,VIL_013,17-06-2025,6334,26.3,29.7,74.3,432579,420926.7,433474.4,385275.1
REC_001159,VIL_013,18-06-2025,6334,25.8,0,72.2,385275.1,419111.2,430847.3,456248.6
REC_001160,VIL_013,19-06-2025,6334,26,0,88,456248.6,422108.3,430034.5,455636.3
REC_001161,VIL_013,20-06-2025,6334,26.2,0,79.6,455636.3,422367.1,430017.6,438604.4
REC_001162,VIL_013,21-06-2025,6334,26.4,31.6,71.1,438604.4,429423.9,429083.4,401792.9
REC_001163,VIL_013,22-06-2025,6334,26,8.1,87.4,401792.9,430491.8,426888.9,398263.9
REC_001164,VIL_013,23-06-2025,6334,26.6,0,76.1,398263.9,424057.2,424765.1,446331.8
REC_001165,VIL_013,24-06-2025,6334,24.5,5.6,85.1,446331.8,426021.9,426348.2,379408.5
REC_001166,VIL_013,25-06-2025,6334,24.5,0,72.9,379408.5,425183.8,423592,454059.6
REC_001167,VIL_013,26-06-2025,6334,25.5,12.7,79.3,454059.6,424871.1,422898.3,391518.8
REC_001168,VIL_013,27-06-2025,6334,25.3,2.3,93.1,391518.8,415711.4,421978.6,453182.5
REC_001169,VIL_013,28-06-2025,6334,26,0,93.6,453182.5,417794,421576.9,452276.8
REC_001170,VIL_013,29-06-2025,6334,24.8,20.4,71.7,452276.8,425006,422887.1,397970.2
REC_001171,VIL_014,01-04-2025,7177,33.6,0,37.8,520831.7,501115.1,502474.9,543901
REC_001172,VIL_014,02-04-2025,7177,34.4,0,40.8,543901,505657.3,503526.7,532490.6
REC_001173,VIL_014,03-04-2025,7177,34.2,0,26.2,532490.6,512324,504879.4,534244.1
REC_001174,VIL_014,04-04-2025,7177,33.5,0,38.6,534244.1,518513,506215.6,543724.8
REC_001175,VIL_014,05-04-2025,7177,34.7,0,27.6,543724.8,526479.7,507914.1,530588.1
REC_001176,VIL_014,06-04-2025,7177,33.8,0,25.4,530588.1,529764.6,509657.8,540342.3
REC_001177,VIL_014,07-04-2025,7177,34.7,0,37.8,540342.3,535160.4,510784.6,528942.4
REC_001178,VIL_014,08-04-2025,7177,34.6,0,25.8,528942.4,536319,511336.7,542902.2
REC_001179,VIL_014,09-04-2025,7177,32.8,0,39.3,542902.2,536176.4,512094.5,515751.6
REC_001180,VIL_014,10-04-2025,7177,33.8,0,40.6,515751.6,533785.1,513142.5,543252.6
REC_001181,VIL_014,11-04-2025,7177,34.8,0.2,36.9,543252.6,535072,514430.6,540548.7
REC_001182,VIL_014,12-04-2025,7177,33.7,0,23.4,540548.7,534618.3,516526.5,520280.2
REC_001183,VIL_014,13-04-2025,7177,34.8,0,28.4,520280.2,533145.7,517800.9,529655.4
REC_001184,VIL_014,14-04-2025,7177,33.6,0,25.3,529655.4,531619,519456.3,529323.6
REC_001185,VIL_014,15-04-2025,7177,33.8,0,37,529323.6,531673.5,519976.5,545733.6
REC_001186,VIL_014,16-04-2025,7177,34.8,0,28.8,545733.6,532078,522122.8,547275.2
REC_001187,VIL_014,17-04-2025,7177,34.4,0,39.6,547275.2,536581.3,523256.5,535172.1
REC_001188,VIL_014,18-04-2025,7177,34.4,0,38.7,535172.1,535427,524768.5,530333.2
REC_001189,VIL_014,19-04-2025,7177,34,0,35.3,530333.2,533967.6,525067.4,534107.6
REC_001190,VIL_014,20-04-2025,7177,33.5,0,31.7,534107.6,535943,525600.3,536645
REC_001191,VIL_014,21-04-2025,7177,33.7,0,36.7,536645,536941.5,525975.4,539306.2
REC_001192,VIL_014,22-04-2025,7177,35,0,36.8,539306.2,538367.6,526563.3,534385.8
REC_001193,VIL_014,23-04-2025,7177,33.4,0,29.5,534385.8,536746.4,526904.2,535018.4
REC_001194,VIL_014,24-04-2025,7177,32.4,0,30,535018.4,534995.5,527391,525403.6
REC_001195,VIL_014,25-04-2025,7177,34.2,0,25.1,525403.6,533600,527834.3,548751.6
REC_001196,VIL_014,26-04-2025,7177,33.6,0,38.6,548751.6,536231.2,529931.9,543215.3
REC_001197,VIL_014,27-04-2025,7177,32.4,0,30.4,543215.3,537532.3,531675,529512.9
REC_001198,VIL_014,28-04-2025,7177,34.5,0,35.3,529512.9,536513.4,533060.2,543489.7
REC_001199,VIL_014,29-04-2025,7177,33.6,0,32.9,543489.7,537111,534256.7,522340.1
REC_001200,VIL_014,30-04-2025,7177,33.4,0,27.6,522340.1,535390.2,534915.7,538972.3
REC_001201,VIL_014,01-05-2025,7177,34,0,34.9,538972.3,535955.1,535520.3,530217.1
REC_001202,VIL_014,02-05-2025,7177,33.4,0,36.7,530217.1,536642.7,535064.2,520796.3
REC_001203,VIL_014,03-05-2025,7177,34.1,0,41.6,520796.3,532649.1,534674.4,529580.5
REC_001204,VIL_014,04-05-2025,7177,34.2,0,41.8,529580.5,530701.3,534518.9,544804.8
REC_001205,VIL_014,05-05-2025,7177,34.2,0,25.8,544804.8,532885.8,534554.9,522781.9
REC_001206,VIL_014,06-05-2025,7177,33,0,35.1,522781.9,529927.6,534294.7,523616.6
REC_001207,VIL_014,07-05-2025,7177,34.4,0,23.2,523616.6,530109.9,533737.2,535302.2
REC_001208,VIL_014,08-05-2025,7177,33.1,0,22.5,535302.2,529585.6,533949.2,511134.1
REC_001209,VIL_014,09-05-2025,7177,34.1,0,26.4,511134.1,526859.5,532890.3,523551.7
REC_001210,VIL_014,10-05-2025,7177,35.2,0,28.8,523551.7,527253.1,533150.3,552193.8
REC_001211,VIL_014,11-05-2025,7177,33.2,0,32.5,552193.8,530483.6,533448.3,536953.8
REC_001212,VIL_014,12-05-2025,7177,32.6,0,30.9,536953.8,529362,533328.5,515481.9
REC_001213,VIL_014,13-05-2025,7177,33.2,0,22.1,515481.9,528319.2,533168.5,538347.8
REC_001214,VIL_014,14-05-2025,7177,34.1,0,23,538347.8,530423.6,533458.3,541983.3
REC_001215,VIL_014,15-05-2025,7177,34.6,0,33.5,541983.3,531378.1,533880.3,534409.6
REC_001216,VIL_014,16-05-2025,7177,33.9,0,41.1,534409.6,534703.1,533502.8,539705.7
REC_001217,VIL_014,17-05-2025,7177,33,0,40,539705.7,537010.8,533250.5,539529.5
REC_001218,VIL_014,18-05-2025,7177,32.6,0,36.8,539529.5,535201.7,533395.7,520698.2
REC_001219,VIL_014,19-05-2025,7177,33.2,0,23.3,520698.2,532879.4,533074.6,518241.6
REC_001220,VIL_014,20-05-2025,7177,33.8,0,22.2,518241.6,533273.7,532545.7,545103.2
REC_001221,VIL_014,21-05-2025,7177,33.7,2,37.8,545103.2,534238.7,532827.6,533573.4
REC_001222,VIL_014,22-05-2025,7177,35,0,24,533573.4,533037.3,532636.6,527278.2
REC_001223,VIL_014,23-05-2025,7177,33.6,0,32.9,527278.2,532018.5,532399.6,531828.3
REC_001224,VIL_014,24-05-2025,7177,34,0,25.5,531828.3,530893.2,532293.3,532552
REC_001225,VIL_014,25-05-2025,7177,34.8,0,28.5,532552,529896.4,532531.6,550052.5
REC_001226,VIL_014,26-05-2025,7177,33,0,33,550052.5,534089.9,532574.9,525964.4
REC_001227,VIL_014,27-05-2025,7177,34,0,34.1,525964.4,535193.1,531999.9,524712.6
REC_001228,VIL_014,28-05-2025,7177,32.1,0,28,524712.6,532280.2,531839.9,523676.6
REC_001229,VIL_014,29-05-2025,7177,34.6,0,36.7,523676.6,530866.4,531179.5,538426.8
REC_001230,VIL_014,30-05-2025,7177,33.4,0,38.2,538426.8,532459,531715.7,519554.6
REC_001231,VIL_014,31-05-2025,7177,34.3,0.4,39.4,519554.6,530705.6,531068.4,537156.7
REC_001232,VIL_014,01-06-2025,7177,25.4,15.8,90.2,537156.7,531363.5,531299.8,450632.3
REC_001233,VIL_014,02-06-2025,7177,26.4,6.5,77,450632.3,517160.6,528961,429598
REC_001234,VIL_014,03-06-2025,7177,25.2,0,87.2,429598,503393.9,525628.2,506334.3
REC_001235,VIL_014,04-06-2025,7177,27.9,8.5,92.5,506334.3,500768.5,524345.9,438113.3
REC_001236,VIL_014,05-06-2025,7177,26,0,76.5,438113.3,488545.1,521523.6,496140.4
REC_001237,VIL_014,06-06-2025,7177,26.7,9.7,87.3,496140.4,482504.2,520607.7,439254
REC_001238,VIL_014,07-06-2025,7177,26.8,0,81.2,439254,471032.7,517406.1,497628
REC_001239,VIL_014,08-06-2025,7177,27.4,0,70.8,497628,465385.8,516955.9,512404.8
REC_001240,VIL_014,09-06-2025,7177,27.2,8.7,78.8,512404.8,474210.4,516584.3,436129.4
REC_001241,VIL_014,10-06-2025,7177,26.8,0,84.5,436129.4,475143.5,512715.5,509418
REC_001242,VIL_014,11-06-2025,7177,26,0,85.5,509418,475584,511797.6,490153.6
REC_001243,VIL_014,12-06-2025,7177,26,0,92.7,490153.6,483018.3,510953.4,515996.6
REC_001244,VIL_014,13-06-2025,7177,26.8,0,84.9,515996.6,485854.9,510208.3,506077
REC_001245,VIL_014,14-06-2025,7177,26.4,0,72.6,506077,495401.1,509011.5,508621.2
REC_001246,VIL_014,15-06-2025,7177,27.4,21.6,79.5,508621.2,496971.5,508151.8,436746
REC_001247,VIL_014,16-06-2025,7177,27.3,0,88.8,436746,486163.1,504719.8,499740.3
REC_001248,VIL_014,17-06-2025,7177,26.8,0,92.9,499740.3,495250.4,503393.5,494063.7
REC_001249,VIL_014,18-06-2025,7177,26.4,0,91.7,494063.7,493056.9,502505.7,515428.1
REC_001250,VIL_014,19-06-2025,7177,27,7.1,90.2,515428.1,496667.6,502411.9,441787.7
REC_001251,VIL_014,20-06-2025,7177,26,0,78.7,441787.7,486066.3,498968.1,506322.1
REC_001252,VIL_014,21-06-2025,7177,25.2,0,79.4,506322.1,486101.3,498059.7,509451.8
REC_001253,VIL_014,22-06-2025,7177,26.4,0,80,509451.8,486220,497465.5,498504.7
REC_001254,VIL_014,23-06-2025,7177,27,8.6,79.9,498504.7,495042.6,496354.7,447941.7
REC_001255,VIL_014,24-06-2025,7177,27.3,64.6,80.8,447941.7,487642.8,493534.4,446771.6
REC_001256,VIL_014,25-06-2025,7177,26.3,26,86.1,446771.6,480886.8,490091.7,447558.6
REC_001257,VIL_014,26-06-2025,7177,25.8,22,82.8,447558.6,471191.2,487478.1,441817.5
REC_001258,VIL_014,27-06-2025,7177,26.4,0,82,441817.5,471195.4,484715,498861.3
REC_001259,VIL_014,28-06-2025,7177,26.9,37.9,84.5,498861.3,470129.6,483887.8,434731.1
REC_001260,VIL_014,29-06-2025,7177,27.4,0,93.8,434731.1,459455.2,480431.3,512175.3
REC_001261,VIL_015,01-04-2025,8235,33.6,0,37.8,601022.9,579383.2,582839.5,624406.9
REC_001262,VIL_015,02-04-2025,8235,34.4,0,40.8,624406.9,583037.3,584229.9,603047.3
REC_001263,VIL_015,03-04-2025,8235,34.2,0,26.2,603047.3,584032.1,585223.4,619251.5
REC_001264,VIL_015,04-04-2025,8235,33.5,0,38.6,619251.5,590369.9,585796.9,591871.1
REC_001265,VIL_015,05-04-2025,8235,34.7,0,27.6,591871.1,596368.6,587179.8,625587.7
REC_001266,VIL_015,06-04-2025,8235,33.8,0,25.4,625587.7,602247.4,588144.9,603724.7
REC_001267,VIL_015,07-04-2025,8235,34.7,0,37.8,603724.7,609844.6,588097.9,623793.2
REC_001268,VIL_015,08-04-2025,8235,34.6,0,25.8,623793.2,613097.5,588932.5,611524.8
REC_001269,VIL_015,09-04-2025,8235,32.8,0,39.3,611524.8,611257.2,589505.2,587887.3
REC_001270,VIL_015,10-04-2025,8235,33.8,0,40.6,587887.3,609091.5,590127.9,605875.2
REC_001271,VIL_015,11-04-2025,8235,34.8,0.2,36.9,605875.2,607180.6,591625.1,603593.4
REC_001272,VIL_015,12-04-2025,8235,33.7,0,23.4,603593.4,608855.2,592078.6,611249.7
REC_001273,VIL_015,13-04-2025,8235,34.8,0,28.4,611249.7,606806.9,593614.1,600934.1
REC_001274,VIL_015,14-04-2025,8235,33.6,0,25.3,600934.1,606408.2,595052.7,608574.2
REC_001275,VIL_015,15-04-2025,8235,33.8,0,37,608574.2,604234.1,595573,623432.7
REC_001276,VIL_015,16-04-2025,8235,34.8,0,28.8,623432.7,605935.2,597499.2,630481.8
REC_001277,VIL_015,17-04-2025,8235,34.4,0,39.6,630481.8,612020.2,598504,628608.8
REC_001278,VIL_015,18-04-2025,8235,34.4,0,38.7,628608.8,615267.8,599588.1,630056.5
REC_001279,VIL_015,19-04-2025,8235,34,0,35.3,630056.5,619048.3,600706.9,596538.1
REC_001280,VIL_015,20-04-2025,8235,33.5,0,31.7,596538.1,616946.6,600854.7,593199
REC_001281,VIL_015,21-04-2025,8235,33.7,0,36.7,593199,615841.6,600681.2,610524.1
REC_001282,VIL_015,22-04-2025,8235,35,0,36.8,610524.1,616120.1,601229.5,634332.1
REC_001283,VIL_015,23-04-2025,8235,33.4,0,29.5,634332.1,617677.2,602961.9,623092
REC_001284,VIL_015,24-04-2025,8235,32.4,0,30,623092,616621.5,604909,580943.8
REC_001285,VIL_015,25-04-2025,8235,34.2,0,25.1,580943.8,609812.2,604312.8,607463.7
REC_001286,VIL_015,26-04-2025,8235,33.6,0,38.6,607463.7,606584.7,604692.1,597111.9
REC_001287,VIL_015,27-04-2025,8235,32.4,0,30.4,597111.9,606666.7,605433,606374
REC_001288,VIL_015,28-04-2025,8235,34.5,0,35.3,606374,608548.8,607316.1,620536.6
REC_001289,VIL_015,29-04-2025,8235,33.6,0,32.9,620536.6,609979.2,608519.4,593721.4
REC_001290,VIL_015,30-04-2025,8235,33.4,0,27.6,593721.4,604177.6,609958.7,605250
REC_001291,VIL_015,01-05-2025,8235,34,0,34.9,605250,601628.8,610099.6,617835.7
REC_001292,VIL_015,02-05-2025,8235,33.4,0,36.7,617835.7,606899,609880.5,615991.1
REC_001293,VIL_015,03-05-2025,8235,34.1,0,41.6,615991.1,608117.2,610312,594280.8
REC_001294,VIL_015,04-05-2025,8235,34.2,0,41.8,594280.8,607712.8,609479.7,627122.3
REC_001295,VIL_015,05-05-2025,8235,34.2,0,25.8,627122.3,610676.8,610654.7,615313.5
REC_001296,VIL_015,06-05-2025,8235,33,0,35.1,615313.5,609930.7,610312.2,613663.7
REC_001297,VIL_015,07-05-2025,8235,34.4,0,23.2,613663.7,612779.6,610643.5,625849.3
REC_001298,VIL_015,08-05-2025,8235,33.1,0,22.5,625849.3,615722.3,610712.1,592029.1
REC_001299,VIL_015,09-05-2025,8235,34.1,0,26.4,592029.1,612035.7,610062.2,597589.5
REC_001300,VIL_015,10-05-2025,8235,35.2,0,28.8,597589.5,609406.9,610385.6,629663.7
REC_001301,VIL_015,11-05-2025,8235,33.2,0,32.5,629663.7,614461.6,611178.6,591666
REC_001302,VIL_015,12-05-2025,8235,32.6,0,30.9,591666,609396.4,610781,611506.9
REC_001303,VIL_015,13-05-2025,8235,33.2,0,22.1,611506.9,608852.6,610789.5,612318.3
REC_001304,VIL_015,14-05-2025,8235,34.1,0,23,612318.3,608660.4,611169,624451.5
REC_001305,VIL_015,15-05-2025,8235,34.6,0,33.5,624451.5,608460.7,611698.3,608793.8
REC_001306,VIL_015,16-05-2025,8235,33.9,0,41.1,608793.8,610855.7,611210.3,603457.9
REC_001307,VIL_015,17-05-2025,8235,33,0,40,603457.9,611694,610309.5,608578.8
REC_001308,VIL_015,18-05-2025,8235,32.6,0,36.8,608578.8,608681.9,609641.8,582093.6
REC_001309,VIL_015,19-05-2025,8235,33.2,0,23.3,582093.6,607314.4,608043.1,612329.5
REC_001310,VIL_015,20-05-2025,8235,33.8,0,22.2,612329.5,607431.9,608569.5,621583.4
REC_001311,VIL_015,21-05-2025,8235,33.7,2,37.8,621583.4,608755.5,609515.6,605345.9
REC_001312,VIL_015,22-05-2025,8235,35,0,24,605345.9,606026.1,609343,629532.2
REC_001313,VIL_015,23-05-2025,8235,33.6,0,32.9,629532.2,608988.8,609183,595716.3
REC_001314,VIL_015,24-05-2025,8235,34,0,25.5,595716.3,607882.8,608270.5,604520.7
REC_001315,VIL_015,25-05-2025,8235,34.8,0,28.5,604520.7,607303.1,609056.4,635540.3
REC_001316,VIL_015,26-05-2025,8235,33,0,33,635540.3,614938.3,609992.3,619967.8
REC_001317,VIL_015,27-05-2025,8235,34,0,34.1,619967.8,616029.5,610754.1,611499.1
REC_001318,VIL_015,28-05-2025,8235,32.1,0,28,611499.1,614588.9,610925,610101.4
REC_001319,VIL_015,29-05-2025,8235,34.6,0,36.7,610101.4,615268.3,610577.1,617065.5
REC_001320,VIL_015,30-05-2025,8235,33.4,0,38.2,617065.5,613487.3,611355.3,598273
REC_001321,VIL_015,31-05-2025,8235,34.3,0.4,39.4,598273,613852.5,611122.7,605048.8
REC_001322,VIL_015,01-06-2025,8235,25.4,15.8,90.2,605048.8,613928,610696.5,520348.7
REC_001323,VIL_015,02-06-2025,8235,26.4,6.5,77,520348.7,597472,607508.4,497306.4
REC_001324,VIL_015,03-06-2025,8235,25.2,0,87.2,497306.4,579949,604275.9,579204.2
REC_001325,VIL_015,04-06-2025,8235,27.9,8.5,92.5,579204.2,575335.4,602678.6,508966
REC_001326,VIL_015,05-06-2025,8235,26,0,76.5,508966,560887.5,599133.7,584737.8
REC_001327,VIL_015,06-06-2025,8235,26.7,9.7,87.3,584737.8,556269.3,598169.5,507253
REC_001328,VIL_015,07-06-2025,8235,26.8,0,81.2,507253,543266.4,594216.3,568574
REC_001329,VIL_015,08-06-2025,8235,27.4,0,70.8,568574,538055.7,593434.5,565015.4
REC_001330,VIL_015,09-06-2025,8235,27.2,8.7,78.8,565015.4,544436.7,592348.7,510953.3
REC_001331,VIL_015,10-06-2025,8235,26.8,0,84.5,510953.3,546386.2,588391.7,584024.2
REC_001332,VIL_015,11-06-2025,8235,26,0,85.5,584024.2,547074.8,588136.9,578854.5
REC_001333,VIL_015,12-06-2025,8235,26,0,92.7,578854.5,557058.9,587048.5,584693.9
REC_001334,VIL_015,13-06-2025,8235,26.8,0,84.9,584693.9,557052.6,586127.7,564051.3
REC_001335,VIL_015,14-06-2025,8235,26.4,0,72.6,564051.3,565166.7,584114.4,589678.5
REC_001336,VIL_015,15-06-2025,8235,27.4,21.6,79.5,589678.5,568181.6,583477.2,509783.8
REC_001337,VIL_015,16-06-2025,8235,27.3,0,88.8,509783.8,560291.4,580354.7,563543.7
REC_001338,VIL_015,17-06-2025,8235,26.8,0,92.9,563543.7,567804.3,578853.5,575133.1
REC_001339,VIL_015,18-06-2025,8235,26.4,0,91.7,575133.1,566534.1,578621.5,588375.3
REC_001340,VIL_015,19-06-2025,8235,27,7.1,90.2,588375.3,567894.2,577823.1,519376.4
REC_001341,VIL_015,20-06-2025,8235,26,0,78.7,519376.4,558563.2,574416.2,568309.9
REC_001342,VIL_015,21-06-2025,8235,25.2,0,79.4,568309.9,559171.5,573181.6,583757.1
REC_001343,VIL_015,22-06-2025,8235,26.4,0,80,583757.1,558325.6,571655.8,562614.7
REC_001344,VIL_015,23-06-2025,8235,27,8.6,79.9,562614.7,565872.9,570552.4,493078.7
REC_001345,VIL_015,24-06-2025,8235,27.3,64.6,80.8,493078.7,555806.5,566837.7,509114.3
REC_001346,VIL_015,25-06-2025,8235,26.3,26,86.1,509114.3,546375.2,562623.5,513205.9
REC_001347,VIL_015,26-06-2025,8235,25.8,22,82.8,513205.9,535636.7,559064.7,516278.7
REC_001348,VIL_015,27-06-2025,8235,26.4,0,82,516278.7,535194.2,555890.7,570923.6
REC_001349,VIL_015,28-06-2025,8235,26.9,37.9,84.5,570923.6,535567.6,554584.8,492256.3
REC_001350,VIL_015,29-06-2025,8235,27.4,0,93.8,492256.3,522496,550424.5,575741.6
REC_001351,VIL_016,01-04-2025,2684,33.6,0,37.8,192144.5,190210.3,186411.7,198974.1
REC_001352,VIL_016,02-04-2025,2684,34.4,0,40.8,198974.1,190561.6,187084.8,196224.6
REC_001353,VIL_016,03-04-2025,2684,34.2,0,26.2,196224.6,192061.9,187618.4,201803.8
REC_001354,VIL_016,04-04-2025,2684,33.5,0,38.6,201803.8,194476.3,188191.1,193394.9
REC_001355,VIL_016,05-04-2025,2684,34.7,0,27.6,193394.9,194258.7,188414.3,204816.5
REC_001356,VIL_016,06-04-2025,2684,33.8,0,25.4,204816.5,196506.8,189116.9,204424.5
REC_001357,VIL_016,07-04-2025,2684,34.7,0,37.8,204424.5,198826.1,189617.2,199645.9
REC_001358,VIL_016,08-04-2025,2684,34.6,0,25.8,199645.9,199897.8,190287.8,200178
REC_001359,VIL_016,09-04-2025,2684,32.8,0,39.3,200178,200069.7,190920.3,190443.3
REC_001360,VIL_016,10-04-2025,2684,33.8,0,40.6,190443.3,199243.8,190883.5,192795.1
REC_001361,VIL_016,11-04-2025,2684,34.8,0.2,36.9,192795.1,197956.9,191271.5,206500
REC_001362,VIL_016,12-04-2025,2684,33.7,0,23.4,206500,199829,191804.6,193888.5
REC_001363,VIL_016,13-04-2025,2684,34.8,0,28.4,193888.5,198267.9,192283.8,200752.1
REC_001364,VIL_016,14-04-2025,2684,33.6,0,25.3,200752.1,197743.3,192770.8,201772.4
REC_001365,VIL_016,15-04-2025,2684,33.8,0,37,201772.4,198047.1,193435.9,203228
REC_001366,VIL_016,16-04-2025,2684,34.8,0,28.8,203228,198482.8,194192,201641.8
REC_001367,VIL_016,17-04-2025,2684,34.4,0,39.6,201641.8,200082.6,194608.7,201061.6
REC_001368,VIL_016,18-04-2025,2684,34.4,0,38.7,201061.6,201263.5,194779.9,202319.1
REC_001369,VIL_016,19-04-2025,2684,34,0,35.3,202319.1,200666.2,195540,204665.9
REC_001370,VIL_016,20-04-2025,2684,33.5,0,31.7,204665.9,202205.8,196148.7,198961.8
REC_001371,VIL_016,21-04-2025,2684,33.7,0,36.7,198961.8,201950.1,196388.1,199015
REC_001372,VIL_016,22-04-2025,2684,35,0,36.8,199015,201556.2,196782.6,196088
REC_001373,VIL_016,23-04-2025,2684,33.4,0,29.5,196088,200536.2,196864.3,192497.1
REC_001374,VIL_016,24-04-2025,2684,32.4,0,30,192497.1,199229.8,197218.8,195544.9
REC_001375,VIL_016,25-04-2025,2684,34.2,0,25.1,195544.9,198441.7,197186.5,204943.9
REC_001376,VIL_016,26-04-2025,2684,33.6,0,38.6,204943.9,198816.7,197827.2,202382.4
REC_001377,VIL_016,27-04-2025,2684,32.4,0,30.4,202382.4,198490.4,198409.8,200279.5
REC_001378,VIL_016,28-04-2025,2684,34.5,0,35.3,200279.5,198678.7,198588.5,200896.8
REC_001379,VIL_016,29-04-2025,2684,33.6,0,32.9,200896.8,198947.5,198982.4,201446.6
REC_001380,VIL_016,30-04-2025,2684,33.4,0,27.6,201446.6,199713,199424.4,201494.8
REC_001381,VIL_016,01-05-2025,2684,34,0,34.9,201494.8,200998.4,199736,200921.7
REC_001382,VIL_016,02-05-2025,2684,33.4,0,36.7,200921.7,201766.5,199800.9,195551.4
REC_001383,VIL_016,03-05-2025,2684,34.1,0,41.6,195551.4,200424.7,199778.5,199075.4
REC_001384,VIL_016,04-05-2025,2684,34.2,0,41.8,199075.4,199952.3,199687.6,204005.4
REC_001385,VIL_016,05-05-2025,2684,34.2,0,25.8,204005.4,200484.6,200041.2,197302.4
REC_001386,VIL_016,06-05-2025,2684,33,0,35.1,197302.4,199971.1,199790.8,201326.3
REC_001387,VIL_016,07-05-2025,2684,34.4,0,23.2,201326.3,199953.9,199687.5,197033.2
REC_001388,VIL_016,08-05-2025,2684,33.1,0,22.5,197033.2,199316.5,199600.4,199560
REC_001389,VIL_016,09-05-2025,2684,34.1,0,26.4,199560,199122,199579.8,200996.9
REC_001390,VIL_016,10-05-2025,2684,35.2,0,28.8,200996.9,199899.9,199931.6,205567.8
REC_001391,VIL_016,11-05-2025,2684,33.2,0,32.5,205567.8,200827.4,200357.4,196158.1
REC_001392,VIL_016,12-05-2025,2684,32.6,0,30.9,196158.1,199706.4,200012.6,200274.6
REC_001393,VIL_016,13-05-2025,2684,33.2,0,22.1,200274.6,200131,200225.5,198463.3
REC_001394,VIL_016,14-05-2025,2684,34.1,0,23,198463.3,199722,200149.2,196901.4
REC_001395,VIL_016,15-05-2025,2684,34.6,0,33.5,196901.4,199703.2,199986.8,202512.2
REC_001396,VIL_016,16-05-2025,2684,33.9,0,41.1,202512.2,200124.9,199963,196327.2
REC_001397,VIL_016,17-05-2025,2684,33,0,40,196327.2,199457.8,199785.8,193903.6
REC_001398,VIL_016,18-05-2025,2684,32.6,0,36.8,193903.6,197791.5,199547.2,194031.4
REC_001399,VIL_016,19-05-2025,2684,33.2,0,23.3,194031.4,197487.7,199271,201061.8
REC_001400,VIL_016,20-05-2025,2684,33.8,0,22.2,201061.8,197600.1,199150.8,198592.7
REC_001401,VIL_016,21-05-2025,2684,33.7,2,37.8,198592.7,197618.6,199138.5,200436
REC_001402,VIL_016,22-05-2025,2684,35,0,24,200436,198123.6,199185.9,200661.8
REC_001403,VIL_016,23-05-2025,2684,33.6,0,32.9,200661.8,197859.2,199338.4,195216.8
REC_001404,VIL_016,24-05-2025,2684,34,0,25.5,195216.8,197700.6,199429,204585.4
REC_001405,VIL_016,25-05-2025,2684,34.8,0,28.5,204585.4,199226.6,199730.4,202659.1
REC_001406,VIL_016,26-05-2025,2684,33,0,33,202659.1,200459.1,199654.2,201446.6
REC_001407,VIL_016,27-05-2025,2684,34,0,34.1,201446.6,200514.1,199623,195608.8
REC_001408,VIL_016,28-05-2025,2684,32.1,0,28,195608.8,200087.8,199467.3,189692.3
REC_001409,VIL_016,29-05-2025,2684,34.6,0,36.7,189692.3,198553,199093.8,205131.6
REC_001410,VIL_016,30-05-2025,2684,33.4,0,38.2,205131.6,199191.5,199216.7,199605.3
REC_001411,VIL_016,31-05-2025,2684,34.3,0.4,39.4,199605.3,199818.4,199153.7,196237.2
REC_001412,VIL_016,01-06-2025,2684,25.4,15.8,90.2,196237.2,198625.8,198997.5,163046.4
REC_001413,VIL_016,02-06-2025,2684,26.4,6.5,77,163046.4,192966.9,197914,168317
REC_001414,VIL_016,03-06-2025,2684,25.2,0,87.2,168317,188234.1,196888.8,187360
REC_001415,VIL_016,04-06-2025,2684,27.9,8.5,92.5,187360,187055.7,196333.9,167026.2
REC_001416,VIL_016,05-06-2025,2684,26,0,76.5,167026.2,183817.7,195324.7,185832.3
REC_001417,VIL_016,06-06-2025,2684,26.7,9.7,87.3,185832.3,181060.6,194808.2,164156.2
REC_001418,VIL_016,07-06-2025,2684,26.8,0,81.2,164156.2,175996.5,193712.3,193411.7
REC_001419,VIL_016,08-06-2025,2684,27.4,0,70.8,193411.7,175592.8,193507.4,185034.9
REC_001420,VIL_016,09-06-2025,2684,27.2,8.7,78.8,185034.9,178734,192975.3,165398.4
REC_001421,VIL_016,10-06-2025,2684,26.8,0,84.5,165398.4,178317.1,191636.3,191762.4
REC_001422,VIL_016,11-06-2025,2684,26,0,85.5,191762.4,178946,191489.8,184940.3
REC_001423,VIL_016,12-06-2025,2684,26,0,92.7,184940.3,181505.2,190978.7,186924.2
REC_001424,VIL_016,13-06-2025,2684,26.8,0,84.9,186924.2,181661.2,190594,189177.4
REC_001425,VIL_016,14-06-2025,2684,26.4,0,72.6,189177.4,185235.6,190336.6,187667.9
REC_001426,VIL_016,15-06-2025,2684,27.4,21.6,79.5,187667.9,184415.1,189841.8,164932.7
REC_001427,VIL_016,16-06-2025,2684,27.3,0,88.8,164932.7,181543.3,188795.3,186330.1
REC_001428,VIL_016,17-06-2025,2684,26.8,0,92.9,186330.1,184533.6,188542.8,188856.7
REC_001429,VIL_016,18-06-2025,2684,26.4,0,91.7,188856.7,184118.5,188370.3,189282
REC_001430,VIL_016,19-06-2025,2684,27,7.1,90.2,189282,184738.7,187977.7,166855
REC_001431,VIL_016,20-06-2025,2684,26,0,78.7,166855,181871.7,186919.8,183036.8
REC_001432,VIL_016,21-06-2025,2684,25.2,0,79.4,183036.8,180994.5,186339.8,189357.1
REC_001433,VIL_016,22-06-2025,2684,26.4,0,80,189357.1,181235.8,185963,192989.3
REC_001434,VIL_016,23-06-2025,2684,27,8.6,79.9,192989.3,185243.9,185888.7,165741
REC_001435,VIL_016,24-06-2025,2684,27.3,64.6,80.8,165741,182302.6,184593.9,167469.9
REC_001436,VIL_016,25-06-2025,2684,26.3,26,86.1,167469.9,179247.3,183420.9,165897.2
REC_001437,VIL_016,26-06-2025,2684,25.8,22,82.8,165897.2,175906.6,182235.9,168853.4
REC_001438,VIL_016,27-06-2025,2684,26.4,0,82,168853.4,176192.1,181344.1,192722.6
REC_001439,VIL_016,28-06-2025,2684,26.9,37.9,84.5,192722.6,177575.8,181445.1,162201.8
REC_001440,VIL_016,29-06-2025,2684,27.4,0,93.8,162201.8,173696.5,180014.1,187168.2
REC_001441,VIL_017,01-04-2025,2063,33.6,0,37.8,146741.5,144151.1,144216.2,155695.9
REC_001442,VIL_017,02-04-2025,2063,34.4,0,40.8,155695.9,146278.9,144644.2,153104.1
REC_001443,VIL_017,03-04-2025,2063,34.2,0,26.2,153104.1,146826.6,144979.6,151572.5
REC_001444,VIL_017,04-04-2025,2063,33.5,0,38.6,151572.5,147824.5,145398.6,147564.1
REC_001445,VIL_017,05-04-2025,2063,34.7,0,27.6,147564.1,149027.6,145352.8,155285.1
REC_001446,VIL_017,06-04-2025,2063,33.8,0,25.4,155285.1,150434.7,145938.8,151746.4
REC_001447,VIL_017,07-04-2025,2063,34.7,0,37.8,151746.4,151672.8,146169.7,153428.2
REC_001448,VIL_017,08-04-2025,2063,34.6,0,25.8,153428.2,152628,146392.4,151437.5
REC_001449,VIL_017,09-04-2025,2063,32.8,0,39.3,151437.5,152019.7,146767.5,149843.7
REC_001450,VIL_017,10-04-2025,2063,33.8,0,40.6,149843.7,151553.9,146753.2,157078.1
REC_001451,VIL_017,11-04-2025,2063,34.8,0.2,36.9,157078.1,152340.4,147012.5,152929
REC_001452,VIL_017,12-04-2025,2063,33.7,0,23.4,152929,153106.9,147310.4,153336.6
REC_001453,VIL_017,13-04-2025,2063,34.8,0,28.4,153336.6,152828.5,147650.7,157375.7
REC_001454,VIL_017,14-04-2025,2063,33.6,0,25.3,157375.7,153632.7,148209.7,154483.6
REC_001455,VIL_017,15-04-2025,2063,33.8,0,37,154483.6,153783.5,148434.8,151073.2
REC_001456,VIL_017,16-04-2025,2063,34.8,0,28.8,151073.2,153731.4,148834.2,155837.2
REC_001457,VIL_017,17-04-2025,2063,34.4,0,39.6,155837.2,154587.6,149128.3,157370.2
REC_001458,VIL_017,18-04-2025,2063,34.4,0,38.7,157370.2,154629.4,149395.5,149465.5
REC_001459,VIL_017,19-04-2025,2063,34,0,35.3,149465.5,154134.6,149694.7,152484.4
REC_001460,VIL_017,20-04-2025,2063,33.5,0,31.7,152484.4,154012.8,149787.5,149477
REC_001461,VIL_017,21-04-2025,2063,33.7,0,36.7,149477,152884.4,150181,151406.2
REC_001462,VIL_017,22-04-2025,2063,35,0,36.8,151406.2,152444.8,150215.5,154458.2
REC_001463,VIL_017,23-04-2025,2063,33.4,0,29.5,154458.2,152928.4,150734.2,154021.2
REC_001464,VIL_017,24-04-2025,2063,32.4,0,30,154021.2,152669,150984.4,145962.7
REC_001465,VIL_017,25-04-2025,2063,34.2,0,25.1,145962.7,151039.3,151156.4,153623.7
REC_001466,VIL_017,26-04-2025,2063,33.6,0,38.6,153623.7,151633.3,151301.6,152794.4
REC_001467,VIL_017,27-04-2025,2063,32.4,0,30.4,152794.4,151677.6,151575.1,149556.3
REC_001468,VIL_017,28-04-2025,2063,34.5,0,35.3,149556.3,151689,151922.2,156302.4
REC_001469,VIL_017,29-04-2025,2063,33.6,0,32.9,156302.4,152388.4,152284.5,151146.9
REC_001470,VIL_017,30-04-2025,2063,33.4,0,27.6,151146.9,151915.4,152553.4,155827
REC_001471,VIL_017,01-05-2025,2063,34,0,34.9,155827,152173.3,152856.2,152907.5
REC_001472,VIL_017,02-05-2025,2063,33.4,0,36.7,152907.5,153165.5,152763.3,152423.4
REC_001473,VIL_017,03-05-2025,2063,34.1,0,41.6,152423.4,152994,152740.6,156285.3
REC_001474,VIL_017,04-05-2025,2063,34.2,0,41.8,156285.3,153492.7,152897.7,151437.6
REC_001475,VIL_017,05-05-2025,2063,34.2,0,25.8,151437.6,153761.4,153026.8,149595.2
REC_001476,VIL_017,06-05-2025,2063,33,0,35.1,149595.2,152803.3,152837.1,152789.8
REC_001477,VIL_017,07-05-2025,2063,34.4,0,23.2,152789.8,153038,152871.9,153784.1
REC_001478,VIL_017,08-05-2025,2063,33.1,0,22.5,153784.1,152746.1,152883.8,154720.4
REC_001479,VIL_017,09-05-2025,2063,34.1,0,26.4,154720.4,153005.1,152993.2,157730.7
REC_001480,VIL_017,10-05-2025,2063,35.2,0,28.8,157730.7,153763.3,153256.1,154731.6
REC_001481,VIL_017,11-05-2025,2063,33.2,0,32.5,154731.6,153541.3,153177.9,150573.8
REC_001482,VIL_017,12-05-2025,2063,32.6,0,30.9,150573.8,153417.9,153099.4,149213.4
REC_001483,VIL_017,13-05-2025,2063,33.2,0,22.1,149213.4,153363.4,152962,149748.5
REC_001484,VIL_017,14-05-2025,2063,34.1,0,23,149748.5,152928.9,152707.7,155882
REC_001485,VIL_017,15-05-2025,2063,34.6,0,33.5,155882,153228.6,152754.3,156773.2
REC_001486,VIL_017,16-05-2025,2063,33.9,0,41.1,156773.2,153521.9,152944.3,152662.1
REC_001487,VIL_017,17-05-2025,2063,33,0,40,152662.1,152797.8,152838.5,146785.6
REC_001488,VIL_017,18-05-2025,2063,32.6,0,36.8,146785.6,151662.7,152485.7,148327.5
REC_001489,VIL_017,19-05-2025,2063,33.2,0,23.3,148327.5,151341.8,152447.7,149455.7
REC_001490,VIL_017,20-05-2025,2063,33.8,0,22.2,149455.7,151376.4,152346.8,155490.5
REC_001491,VIL_017,21-05-2025,2063,33.7,2,37.8,155490.5,152196.7,152547.2,148652.9
REC_001492,VIL_017,22-05-2025,2063,35,0,24,148652.9,151163.9,152455.5,158087.9
REC_001493,VIL_017,23-05-2025,2063,33.6,0,32.9,158087.9,151351.7,152576.4,153753.2
REC_001494,VIL_017,24-05-2025,2063,34,0,25.5,153753.2,151507.6,152567.5,155209.5
REC_001495,VIL_017,25-05-2025,2063,34.8,0,28.5,155209.5,152711,152875.7,154177.9
REC_001496,VIL_017,26-05-2025,2063,33,0,33,154177.9,153546.8,152894.2,152535.8
REC_001497,VIL_017,27-05-2025,2063,34,0,34.1,152535.8,153986.8,152885.6,154076
REC_001498,VIL_017,28-05-2025,2063,32.1,0,28,154076,153784.7,153036.2,151362.9
REC_001499,VIL_017,29-05-2025,2063,34.6,0,36.7,151362.9,154171.9,152871.6,153881.2
REC_001500,VIL_017,30-05-2025,2063,33.4,0,38.2,153881.2,153570.9,152962.7,151527.4
REC_001501,VIL_017,31-05-2025,2063,34.3,0.4,39.4,151527.4,153253,152819.4,155048.7
REC_001502,VIL_017,01-06-2025,2063,25.4,15.8,90.2,155048.7,153230,152890.8,124092.5
REC_001503,VIL_017,02-06-2025,2063,26.4,6.5,77,124092.5,148932.1,151946.4,126594.7
REC_001504,VIL_017,03-06-2025,2063,25.2,0,87.2,126594.7,145226.2,150956.7,148499.3
REC_001505,VIL_017,04-06-2025,2063,27.9,8.5,92.5,148499.3,144429.5,150858.8,123554.7
REC_001506,VIL_017,05-06-2025,2063,26,0,76.5,123554.7,140456.9,149990.8,142815.8
REC_001507,VIL_017,06-06-2025,2063,26.7,9.7,87.3,142815.8,138876.2,149658.3,125663.4
REC_001508,VIL_017,07-06-2025,2063,26.8,0,81.2,125663.4,135181.3,148721,145566.4
REC_001509,VIL_017,08-06-2025,2063,27.4,0,70.8,145566.4,133826.7,148415.8,140994.4
REC_001510,VIL_017,09-06-2025,2063,27.2,8.7,78.8,140994.4,136241.2,147858,128060.9
REC_001511,VIL_017,10-06-2025,2063,26.8,0,84.5,128060.9,136450.7,146968.9,140901.2
REC_001512,VIL_017,11-06-2025,2063,26,0,85.5,140901.2,135365.3,146646.5,140900.4
REC_001513,VIL_017,12-06-2025,2063,26,0,92.7,140900.4,137843.2,146369.4,146387.1
REC_001514,VIL_017,13-06-2025,2063,26.8,0,84.9,146387.1,138353.4,146257.4,142886.2
REC_001515,VIL_017,14-06-2025,2063,26.4,0,72.6,142886.2,140813.8,145824.2,148546.7
REC_001516,VIL_017,15-06-2025,2063,27.4,21.6,79.5,148546.7,141239.6,145550,123553.2
REC_001517,VIL_017,16-06-2025,2063,27.3,0,88.8,123553.2,138748,144579.7,143934.4
REC_001518,VIL_017,17-06-2025,2063,26.8,0,92.9,143934.4,141015.6,144484.6,141058
REC_001519,VIL_017,18-06-2025,2063,26.4,0,91.7,141058,141038,144242.3,143122.3
REC_001520,VIL_017,19-06-2025,2063,27,7.1,90.2,143122.3,141355.4,144031.2,130879.7
REC_001521,VIL_017,20-06-2025,2063,26,0,78.7,130879.7,139140.1,143210.8,147779.2
REC_001522,VIL_017,21-06-2025,2063,25.2,0,79.4,147779.2,139839.1,143181.7,140496.4
REC_001523,VIL_017,22-06-2025,2063,26.4,0,80,140496.4,138689,142595.3,144958.1
REC_001524,VIL_017,23-06-2025,2063,27,8.6,79.9,144958.1,141746.9,142302.1,128207.9
REC_001525,VIL_017,24-06-2025,2063,27.3,64.6,80.8,128207.9,139500.2,141402.1,124866
REC_001526,VIL_017,25-06-2025,2063,26.3,26,86.1,124866,137187.1,140425,124374.8
REC_001527,VIL_017,26-06-2025,2063,25.8,22,82.8,124374.8,134508.9,139486.3,130164.1
REC_001528,VIL_017,27-06-2025,2063,26.4,0,82,130164.1,134406.6,138689.3,148472.1
REC_001529,VIL_017,28-06-2025,2063,26.9,37.9,84.5,148472.1,134505.6,138592.9,130831.4
REC_001530,VIL_017,29-06-2025,2063,27.4,0,93.8,130831.4,133124.9,137824.6,146920.7
REC_001531,VIL_018,01-04-2025,3990,33.9,0,37.4,265848.1,273355.3,279117.4,291568.5
REC_001532,VIL_018,02-04-2025,3990,32.6,0,28.9,291568.5,276068.6,279374.1,295498.5
REC_001533,VIL_018,03-04-2025,3990,33.4,0,34.6,295498.5,280302.2,280057.7,295578.4
REC_001534,VIL_018,04-04-2025,3990,34.4,0,31.6,295578.4,284479.5,280906.2,302267.3
REC_001535,VIL_018,05-04-2025,3990,33.2,0,37.5,302267.3,286105.2,282063.8,291779.3
REC_001536,VIL_018,06-04-2025,3990,33.2,0,31.7,291779.3,288478.4,282299.8,289364.8
REC_001537,VIL_018,07-04-2025,3990,33.4,0,26.4,289364.8,290272.1,282370.2,293241.5
REC_001538,VIL_018,08-04-2025,3990,34,0,24.7,293241.5,294185.5,282531,292915.1
REC_001539,VIL_018,09-04-2025,3990,32.3,0,34.9,292915.1,294377.8,282599.6,294812.3
REC_001540,VIL_018,10-04-2025,3990,34,0,35.2,294812.3,294279.8,282763,292464
REC_001541,VIL_018,11-04-2025,3990,33.5,0,39.6,292464,293834.9,282736.5,296781.1
REC_001542,VIL_018,12-04-2025,3990,35.3,0,37.7,296781.1,293051.2,283557.5,294937.3
REC_001543,VIL_018,13-04-2025,3990,34.8,1.2,27.2,294937.3,293502.3,283833.6,302766.6
REC_001544,VIL_018,14-04-2025,3990,33.3,0.5,34,302766.6,295416.8,284535.3,300394.3
REC_001545,VIL_018,15-04-2025,3990,33.6,0,27.2,300394.3,296438.7,285460.7,296300.1
REC_001546,VIL_018,16-04-2025,3990,34,0,35.7,296300.1,296922.2,285578.8,297121.2
REC_001547,VIL_018,17-04-2025,3990,32.7,0,30.7,297121.2,297252.1,285802.4,298652
REC_001548,VIL_018,18-04-2025,3990,34.4,0,29.5,298652,298136.1,286793.3,300009.6
REC_001549,VIL_018,19-04-2025,3990,33.4,0,29.7,300009.6,298597.3,287924.7,289309.3
REC_001550,VIL_018,20-04-2025,3990,33.8,0,36.5,289309.3,297793.3,288083,291542.7
REC_001551,VIL_018,21-04-2025,3990,34.3,0,26.2,291542.7,296189.9,288394.2,300977.3
REC_001552,VIL_018,22-04-2025,3990,32.6,0,31.9,300977.3,296273.2,288711,294292
REC_001553,VIL_018,23-04-2025,3990,33.8,0,40.6,294292,295986.3,289458.4,291739.4
REC_001554,VIL_018,24-04-2025,3990,33.1,0,37.6,291739.4,295217.5,290260,289575.2
REC_001555,VIL_018,25-04-2025,3990,32.6,0,41.5,289575.2,293920.8,290826.7,298742.8
REC_001556,VIL_018,26-04-2025,3990,33.6,0,36.6,298742.8,293739.8,291922.6,287351.5
REC_001557,VIL_018,27-04-2025,3990,32.6,0,40.9,287351.5,293460.1,292623.1,288532.4
REC_001558,VIL_018,28-04-2025,3990,34,0,34.3,288532.4,293030.1,292544.6,288285.5
REC_001559,VIL_018,29-04-2025,3990,33.6,0,41.6,288285.5,291217,292981.9,300053.4
REC_001560,VIL_018,30-04-2025,3990,33.6,0,37,300053.4,292040,293756.7,287181.8
REC_001561,VIL_018,01-05-2025,3990,33,0,23.9,287181.8,291388.9,294467.8,294915.7
REC_001562,VIL_018,02-05-2025,3990,33.6,0,25.4,294915.7,292151.9,294579.4,286548.4
REC_001563,VIL_018,03-05-2025,3990,33.8,0,31.7,286548.4,290409.8,294281.1,298281.9
REC_001564,VIL_018,04-05-2025,3990,32.7,0,28.7,298281.9,291971.3,294371.2,296593.1
REC_001565,VIL_018,05-05-2025,3990,33.2,0,23.7,296593.1,293122.8,294182.1,290929.5
REC_001566,VIL_018,06-05-2025,3990,32.2,0,24.1,290929.5,293500.5,294153.7,288899.9
REC_001567,VIL_018,07-05-2025,3990,32.6,0,30.2,288899.9,291907.2,294138.2,288478.4
REC_001568,VIL_018,08-05-2025,3990,32.7,0,30.3,288478.4,292092.4,293979.5,287132.8
REC_001569,VIL_018,09-05-2025,3990,35,0,33.2,287132.8,290980.6,293786.7,305710.7
REC_001570,VIL_018,10-05-2025,3990,32.2,0,34,305710.7,293718,294150,284570
REC_001571,VIL_018,11-05-2025,3990,33.4,0,35.2,284570,291759.2,293886.9,297470.9
REC_001572,VIL_018,12-05-2025,3990,33.2,0,24.8,297470.9,291884.6,293909.9,287546.5
REC_001573,VIL_018,13-05-2025,3990,34.2,0,31.5,287546.5,291401.3,293663.5,292439.9
REC_001574,VIL_018,14-05-2025,3990,33.6,0,30.9,292439.9,291907,293319.3,291493.6
REC_001575,VIL_018,15-05-2025,3990,32.6,0,38.3,291493.6,292337.8,293022.6,291745.1
REC_001576,VIL_018,16-05-2025,3990,33.6,0,35.4,291745.1,292996.7,292870.8,293577.2
REC_001577,VIL_018,17-05-2025,3990,34,0,38,293577.2,291263.3,292752.6,300412.6
REC_001578,VIL_018,18-05-2025,3990,34.6,0,24.8,300412.6,293526.5,292811.3,293440.5
REC_001579,VIL_018,19-05-2025,3990,32.8,0,40.2,293440.5,292950.8,292592.3,282486
REC_001580,VIL_018,20-05-2025,3990,33.4,0,31,282486,292227.8,292364.9,298415.2
REC_001581,VIL_018,21-05-2025,3990,33.2,0,40.9,298415.2,293081.5,292594,298355.3
REC_001582,VIL_018,22-05-2025,3990,33,0,41.4,298355.3,294061.7,292506.6,284154.1
REC_001583,VIL_018,23-05-2025,3990,33,0,29.4,284154.1,292977.3,292168.6,293810.7
REC_001584,VIL_018,24-05-2025,3990,33.6,0,26.9,293810.7,293010.6,292237.7,292231
REC_001585,VIL_018,25-05-2025,3990,34.4,0,38.3,292231,291841.8,292326.2,302984
REC_001586,VIL_018,26-05-2025,3990,33.9,0,34,302984,293205.2,292467.6,302280.5
REC_001587,VIL_018,27-05-2025,3990,33,0,28,302280.5,296033,292965.2,298015.3
REC_001588,VIL_018,28-05-2025,3990,33.9,0,31.5,298015.3,295975.8,293281.3,300556.2
REC_001589,VIL_018,29-05-2025,3990,34.8,8.2,32.5,300556.2,296290.3,293690.3,259829.4
REC_001590,VIL_018,30-05-2025,3990,31.7,0,34.7,259829.4,292815.3,292349.5,291782.1
REC_001591,VIL_018,31-05-2025,3990,33.2,0,33,291782.1,292525.5,292502.9,293294.4
REC_001592,VIL_018,01-06-2025,3990,26,0,79.6,293294.4,292677.4,292448.8,271805.1
REC_001593,VIL_018,02-06-2025,3990,27.2,31,83.3,271805.1,288223.3,291957.4,245149
REC_001594,VIL_018,03-06-2025,3990,27.4,0,76.5,245149,280061.6,290186.3,286709.7
REC_001595,VIL_018,04-06-2025,3990,27.5,15,90.8,286709.7,278446.6,289856.9,251503.8
REC_001596,VIL_018,05-06-2025,3990,25.1,0,74.4,251503.8,271439.1,288542.7,272634.7
REC_001597,VIL_018,06-06-2025,3990,25.5,0,88.5,272634.7,273268.4,288000.5,283391.1
REC_001598,VIL_018,07-06-2025,3990,25,0,73,283391.1,272069.7,287830.9,284424.5
REC_001599,VIL_018,08-06-2025,3990,25.6,0,75.8,284424.5,270802.6,287740.6,275468.9
REC_001600,VIL_018,09-06-2025,3990,26.4,5.6,75.3,275468.9,271326,286732.6,245365.3
REC_001601,VIL_018,10-06-2025,3990,26.4,0,83.2,245365.3,271356.9,285425.8,282835.7
REC_001602,VIL_018,11-06-2025,3990,26.3,20,84,282835.7,270803.4,284937.9,244885
REC_001603,VIL_018,12-06-2025,3990,26.6,72,82.7,244885,269857.9,283515.9,240073.9
REC_001604,VIL_018,13-06-2025,3990,25.8,9.7,77.2,240073.9,265206.3,281770.3,248820.2
REC_001605,VIL_018,14-06-2025,3990,26.7,0,73.3,248820.2,260267.6,280347.9,286198.2
REC_001606,VIL_018,15-06-2025,3990,26.7,4.3,70.3,286198.2,260521,280163,281855.3
REC_001607,VIL_018,16-06-2025,3990,25.5,0,93,281855.3,261433.4,279772.3,283888.4
REC_001608,VIL_018,17-06-2025,3990,26.4,9.3,91.5,283888.4,266936.7,279221.5,243695.3
REC_001609,VIL_018,18-06-2025,3990,25.2,17.5,93.8,243695.3,261345.2,277563.3,241112.1
REC_001610,VIL_018,19-06-2025,3990,26.5,0,75.4,241112.1,260806.2,276184.1,281692.6
REC_001611,VIL_018,20-06-2025,3990,27.4,4.1,76.1,281692.6,266751.7,275626.7,276413.8
REC_001612,VIL_018,21-06-2025,3990,26.5,0,82.4,276413.8,270693.7,274895.3,285334.1
REC_001613,VIL_018,22-06-2025,3990,24.8,38.6,71.2,285334.1,270570.2,274934.7,240218.9
REC_001614,VIL_018,23-06-2025,3990,25.2,0,79.7,240218.9,264622.2,273148.3,278185
REC_001615,VIL_018,24-06-2025,3990,26.5,0,73.1,278185,263807.4,272680.1,277569.4
REC_001616,VIL_018,25-06-2025,3990,26.6,1,73.4,277569.4,268646.6,271832.9,286640.9
REC_001617,VIL_018,26-06-2025,3990,25.6,28.8,84.8,286640.9,275150.7,271311.6,240668.8
REC_001618,VIL_018,27-06-2025,3990,26.6,0,89.4,240668.8,269290.1,269400.1,271086
REC_001619,VIL_018,28-06-2025,3990,25.2,0.4,79.4,271086,268529,268417.7,274910.8
REC_001620,VIL_018,29-06-2025,3990,26.6,0,87.6,274910.8,267040,268920.4,284667.2
REC_001621,VIL_019,01-04-2025,1763,33.9,0,37.4,126473.5,123087.2,123349.8,127599.9
REC_001622,VIL_019,02-04-2025,1763,32.6,0,28.9,127599.9,124161.2,123609.1,126280.9
REC_001623,VIL_019,03-04-2025,1763,33.4,0,34.6,126280.9,124463.8,123811.4,132095.7
REC_001624,VIL_019,04-04-2025,1763,34.4,0,31.6,132095.7,126349,124253.1,133630.9
REC_001625,VIL_019,05-04-2025,1763,33.2,0,37.5,133630.9,128126.1,124505.2,128450.2
REC_001626,VIL_019,06-04-2025,1763,33.2,0,31.7,128450.2,128117.3,124850.5,132859.8
REC_001627,VIL_019,07-04-2025,1763,33.4,0,26.4,132859.8,129627.3,125234.9,132899.6
REC_001628,VIL_019,08-04-2025,1763,34,0,24.7,132899.6,130545.3,125640.7,134443.1
REC_001629,VIL_019,09-04-2025,1763,32.3,0,34.9,134443.1,131522.9,125985.8,127115.5
REC_001630,VIL_019,10-04-2025,1763,34,0,35.2,127115.5,131642.1,126014.5,128440.1
REC_001631,VIL_019,11-04-2025,1763,33.5,0,39.6,128440.1,131119.9,126168.6,130876.1
REC_001632,VIL_019,12-04-2025,1763,35.3,0,37.7,130876.1,130726.3,126240.2,134698
REC_001633,VIL_019,13-04-2025,1763,34.8,1.2,27.2,134698,131618.9,126430.7,129322.4
REC_001634,VIL_019,14-04-2025,1763,33.3,0.5,34,129322.4,131113.5,126684.8,131745.1
REC_001635,VIL_019,15-04-2025,1763,33.6,0,27.2,131745.1,130948.6,126848.4,126312.9
REC_001636,VIL_019,16-04-2025,1763,34,0,35.7,126312.9,129787.2,126847,130679
REC_001637,VIL_019,17-04-2025,1763,32.7,0,30.7,130679,130296.2,126927.6,127106.2
REC_001638,VIL_019,18-04-2025,1763,34.4,0,29.5,127106.2,130105.7,127072.2,133451.8
REC_001639,VIL_019,19-04-2025,1763,33.4,0,29.7,133451.8,130473.6,127394.4,128246.8
REC_001640,VIL_019,20-04-2025,1763,33.8,0,36.5,128246.8,129552,127590.3,133002.2
REC_001641,VIL_019,21-04-2025,1763,34.3,0,26.2,133002.2,130077.7,127765.9,132118.4
REC_001642,VIL_019,22-04-2025,1763,32.6,0,31.9,132118.4,130131,128167.4,130484
REC_001643,VIL_019,23-04-2025,1763,33.8,0,40.6,130484,130726.9,128510.2,134274.3
REC_001644,VIL_019,24-04-2025,1763,33.1,0,37.6,134274.3,131240.5,128924.8,130536.8
REC_001645,VIL_019,25-04-2025,1763,32.6,0,41.5,130536.8,131730.6,129273.3,131953.9
REC_001646,VIL_019,26-04-2025,1763,33.6,0,36.6,131953.9,131516.6,129533,126397
REC_001647,VIL_019,27-04-2025,1763,32.6,0,40.9,126397,131252.4,129782.9,126977.7
REC_001648,VIL_019,28-04-2025,1763,34,0,34.3,126977.7,130391.7,129975.8,127736.7
REC_001649,VIL_019,29-04-2025,1763,33.6,0,41.6,127736.7,129765.8,129949.9,128219.1
REC_001650,VIL_019,30-04-2025,1763,33.6,0,37,128219.1,129442.2,130147.6,132719
REC_001651,VIL_019,01-05-2025,1763,33,0,23.9,132719,129220,130355.8,125344.7
REC_001652,VIL_019,02-05-2025,1763,33.6,0,25.4,125344.7,128478.3,130280.6,130231.7
REC_001653,VIL_019,03-05-2025,1763,33.8,0,31.7,130231.7,128232.3,130412.3,130969.8
REC_001654,VIL_019,04-05-2025,1763,32.7,0,28.7,130969.8,128885.5,130374.8,128879.2
REC_001655,VIL_019,05-05-2025,1763,33.2,0,23.7,128879.2,129157.2,130216.4,129142
REC_001656,VIL_019,06-05-2025,1763,32.2,0,24.1,129142,129357.9,130239.4,129705.3
REC_001657,VIL_019,07-05-2025,1763,32.6,0,30.2,129705.3,129570.2,130134.3,125403.7
REC_001658,VIL_019,08-05-2025,1763,32.7,0,30.3,125403.7,128525.2,129884.4,126948.7
REC_001659,VIL_019,09-05-2025,1763,35,0,33.2,126948.7,128754.3,129634.6,133586.9
REC_001660,VIL_019,10-05-2025,1763,32.2,0,34,133586.9,129233.7,129850.3,128943.1
REC_001661,VIL_019,11-05-2025,1763,33.4,0,35.2,128943.1,128944.1,129867.1,128958
REC_001662,VIL_019,12-05-2025,1763,33.2,0,24.8,128958,128955.4,129803.1,132246.6
REC_001663,VIL_019,13-05-2025,1763,34.2,0,31.5,132246.6,129398.9,129721.4,130519.7
REC_001664,VIL_019,14-05-2025,1763,33.6,0,30.9,130519.7,129515.2,129761.3,129315.4
REC_001665,VIL_019,15-05-2025,1763,32.6,0,38.3,129315.4,130074.1,129680.4,124654.9
REC_001666,VIL_019,16-05-2025,1763,33.6,0,35.4,124654.9,129746.4,129625.1,130473.3
REC_001667,VIL_019,17-05-2025,1763,34,0,38,130473.3,129301.6,129618.2,132452.5
REC_001668,VIL_019,18-05-2025,1763,34.6,0,24.8,132452.5,129802.9,129796.4,128873.4
REC_001669,VIL_019,19-05-2025,1763,32.8,0,40.2,128873.4,129790.8,129643.8,127092
REC_001670,VIL_019,20-05-2025,1763,33.4,0,31,127092,129054.5,129605.3,131892.7
REC_001671,VIL_019,21-05-2025,1763,33.2,0,40.9,131892.7,129250.6,129568.4,128293.2
REC_001672,VIL_019,22-05-2025,1763,33,0,41.4,128293.2,129104.6,129440.8,126964
REC_001673,VIL_019,23-05-2025,1763,33,0,29.4,126964,129434.4,129323.5,130295.9
REC_001674,VIL_019,24-05-2025,1763,33.6,0,26.9,130295.9,129409.1,129190.9,127707.5
REC_001675,VIL_019,25-05-2025,1763,34.4,0,38.3,127707.5,128731.2,129096.6,134678.1
REC_001676,VIL_019,26-05-2025,1763,33.9,0,34,134678.1,129560.5,129187.4,127538.3
REC_001677,VIL_019,27-05-2025,1763,33,0,28,127538.3,129624.2,129225.4,130561.7
REC_001678,VIL_019,28-05-2025,1763,33.9,0,31.5,130561.7,129434.1,129344.9,130625.9
REC_001679,VIL_019,29-05-2025,1763,34.8,8.2,32.5,130625.9,129767.3,129441.2,119004.1
REC_001680,VIL_019,30-05-2025,1763,31.7,0,34.7,119004.1,128630.2,129134,123718.5
REC_001681,VIL_019,31-05-2025,1763,33.2,0,33,123718.5,127690.6,128834,130714.1
REC_001682,VIL_019,01-06-2025,1763,26,0,79.6,130714.1,128120.1,129013,123943.5
REC_001683,VIL_019,02-06-2025,1763,27.2,31,83.3,123943.5,126586.6,128803.4,108471.1
REC_001684,VIL_019,03-06-2025,1763,27.4,0,76.5,108471.1,123862.7,128053.4,123346.4
REC_001685,VIL_019,04-06-2025,1763,27.5,15,90.8,123346.4,122831.9,127869,110047.2
REC_001686,VIL_019,05-06-2025,1763,25.1,0,74.4,110047.2,119892.1,127232.5,126651.3
REC_001687,VIL_019,06-06-2025,1763,25.5,0,88.5,126651.3,120984.6,127130.7,120383.4
REC_001688,VIL_019,07-06-2025,1763,25,0,73,120383.4,120508.1,126963.4,119852.1
REC_001689,VIL_019,08-06-2025,1763,25.6,0,75.8,119852.1,118956.4,126726.8,125673.6
REC_001690,VIL_019,09-06-2025,1763,26.4,5.6,75.3,125673.6,119203.6,126463.1,106047.6
REC_001691,VIL_019,10-06-2025,1763,26.4,0,83.2,106047.6,118857.4,125699.9,127013.8
REC_001692,VIL_019,11-06-2025,1763,26.3,20,84,127013.8,119381.3,125635.1,109378.5
REC_001693,VIL_019,12-06-2025,1763,26.6,72,82.7,109378.5,119285.8,124872.8,109583.9
REC_001694,VIL_019,13-06-2025,1763,25.8,9.7,77.2,109583.9,116847.6,124174.9,106638.8
REC_001695,VIL_019,14-06-2025,1763,26.7,0,73.3,106638.8,114884,123419,121487.1
REC_001696,VIL_019,15-06-2025,1763,26.7,4.3,70.3,121487.1,115117.6,123313.4,124589.9
REC_001697,VIL_019,16-06-2025,1763,25.5,0,93,124589.9,114962.8,123117.3,126443.9
REC_001698,VIL_019,17-06-2025,1763,26.4,9.3,91.5,126443.9,117876.6,122917,111744.1
REC_001699,VIL_019,18-06-2025,1763,25.2,17.5,93.8,111744.1,115695.2,122346.1,106633.2
REC_001700,VIL_019,19-06-2025,1763,26.5,0,75.4,106633.2,115303,121664.1,120700.8
REC_001701,VIL_019,20-06-2025,1763,27.4,4.1,76.1,120700.8,116891.1,121291.1,120125.3
REC_001702,VIL_019,21-06-2025,1763,26.5,0,82.4,120125.3,118817.8,121018.8,126137.1
REC_001703,VIL_019,22-06-2025,1763,24.8,38.6,71.2,126137.1,119482,120991.2,107263.2
REC_001704,VIL_019,23-06-2025,1763,25.2,0,79.7,107263.2,117006.8,120223.5,119721.1
REC_001705,VIL_019,24-06-2025,1763,26.5,0,73.1,119721.1,116046.4,119957.3,121365
REC_001706,VIL_019,25-06-2025,1763,26.6,1,73.4,121365,117420.8,119513.5,122228.5
REC_001707,VIL_019,26-06-2025,1763,25.6,28.8,84.8,122228.5,119648.7,119336.5,111800.1
REC_001708,VIL_019,27-06-2025,1763,26.6,0,89.4,111800.1,118377.2,118711.1,123584.3
REC_001709,VIL_019,28-06-2025,1763,25.2,0.4,79.4,123584.3,118871.3,118476.4,121223.5
REC_001710,VIL_019,29-06-2025,1763,26.6,0,87.6,121223.5,118169.4,118550.4,122186.9
REC_001711,VIL_020,01-04-2025,6316,33.6,0,37.8,463282.3,449678.3,444473.5,472330.3
REC_001712,VIL_020,02-04-2025,6316,34.4,0,40.8,472330.3,451300,445730.6,483423.5
REC_001713,VIL_020,03-04-2025,6316,34.2,0,26.2,483423.5,454686,447815.1,478554.5
REC_001714,VIL_020,04-04-2025,6316,33.5,0,38.6,478554.5,458428.1,449567.3,455925.5
REC_001715,VIL_020,05-04-2025,6316,34.7,0,27.6,455925.5,461240.3,449739.8,466167.5
REC_001716,VIL_020,06-04-2025,6316,33.8,0,25.4,466167.5,467163.4,451101,462886.9
REC_001717,VIL_020,07-04-2025,6316,34.7,0,37.8,462886.9,468938.6,452190.1,463868.9
REC_001718,VIL_020,08-04-2025,6316,34.6,0,25.8,463868.9,469022.4,453135,474941.7
REC_001719,VIL_020,09-04-2025,6316,32.8,0,39.3,474941.7,469395.5,453849.2,473831.1
REC_001720,VIL_020,10-04-2025,6316,33.8,0,40.6,473831.1,468025.2,454784.8,474651.9
REC_001721,VIL_020,11-04-2025,6316,34.8,0.2,36.9,474651.9,467467.6,455590.7,471774
REC_001722,VIL_020,12-04-2025,6316,33.7,0,23.4,471774,469731.7,456480.4,452784.1
REC_001723,VIL_020,13-04-2025,6316,34.8,0,28.4,452784.1,467819.8,456565.3,468642.7
REC_001724,VIL_020,14-04-2025,6316,33.6,0,25.3,468642.7,468642.1,458182.1,466742.7
REC_001725,VIL_020,15-04-2025,6316,33.8,0,37,466742.7,469052.6,458367.8,462393
REC_001726,VIL_020,16-04-2025,6316,34.8,0,28.8,462393,467259.9,459617,462891.6
REC_001727,VIL_020,17-04-2025,6316,34.4,0,39.6,462891.6,465697.1,460447.5,469681.4
REC_001728,VIL_020,18-04-2025,6316,34.4,0,38.7,469681.4,464987.1,460966.8,464322.4
REC_001729,VIL_020,19-04-2025,6316,34,0,35.3,464322.4,463922.6,461802.3,480154.3
REC_001730,VIL_020,20-04-2025,6316,33.5,0,31.7,480154.3,467832.6,462411.6,454212.3
REC_001731,VIL_020,21-04-2025,6316,33.7,0,36.7,454212.3,465771.1,462862.4,454034.2
REC_001732,VIL_020,22-04-2025,6316,35,0,36.8,454034.2,463955.6,462707,461172.2
REC_001733,VIL_020,23-04-2025,6316,33.4,0,29.5,461172.2,463781.2,462884,459874.7
REC_001734,VIL_020,24-04-2025,6316,32.4,0,30,459874.7,463350.2,462767,462444.1
REC_001735,VIL_020,25-04-2025,6316,34.2,0,25.1,462444.1,462316.3,462815.8,476470.9
REC_001736,VIL_020,26-04-2025,6316,33.6,0,38.6,476470.9,464051.8,463374.1,464687.7
REC_001737,VIL_020,27-04-2025,6316,32.4,0,30.4,464687.7,461842.3,463785.1,463102.1
REC_001738,VIL_020,28-04-2025,6316,34.5,0,35.3,463102.1,463112.3,464680.5,467996.2
REC_001739,VIL_020,29-04-2025,6316,33.6,0,32.9,467996.2,465106.8,466123.5,470686.3
REC_001740,VIL_020,30-04-2025,6316,33.4,0,27.6,470686.3,466466,466797.7,451859.9
REC_001741,VIL_020,01-05-2025,6316,34,0,34.9,451859.9,465321,466417,465575.3
REC_001742,VIL_020,02-05-2025,6316,33.4,0,36.7,465575.3,465768.3,466191.8,472777
REC_001743,VIL_020,03-05-2025,6316,34.1,0,41.6,472777,465240.6,465836.9,477842.6
REC_001744,VIL_020,04-05-2025,6316,34.2,0,41.8,477842.6,467119.9,465813.2,476068.6
REC_001745,VIL_020,05-05-2025,6316,34.2,0,25.8,476068.6,468972.3,466484.6,461633.6
REC_001746,VIL_020,06-05-2025,6316,33,0,35.1,461633.6,468063.3,466333.5,455007.7
REC_001747,VIL_020,07-05-2025,6316,34.4,0,23.2,455007.7,465823.5,466070.8,485328.3
REC_001748,VIL_020,08-05-2025,6316,33.1,0,22.5,485328.3,470604.7,466786.2,451668.1
REC_001749,VIL_020,09-05-2025,6316,34.1,0,26.4,451668.1,468618,466010.4,460318.3
REC_001750,VIL_020,10-05-2025,6316,35.2,0,28.8,460318.3,466838.2,465559.9,466025.5
REC_001751,VIL_020,11-05-2025,6316,33.2,0,32.5,466025.5,465150,465272.4,458550.5
REC_001752,VIL_020,12-05-2025,6316,32.6,0,30.9,458550.5,462647.4,464831.6,451374.6
REC_001753,VIL_020,13-05-2025,6316,33.2,0,22.1,451374.6,461181.9,464784.6,463277.5
REC_001754,VIL_020,14-05-2025,6316,34.1,0,23,463277.5,462363.3,464605.8,468635.2
REC_001755,VIL_020,15-05-2025,6316,34.6,0,33.5,468635.2,459978.5,464668.9,484012
REC_001756,VIL_020,16-05-2025,6316,33.9,0,41.1,484012,464599.1,465389.5,454920
REC_001757,VIL_020,17-05-2025,6316,33,0,40,454920,463827.9,465123.8,457022.3
REC_001758,VIL_020,18-05-2025,6316,32.6,0,36.8,457022.3,462541.7,464701.8,462026.7
REC_001759,VIL_020,19-05-2025,6316,33.2,0,23.3,462026.7,463038.3,464625.3,466255.3
REC_001760,VIL_020,20-05-2025,6316,33.8,0,22.2,466255.3,465164.1,464162,466763.6
REC_001761,VIL_020,21-05-2025,6316,33.7,2,37.8,466763.6,465662.2,464580.4,475496.1
REC_001762,VIL_020,22-05-2025,6316,35,0,24,475496.1,466642.3,465295.8,462809.3
REC_001763,VIL_020,23-05-2025,6316,33.6,0,32.9,462809.3,463613.3,465350.3,474815.4
REC_001764,VIL_020,24-05-2025,6316,34,0,25.5,474815.4,466455.5,465848.4,468499.7
REC_001765,VIL_020,25-05-2025,6316,34.8,0,28.5,468499.7,468095.2,466050.2,463537.8
REC_001766,VIL_020,26-05-2025,6316,33,0,33,463537.8,468311,465619.1,472707.4
REC_001767,VIL_020,27-05-2025,6316,34,0,34.1,472707.4,469232.8,465886.4,472843.3
REC_001768,VIL_020,28-05-2025,6316,32.1,0,28,472843.3,470101.3,466211.1,446840.4
REC_001769,VIL_020,29-05-2025,6316,34.6,0,36.7,446840.4,466007.6,465505.9,459401.7
REC_001770,VIL_020,30-05-2025,6316,33.4,0,38.2,459401.7,465520.8,465129.8,454662.2
REC_001771,VIL_020,31-05-2025,6316,34.3,0.4,39.4,454662.2,462641.8,465223.2,473709
REC_001772,VIL_020,01-06-2025,6316,25.4,15.8,90.2,473709,463386,465494.3,381579.1
REC_001773,VIL_020,02-06-2025,6316,26.4,6.5,77,381579.1,451677.6,462454.4,382663.8
REC_001774,VIL_020,03-06-2025,6316,25.2,0,87.2,382663.8,438814.2,459281.8,429523.3
REC_001775,VIL_020,04-06-2025,6316,27.9,8.5,92.5,429523.3,432625.6,457730.3,394269.7
REC_001776,VIL_020,05-06-2025,6316,26,0,76.5,394269.7,425115.5,455484.8,450353.1
REC_001777,VIL_020,06-06-2025,6316,26.7,9.7,87.3,450353.1,423822.9,455329.6,395995.2
REC_001778,VIL_020,07-06-2025,6316,26.8,0,81.2,395995.2,415441.9,452351.9,432240.4
REC_001779,VIL_020,08-06-2025,6316,27.4,0,70.8,432240.4,409517.8,451704.3,452818.4
REC_001780,VIL_020,09-06-2025,6316,27.2,8.7,78.8,452818.4,419694.8,451454.3,393087.3
REC_001781,VIL_020,10-06-2025,6316,26.8,0,84.5,393087.3,421183.9,449023,452665.3
REC_001782,VIL_020,11-06-2025,6316,26,0,85.5,452665.3,424489.9,448826.8,440718.3
REC_001783,VIL_020,12-06-2025,6316,26,0,92.7,440718.3,431125.4,448471.6,440447.6
REC_001784,VIL_020,13-06-2025,6316,26.8,0,84.9,440447.6,429710.4,447710.6,449668
REC_001785,VIL_020,14-06-2025,6316,26.4,0,72.6,449668,437377.9,447078.4,431331.3
REC_001786,VIL_020,15-06-2025,6316,27.4,21.6,79.5,431331.3,437248,445322.4,389552.9
REC_001787,VIL_020,16-06-2025,6316,27.3,0,88.8,389552.9,428210.1,443143.5,451043.3
REC_001788,VIL_020,17-06-2025,6316,26.8,0,92.9,451043.3,436489.5,442944.2,450879.1
REC_001789,VIL_020,18-06-2025,6316,26.4,0,91.7,450879.1,436234.4,442572.6,454219.9
REC_001790,VIL_020,19-06-2025,6316,27,7.1,90.2,454219.9,438163.2,442171.4,393694.1
REC_001791,VIL_020,20-06-2025,6316,26,0,78.7,393694.1,431484.1,439735.7,434368
REC_001792,VIL_020,21-06-2025,6316,25.2,0,79.4,434368,429298.4,438364.8,429394.4
REC_001793,VIL_020,22-06-2025,6316,26.4,0,80,429394.4,429021.7,437251,441574
REC_001794,VIL_020,23-06-2025,6316,27,8.6,79.9,441574,436453.3,436142.9,389385.5
REC_001795,VIL_020,24-06-2025,6316,27.3,64.6,80.8,389385.5,427645,433505.8,383002.3
REC_001796,VIL_020,25-06-2025,6316,26.3,26,86.1,383002.3,417948.3,430821.3,380304.6
REC_001797,VIL_020,26-06-2025,6316,25.8,22,82.8,380304.6,407389,427741.2,391078
REC_001798,VIL_020,27-06-2025,6316,26.4,0,82,391078,407015.3,425015.7,449130
REC_001799,VIL_020,28-06-2025,6316,26.9,37.9,84.5,449130,409124.1,425092,400577.8
REC_001800,VIL_020,29-06-2025,6316,27.4,0,93.8,400577.8,405007.5,423131.2,448972
REC_001801,VIL_021,01-04-2025,5391,33.9,0,37.4,371156.2,370954.7,376108.9,402033.6
REC_001802,VIL_021,02-04-2025,5391,32.6,0,28.9,402033.6,374862.6,376561.7,393870.3
REC_001803,VIL_021,03-04-2025,5391,33.4,0,34.6,393870.3,379232.2,376965.2,388611.1
REC_001804,VIL_021,04-04-2025,5391,34.4,0,31.6,388611.1,380480.7,376728.7,393223.3
REC_001805,VIL_021,05-04-2025,5391,33.2,0,37.5,393223.3,383293.2,377081,384252.3
REC_001806,VIL_021,06-04-2025,5391,33.2,0,31.7,384252.3,385437.6,376857.3,383914.1
REC_001807,VIL_021,07-04-2025,5391,33.4,0,26.4,383914.1,388151.6,376514.7,405654.2
REC_001808,VIL_021,08-04-2025,5391,34,0,24.7,405654.2,393079.8,376916.8,389094
REC_001809,VIL_021,09-04-2025,5391,32.3,0,34.9,389094,391231.3,377456.7,395805.2
REC_001810,VIL_021,10-04-2025,5391,34,0,35.2,395805.2,391507.7,378601.2,408940.1
REC_001811,VIL_021,11-04-2025,5391,33.5,0,39.6,408940.1,394411.9,380066.3,387603.3
REC_001812,VIL_021,12-04-2025,5391,35.3,0,37.7,387603.3,393609,380961.9,405814
REC_001813,VIL_021,13-04-2025,5391,34.8,1.2,27.2,405814,396689.3,382406.4,415761.9
REC_001814,VIL_021,14-04-2025,5391,33.3,0.5,34,415761.9,401239,384082.8,403989.9
REC_001815,VIL_021,15-04-2025,5391,33.6,0,27.2,403989.9,401001.2,385170,397502.3
REC_001816,VIL_021,16-04-2025,5391,34,0,35.7,397502.3,402202.4,385786.3,406314.1
REC_001817,VIL_021,17-04-2025,5391,32.7,0,30.7,406314.1,403703.7,386484.9,400507.6
REC_001818,VIL_021,18-04-2025,5391,34.4,0,29.5,400507.6,402499,387619.7,398608.3
REC_001819,VIL_021,19-04-2025,5391,33.4,0,29.7,398608.3,404071.2,388110.7,405947.9
REC_001820,VIL_021,20-04-2025,5391,33.8,0,36.5,405947.9,404090.3,388806.3,398173.4
REC_001821,VIL_021,21-04-2025,5391,34.3,0,26.2,398173.4,401577.6,389426,402380.6
REC_001822,VIL_021,22-04-2025,5391,32.6,0,31.9,402380.6,401347.7,389752,403843.2
REC_001823,VIL_021,23-04-2025,5391,33.8,0,40.6,403843.2,402253.6,391123.8,407096.3
REC_001824,VIL_021,24-04-2025,5391,33.1,0,37.6,407096.3,402365.3,392520.8,391642.3
REC_001825,VIL_021,25-04-2025,5391,32.6,0,41.5,391642.3,401098.9,393086.3,380568.2
REC_001826,VIL_021,26-04-2025,5391,33.6,0,36.6,380568.2,398521.7,393662.4,400759.1
REC_001827,VIL_021,27-04-2025,5391,32.6,0,40.9,400759.1,397780.4,394358.7,396884.5
REC_001828,VIL_021,28-04-2025,5391,34,0,34.3,396884.5,397596.3,395137,403631.6
REC_001829,VIL_021,29-04-2025,5391,33.6,0,41.6,403631.6,397775,396283.3,408913.5
REC_001830,VIL_021,30-04-2025,5391,33.6,0,37,408913.5,398499.4,397749.9,406410.2
REC_001831,VIL_021,01-05-2025,5391,33,0,23.9,406410.2,398401.3,398925,393141
REC_001832,VIL_021,02-05-2025,5391,33.6,0,25.4,393141,398615.4,398628.6,387315.6
REC_001833,VIL_021,03-05-2025,5391,33.8,0,31.7,387315.6,399579.4,398410.1,398307.1
REC_001834,VIL_021,04-05-2025,5391,32.7,0,28.7,398307.1,399229.1,398733.3,397111.9
REC_001835,VIL_021,05-05-2025,5391,33.2,0,23.7,397111.9,399261.6,398862.9,398039.6
REC_001836,VIL_021,06-05-2025,5391,32.2,0,24.1,398039.6,398462.7,399322.5,390715.2
REC_001837,VIL_021,07-05-2025,5391,32.6,0,30.2,390715.2,395862.9,399549.2,391353.9
REC_001838,VIL_021,08-05-2025,5391,32.7,0,30.3,391353.9,393712,399072.5,387794.7
REC_001839,VIL_021,09-05-2025,5391,35,0,33.2,387794.7,392948.3,399029.2,400253.3
REC_001840,VIL_021,10-05-2025,5391,32.2,0,34,400253.3,394796.5,399177.5,389828.6
REC_001841,VIL_021,11-05-2025,5391,33.4,0,35.2,389828.6,393585.3,398540.4,388539.3
REC_001842,VIL_021,12-05-2025,5391,33.2,0,24.8,388539.3,392360.7,398571.6,391703.4
REC_001843,VIL_021,13-05-2025,5391,34.2,0,31.5,391703.4,391455.5,398101.3,396907.7
REC_001844,VIL_021,14-05-2025,5391,33.6,0,30.9,396907.7,392340.1,397472.8,399827.4
REC_001845,VIL_021,15-05-2025,5391,32.6,0,38.3,399827.4,393550.6,397334.1,381893.5
REC_001846,VIL_021,16-05-2025,5391,33.6,0,35.4,381893.5,392707.6,396813.8,405615.5
REC_001847,VIL_021,17-05-2025,5391,34,0,38,405615.5,393473.6,396790.5,401509.3
REC_001848,VIL_021,18-05-2025,5391,34.6,0,24.8,401509.3,395142.3,396823.9,407543.3
REC_001849,VIL_021,19-05-2025,5391,32.8,0,40.2,407543.3,397857.2,397121.7,398011.2
REC_001850,VIL_021,20-05-2025,5391,33.4,0,31,398011.2,398758.3,396857.1,391653.8
REC_001851,VIL_021,21-05-2025,5391,33.2,0,40.9,391653.8,398007.7,396639.8,394780.7
REC_001852,VIL_021,22-05-2025,5391,33,0,41.4,394780.7,397286.8,396386.5,405146.9
REC_001853,VIL_021,23-05-2025,5391,33,0,29.4,405146.9,400608.7,396430,400662.2
REC_001854,VIL_021,24-05-2025,5391,33.6,0,26.9,400662.2,399901.1,396215.5,408953.9
REC_001855,VIL_021,25-05-2025,5391,34.4,0,38.3,408953.9,400964.6,396792.5,408220.2
REC_001856,VIL_021,26-05-2025,5391,33.9,0,34,408220.2,401061.3,397714.3,391671.3
REC_001857,VIL_021,27-05-2025,5391,33,0,28,391671.3,400155.6,397411.3,384048.1
REC_001858,VIL_021,28-05-2025,5391,33.9,0,31.5,384048.1,399069,396983.5,401307.4
REC_001859,VIL_021,29-05-2025,5391,34.8,8.2,32.5,401307.4,400001.4,396906,352958.7
REC_001860,VIL_021,30-05-2025,5391,31.7,0,34.7,352958.7,392546,395040.8,381779.2
REC_001861,VIL_021,31-05-2025,5391,33.2,0,33,381779.2,389848.4,394219.8,402773.6
REC_001862,VIL_021,01-06-2025,5391,26,0,79.6,402773.6,388965.5,394540.9,374358.4
REC_001863,VIL_021,02-06-2025,5391,27.2,31,83.3,374358.4,384128.1,394109,328439.3
REC_001864,VIL_021,03-06-2025,5391,27.4,0,76.5,328439.3,375095,391780,385294.5
REC_001865,VIL_021,04-06-2025,5391,27.5,15,90.8,385294.5,375273,391386.1,338985.4
REC_001866,VIL_021,05-06-2025,5391,25.1,0,74.4,338985.4,366369.9,389417.7,374117.8
REC_001867,VIL_021,06-06-2025,5391,25.5,0,88.5,374117.8,369392.6,388864.4,384898.5
REC_001868,VIL_021,07-06-2025,5391,25,0,73,384898.5,369838.2,388649.2,385312.4
REC_001869,VIL_021,08-06-2025,5391,25.6,0,75.8,385312.4,367343.8,388566.5,375647.6
REC_001870,VIL_021,09-06-2025,5391,26.4,5.6,75.3,375647.6,367527.9,387746.3,323447.5
REC_001871,VIL_021,10-06-2025,5391,26.4,0,83.2,323447.5,366814.8,385533.6,366084.8
REC_001872,VIL_021,11-06-2025,5391,26.3,20,84,366084.8,364070.6,384785.1,332549.7
REC_001873,VIL_021,12-06-2025,5391,26.6,72,82.7,332549.7,363151.2,382813.3,328978.8
REC_001874,VIL_021,13-06-2025,5391,25.8,9.7,77.2,328978.8,356702.8,380549,341991
REC_001875,VIL_021,14-06-2025,5391,26.7,0,73.3,341991,350573.1,378621.2,383538
REC_001876,VIL_021,15-06-2025,5391,26.7,4.3,70.3,383538,350319.6,378676,383285.9
REC_001877,VIL_021,16-06-2025,5391,25.5,0,93,383285.9,351410.8,377931.6,387677.7
REC_001878,VIL_021,17-06-2025,5391,26.4,9.3,91.5,387677.7,360586.6,377470.6,339811.1
REC_001879,VIL_021,18-06-2025,5391,25.2,17.5,93.8,339811.1,356833.2,375212.9,328463
REC_001880,VIL_021,19-06-2025,5391,26.5,0,75.4,328463,356249.4,372894.6,369807.2
REC_001881,VIL_021,20-06-2025,5391,27.4,4.1,76.1,369807.2,362082,372166.4,382937.5
REC_001882,VIL_021,21-06-2025,5391,26.5,0,82.4,382937.5,367931.5,371771.6,374613.9
REC_001883,VIL_021,22-06-2025,5391,24.8,38.6,71.2,374613.9,366656.6,370753.8,331551.1
REC_001884,VIL_021,23-06-2025,5391,25.2,0,79.7,331551.1,359265.9,368450.1,380322.5
REC_001885,VIL_021,24-06-2025,5391,26.5,0,73.1,380322.5,358215.2,367495.7,386605.1
REC_001886,VIL_021,25-06-2025,5391,26.6,1,73.4,386605.1,364900,366775.2,375538
REC_001887,VIL_021,26-06-2025,5391,25.6,28.8,84.8,375538,371625,366237.5,337730.7
REC_001888,VIL_021,27-06-2025,5391,26.6,0,89.4,337730.7,367042.7,364693.5,372124.7
REC_001889,VIL_021,28-06-2025,5391,25.2,0.4,79.4,372124.7,365498,363720.8,381852.5
REC_001890,VIL_021,29-06-2025,5391,26.6,0,87.6,381852.5,366532.1,364683.9,366084.7
REC_001891,VIL_022,01-04-2025,7219,33.6,0,37.8,522681.7,515992,505295.6,523151.4
REC_001892,VIL_022,02-04-2025,7219,34.4,0,40.8,523151.4,517554.5,505263.9,546532.5
REC_001893,VIL_022,03-04-2025,7219,34.2,0,26.2,546532.5,521775.3,507428.4,543147.8
REC_001894,VIL_022,04-04-2025,7219,33.5,0,38.6,543147.8,524160.2,508330.6,540121.4
REC_001895,VIL_022,05-04-2025,7219,34.7,0,27.6,540121.4,526157.1,510254.6,542016.7
REC_001896,VIL_022,06-04-2025,7219,33.8,0,25.4,542016.7,529673.1,511871.2,538579.7
REC_001897,VIL_022,07-04-2025,7219,34.7,0,37.8,538579.7,536604.5,512984.3,555669.3
REC_001898,VIL_022,08-04-2025,7219,34.6,0,25.8,555669.3,541317,514797.1,527268.3
REC_001899,VIL_022,09-04-2025,7219,32.8,0,39.3,527268.3,541905.1,516047.5,520514.7
REC_001900,VIL_022,10-04-2025,7219,33.8,0,40.6,520514.7,538188.3,516833.5,537702.6
REC_001901,VIL_022,11-04-2025,7219,34.8,0.2,36.9,537702.6,537410.4,517529.1,556796.8
REC_001902,VIL_022,12-04-2025,7219,33.7,0,23.4,556796.8,539792.6,518959.5,520433.2
REC_001903,VIL_022,13-04-2025,7219,34.8,0,28.4,520433.2,536709.2,520184.2,526195.3
REC_001904,VIL_022,14-04-2025,7219,33.6,0,25.3,526195.3,534940,520463.1,518420.9
REC_001905,VIL_022,15-04-2025,7219,33.8,0,37,518420.9,529618.8,521652.4,519789.3
REC_001906,VIL_022,16-04-2025,7219,34.8,0,28.8,519789.3,528550.4,522062,554968.9
REC_001907,VIL_022,17-04-2025,7219,34.4,0,39.6,554968.9,533472.4,524120.8,545833
REC_001908,VIL_022,18-04-2025,7219,34.4,0,38.7,545833,534633.9,525323.2,544406
REC_001909,VIL_022,19-04-2025,7219,34,0,35.3,544406,532863.8,527027.8,536375.3
REC_001910,VIL_022,20-04-2025,7219,33.5,0,31.7,536375.3,535141.2,527245.7,540857.4
REC_001911,VIL_022,21-04-2025,7219,33.7,0,36.7,540857.4,537235.8,528750.5,522355.7
REC_001912,VIL_022,22-04-2025,7219,35,0,36.8,522355.7,537797.9,529752.7,539707.7
REC_001913,VIL_022,23-04-2025,7219,33.4,0,29.5,539707.7,540643.4,531271.8,530783.3
REC_001914,VIL_022,24-04-2025,7219,32.4,0,30,530783.3,537188.3,531452.4,511284.3
REC_001915,VIL_022,25-04-2025,7219,34.2,0,25.1,511284.3,532252.8,531421.4,534571.7
REC_001916,VIL_022,26-04-2025,7219,33.6,0,38.6,534571.7,530847.9,532007.5,526753.8
REC_001917,VIL_022,27-04-2025,7219,32.4,0,30.4,526753.8,529473.4,532017.6,508933.9
REC_001918,VIL_022,28-04-2025,7219,34.5,0,35.3,508933.9,524912.9,531443.9,527682.2
REC_001919,VIL_022,29-04-2025,7219,33.6,0,32.9,527682.2,525673.8,531786.5,541055.7
REC_001920,VIL_022,30-04-2025,7219,33.4,0,27.6,541055.7,525866.4,533486.3,515743.6
REC_001921,VIL_022,01-05-2025,7219,34,0,34.9,515743.6,523717.9,533255.1,549606.3
REC_001922,VIL_022,02-05-2025,7219,33.4,0,36.7,549606.3,529192.5,534136.9,517922.8
REC_001923,VIL_022,03-05-2025,7219,34.1,0,41.6,517922.8,526814,533183.3,546038.6
REC_001924,VIL_022,04-05-2025,7219,34.2,0,41.8,546038.6,529569,533279.6,550013.2
REC_001925,VIL_022,05-05-2025,7219,34.2,0,25.8,550013.2,535437.5,533609.3,551383.6
REC_001926,VIL_022,06-05-2025,7219,33,0,35.1,551383.6,538823.4,533921.6,539713.1
REC_001927,VIL_022,07-05-2025,7219,34.4,0,23.2,539713.1,538631.6,533959.3,531815.2
REC_001928,VIL_022,08-05-2025,7219,33.1,0,22.5,531815.2,540927.5,533164.2,523531.8
REC_001929,VIL_022,09-05-2025,7219,34.1,0,26.4,523531.8,537202.6,533039.7,534043.7
REC_001930,VIL_022,10-05-2025,7219,35.2,0,28.8,534043.7,539505.6,533490.6,532956.2
REC_001931,VIL_022,11-05-2025,7219,33.2,0,32.5,532956.2,537636.7,533332.4,514406
REC_001932,VIL_022,12-05-2025,7219,32.6,0,30.9,514406,532549.9,531919.4,536666
REC_001933,VIL_022,13-05-2025,7219,33.2,0,22.1,536666,530447.4,532460.5,531305.8
REC_001934,VIL_022,14-05-2025,7219,34.1,0,23,531305.8,529246.4,532630.8,539907
REC_001935,VIL_022,15-05-2025,7219,34.6,0,33.5,539907,530402.4,533347,554037.3
REC_001936,VIL_022,16-05-2025,7219,33.9,0,41.1,554037.3,534760.3,534488.6,540191.1
REC_001937,VIL_022,17-05-2025,7219,33,0,40,540191.1,535638.5,533996,534116.9
REC_001938,VIL_022,18-05-2025,7219,32.6,0,36.8,534116.9,535804.3,533605.5,534078
REC_001939,VIL_022,19-05-2025,7219,33.2,0,23.3,534078,538614.6,533261.2,517395.3
REC_001940,VIL_022,20-05-2025,7219,33.8,0,22.2,517395.3,535861.6,532628.6,529652.3
REC_001941,VIL_022,21-05-2025,7219,33.7,2,37.8,529652.3,535625.4,532255.1,548359.7
REC_001942,VIL_022,22-05-2025,7219,35,0,24,548359.7,536832.9,533121.9,557014.6
REC_001943,VIL_022,23-05-2025,7219,33.6,0,32.9,557014.6,537258.3,533698.8,544891.7
REC_001944,VIL_022,24-05-2025,7219,34,0,25.5,544891.7,537929.8,534169,534110
REC_001945,VIL_022,25-05-2025,7219,34.8,0,28.5,534110,537928.8,534929.9,553323.5
REC_001946,VIL_022,26-05-2025,7219,33,0,33,553323.5,540678.2,535555,513761.1
REC_001947,VIL_022,27-05-2025,7219,34,0,34.1,513761.1,540159,535121.9,524353.5
REC_001948,VIL_022,28-05-2025,7219,32.1,0,28,524353.5,539402,535635.9,518557.2
REC_001949,VIL_022,29-05-2025,7219,34.6,0,36.7,518557.2,535144.5,535331.7,539659.5
REC_001950,VIL_022,30-05-2025,7219,33.4,0,38.2,539659.5,532665.2,535285.2,523565.7
REC_001951,VIL_022,31-05-2025,7219,34.3,0.4,39.4,523565.7,529618.6,535545.9,533291.5
REC_001952,VIL_022,01-06-2025,7219,25.4,15.8,90.2,533291.5,529501.7,535002.1,435692.8
REC_001953,VIL_022,02-06-2025,7219,26.4,6.5,77,435692.8,512697.3,532261.1,444400.5
REC_001954,VIL_022,03-06-2025,7219,25.2,0,87.2,444400.5,502788.7,528873.1,514239.3
REC_001955,VIL_022,04-06-2025,7219,27.9,8.5,92.5,514239.3,501343.8,527680.7,448995.7
REC_001956,VIL_022,05-06-2025,7219,26,0,76.5,448995.7,491406.4,524267.7,493438.3
REC_001957,VIL_022,06-06-2025,7219,26.7,9.7,87.3,493438.3,484803.4,522725.2,444359.1
REC_001958,VIL_022,07-06-2025,7219,26.8,0,81.2,444359.1,473488.2,519810,511322.6
REC_001959,VIL_022,08-06-2025,7219,27.4,0,70.8,511322.6,470349.8,519403.1,506236.4
REC_001960,VIL_022,09-06-2025,7219,27.2,8.7,78.8,506236.4,480427.4,518476.2,441800.2
REC_001961,VIL_022,10-06-2025,7219,26.8,0,84.5,441800.2,480055.9,515437.6,509026.4
REC_001962,VIL_022,11-06-2025,7219,26,0,85.5,509026.4,479311.2,515258.3,519539
REC_001963,VIL_022,12-06-2025,7219,26,0,92.7,519539,489388.9,514687.4,493047.7
REC_001964,VIL_022,13-06-2025,7219,26.8,0,84.9,493047.7,489333.1,513412.1,501995.3
REC_001965,VIL_022,14-06-2025,7219,26.4,0,72.6,501995.3,497566.8,512148.4,502498.3
REC_001966,VIL_022,15-06-2025,7219,27.4,21.6,79.5,502498.3,496306.2,510430.4,446744
REC_001967,VIL_022,16-06-2025,7219,27.3,0,88.8,446744,487807.3,507315.5,494784
REC_001968,VIL_022,17-06-2025,7219,26.8,0,92.9,494784,495376.4,506004.4,495525.9
REC_001969,VIL_022,18-06-2025,7219,26.4,0,91.7,495525.9,493447.7,504719.4,498822.2
REC_001970,VIL_022,19-06-2025,7219,27,7.1,90.2,498822.2,490488.2,504100.3,456853.7
REC_001971,VIL_022,20-06-2025,7219,26,0,78.7,456853.7,485317.6,501673.6,512428.1
REC_001972,VIL_022,21-06-2025,7219,25.2,0,79.4,512428.1,486808,500475.9,510232.5
REC_001973,VIL_022,22-06-2025,7219,26.4,0,80,510232.5,487912.9,498916.5,514940.1
REC_001974,VIL_022,23-06-2025,7219,27,8.6,79.9,514940.1,497655.2,497918.1,434753.6
REC_001975,VIL_022,24-06-2025,7219,27.3,64.6,80.8,434753.6,489079.4,494606.3,454277.9
REC_001976,VIL_022,25-06-2025,7219,26.3,26,86.1,454277.9,483186.9,491304.7,447220.7
REC_001977,VIL_022,26-06-2025,7219,25.8,22,82.8,447220.7,475815.2,489086.7,440296.7
REC_001978,VIL_022,27-06-2025,7219,26.4,0,82,440296.7,473449.9,486284.8,514906.7
REC_001979,VIL_022,28-06-2025,7219,26.9,37.9,84.5,514906.7,473804,486163.1,452763.3
REC_001980,VIL_022,29-06-2025,7219,27.4,0,93.8,452763.3,465594.1,483266.6,515811.8
REC_001981,VIL_023,01-04-2025,2957,33.6,0,37.8,210287.9,205244,206507,215470.4
REC_001982,VIL_023,02-04-2025,2957,34.4,0,40.8,215470.4,207417.3,207055,216888.8
REC_001983,VIL_023,03-04-2025,2957,34.2,0,26.2,216888.8,209722.5,207061.1,215523.8
REC_001984,VIL_023,04-04-2025,2957,33.5,0,38.6,215523.8,211590.1,207028.4,215408.5
REC_001985,VIL_023,05-04-2025,2957,34.7,0,27.6,215408.5,211316.3,207407.4,216343.5
REC_001986,VIL_023,06-04-2025,2957,33.8,0,25.4,216343.5,213338.5,208018.7,212469.6
REC_001987,VIL_023,07-04-2025,2957,34.7,0,37.8,212469.6,214627.5,208431.1,225633
REC_001988,VIL_023,08-04-2025,2957,34.6,0,25.8,225633,216819.7,208712.5,216464.9
REC_001989,VIL_023,09-04-2025,2957,32.8,0,39.3,216464.9,216961.7,208984.8,219255
REC_001990,VIL_023,10-04-2025,2957,33.8,0,40.6,219255,217299.8,209492.6,222694.4
REC_001991,VIL_023,11-04-2025,2957,34.8,0.2,36.9,222694.4,218324.1,210162.2,222398.1
REC_001992,VIL_023,12-04-2025,2957,33.7,0,23.4,222398.1,219322.6,210843.5,215983.1
REC_001993,VIL_023,13-04-2025,2957,34.8,0,28.4,215983.1,219271.2,211030,217167.4
REC_001994,VIL_023,14-04-2025,2957,33.6,0,25.3,217167.4,219942.3,211424.8,221267.3
REC_001995,VIL_023,15-04-2025,2957,33.8,0,37,221267.3,219318.6,211579.6,220119.4
REC_001996,VIL_023,16-04-2025,2957,34.8,0,28.8,220119.4,219840.7,211890.4,223962.9
REC_001997,VIL_023,17-04-2025,2957,34.4,0,39.6,223962.9,220513.2,212254.7,214146.6
REC_001998,VIL_023,18-04-2025,2957,34.4,0,38.7,214146.6,219292.1,212636.2,226311.3
REC_001999,VIL_023,19-04-2025,2957,34,0,35.3,226311.3,219851.1,213570.6,213699.8
REC_002000,VIL_023,20-04-2025,2957,33.5,0,31.7,213699.8,219525,213802.7,216115.9
REC_002001,VIL_023,21-04-2025,2957,33.7,0,36.7,216115.9,219374.7,214234.8,217202.6
REC_002002,VIL_023,22-04-2025,2957,35,0,36.8,217202.6,218794.1,214780.8,215856.9
REC_002003,VIL_023,23-04-2025,2957,33.4,0,29.5,215856.9,218185.1,214764.1,217508.5
REC_002004,VIL_023,24-04-2025,2957,32.4,0,30,217508.5,217263.1,215153.3,217694.4
REC_002005,VIL_023,25-04-2025,2957,34.2,0,25.1,217694.4,217769.9,215734.6,224298.1
REC_002006,VIL_023,26-04-2025,2957,33.6,0,38.6,224298.1,217482.3,216519.4,223133.8
REC_002007,VIL_023,27-04-2025,2957,32.4,0,30.4,223133.8,218830,217208.9,214283.6
REC_002008,VIL_023,28-04-2025,2957,34.5,0,35.3,214283.6,218568.3,217107.5,222693.8
REC_002009,VIL_023,29-04-2025,2957,33.6,0,32.9,222693.8,219352.7,217791,212663.4
REC_002010,VIL_023,30-04-2025,2957,33.4,0,27.6,212663.4,218896.5,218098.2,217390.4
REC_002011,VIL_023,01-05-2025,2957,34,0,34.9,217390.4,218879.6,218335,214865.2
REC_002012,VIL_023,02-05-2025,2957,33.4,0,36.7,214865.2,218475.5,218314.8,215845
REC_002013,VIL_023,03-05-2025,2957,34.1,0,41.6,215845,217267.9,218280,217469.6
REC_002014,VIL_023,04-05-2025,2957,34.2,0,41.8,217469.6,216458.7,218344.9,219021
REC_002015,VIL_023,05-05-2025,2957,34.2,0,25.8,219021,217135.5,218465.3,220976.1
REC_002016,VIL_023,06-05-2025,2957,33,0,35.1,220976.1,216890.1,218619.7,221533.2
REC_002017,VIL_023,07-05-2025,2957,34.4,0,23.2,221533.2,218157.2,218921.8,219254.4
REC_002018,VIL_023,08-05-2025,2957,33.1,0,22.5,219254.4,218423.5,218709.2,222868.3
REC_002019,VIL_023,09-05-2025,2957,34.1,0,26.4,222868.3,219566.8,218922.6,223134.7
REC_002020,VIL_023,10-05-2025,2957,35.2,0,28.8,223134.7,220608.2,219052,223288.9
REC_002021,VIL_023,11-05-2025,2957,33.2,0,32.5,223288.9,221439.5,219071.8,218800.1
REC_002022,VIL_023,12-05-2025,2957,32.6,0,30.9,218800.1,221408,218951.9,209929.8
REC_002023,VIL_023,13-05-2025,2957,33.2,0,22.1,209929.8,219829.9,218750.1,221409.7
REC_002024,VIL_023,14-05-2025,2957,34.1,0,23,221409.7,219812.3,218891.5,220805.6
REC_002025,VIL_023,15-05-2025,2957,34.6,0,33.5,220805.6,220033.9,218876.1,227725.5
REC_002026,VIL_023,16-05-2025,2957,33.9,0,41.1,227725.5,220727.8,219129.6,220892.4
REC_002027,VIL_023,17-05-2025,2957,33,0,40,220892.4,220407.4,219027.3,220640.7
REC_002028,VIL_023,18-05-2025,2957,32.6,0,36.8,220640.7,220029.1,219243.8,218930.7
REC_002029,VIL_023,19-05-2025,2957,33.2,0,23.3,218930.7,220047.8,218997.7,214914.1
REC_002030,VIL_023,20-05-2025,2957,33.8,0,22.2,214914.1,220759.8,219038.2,215632.8
REC_002031,VIL_023,21-05-2025,2957,33.7,2,37.8,215632.8,219934.5,219022.1,217566.8
REC_002032,VIL_023,22-05-2025,2957,35,0,24,217566.8,219471.9,219034.2,222076.9
REC_002033,VIL_023,23-05-2025,2957,33.6,0,32.9,222076.9,218664.9,219241.6,214765.2
REC_002034,VIL_023,24-05-2025,2957,34,0,25.5,214765.2,217789.6,219150.1,224604.1
REC_002035,VIL_023,25-05-2025,2957,34.8,0,28.5,224604.1,218355.8,219380.5,222459.7
REC_002036,VIL_023,26-05-2025,2957,33,0,33,222459.7,218859.9,219319.2,222513.9
REC_002037,VIL_023,27-05-2025,2957,34,0,34.1,222513.9,219945.6,219298.5,223490.6
REC_002038,VIL_023,28-05-2025,2957,32.1,0,28,223490.6,221068.2,219605.4,214223.8
REC_002039,VIL_023,29-05-2025,2957,34.6,0,36.7,214223.8,220590.6,219323.1,227207.4
REC_002040,VIL_023,30-05-2025,2957,33.4,0,38.2,227207.4,221323.5,219807.9,217610.1
REC_002041,VIL_023,31-05-2025,2957,34.3,0.4,39.4,217610.1,221729.9,219815.2,225458.6
REC_002042,VIL_023,01-06-2025,2957,25.4,15.8,90.2,225458.6,221852,220168.3,180600.9
REC_002043,VIL_023,02-06-2025,2957,26.4,6.5,77,180600.9,215872.2,218993.5,180824.9
REC_002044,VIL_023,03-06-2025,2957,25.2,0,87.2,180824.9,209916.6,217772,205973.2
REC_002045,VIL_023,04-06-2025,2957,27.9,8.5,92.5,205973.2,207414.1,217337.1,182660.8
REC_002046,VIL_023,05-06-2025,2957,26,0,76.5,182660.8,202905.1,216059.9,207654.3
REC_002047,VIL_023,06-06-2025,2957,26.7,9.7,87.3,207654.3,200111.8,215597.3,182111.8
REC_002048,VIL_023,07-06-2025,2957,26.8,0,81.2,182111.8,195040.6,214359.2,204580.6
REC_002049,VIL_023,08-06-2025,2957,27.4,0,70.8,204580.6,192058.1,213749.6,212295.6
REC_002050,VIL_023,09-06-2025,2957,27.2,8.7,78.8,212295.6,196585.9,213388.3,183119.4
REC_002051,VIL_023,10-06-2025,2957,26.8,0,84.5,183119.4,196913.7,212049.3,205844.2
REC_002052,VIL_023,11-06-2025,2957,26,0,85.5,205844.2,196895.2,211617.5,208867.5
REC_002053,VIL_023,12-06-2025,2957,26,0,92.7,208867.5,200639.1,211582.1,210318
REC_002054,VIL_023,13-06-2025,2957,26.8,0,84.9,210318,201019.6,211212.3,212712
REC_002055,VIL_023,14-06-2025,2957,26.4,0,72.6,212712,205391,210942.6,206984.4
REC_002056,VIL_023,15-06-2025,2957,27.4,21.6,79.5,206984.4,205734.4,210251.2,177911.8
REC_002057,VIL_023,16-06-2025,2957,27.3,0,88.8,177911.8,200822.5,208818.5,206254.3
REC_002058,VIL_023,17-06-2025,2957,26.8,0,92.9,206254.3,204127.5,208338.9,206728.8
REC_002059,VIL_023,18-06-2025,2957,26.4,0,91.7,206728.8,204253.8,207932.2,211920.4
REC_002060,VIL_023,19-06-2025,2957,27,7.1,90.2,211920.4,204690,207832.4,181001.5
REC_002061,VIL_023,20-06-2025,2957,26,0,78.7,181001.5,200501.9,206678.1,212620
REC_002062,VIL_023,21-06-2025,2957,25.2,0,79.4,212620,200488.7,206513.2,206805.3
REC_002063,VIL_023,22-06-2025,2957,26.4,0,80,206805.3,200463.2,206004.1,212874.1
REC_002064,VIL_023,23-06-2025,2957,27,8.6,79.9,212874.1,205457.8,205941.1,176776.3
REC_002065,VIL_023,24-06-2025,2957,27.3,64.6,80.8,176776.3,201246.6,204346.8,186509.9
REC_002066,VIL_023,25-06-2025,2957,26.3,26,86.1,186509.9,198358.2,203148.5,186862.9
REC_002067,VIL_023,26-06-2025,2957,25.8,22,82.8,186862.9,194778.6,201960.1,187189.7
REC_002068,VIL_023,27-06-2025,2957,26.4,0,82,187189.7,195662.6,200750.1,200942.7
REC_002069,VIL_023,28-06-2025,2957,26.9,37.9,84.5,200942.7,193994.4,200307.4,178563.2
REC_002070,VIL_023,29-06-2025,2957,27.4,0,93.8,178563.2,189959.8,198685.9,208899.7
REC_002071,VIL_024,01-04-2025,7828,33.6,0,37.8,570618.7,539776.2,544400.1,574627.9
REC_002072,VIL_024,02-04-2025,7828,34.4,0,40.8,574627.9,541310.3,546155.7,582705.8
REC_002073,VIL_024,03-04-2025,7828,34.2,0,26.2,582705.8,550094.9,548111,577233.9
REC_002074,VIL_024,04-04-2025,7828,33.5,0,38.6,577233.9,555896,549596.3,581140.1
REC_002075,VIL_024,05-04-2025,7828,34.7,0,27.6,581140.1,564503.7,550679.6,596601.1
REC_002076,VIL_024,06-04-2025,7828,33.8,0,25.4,596601.1,572421.5,552217.1,584342.1
REC_002077,VIL_024,07-04-2025,7828,34.7,0,37.8,584342.1,581038.5,554280.5,595326.9
REC_002078,VIL_024,08-04-2025,7828,34.6,0,25.8,595326.9,584568.3,556461.5,600037.7
REC_002079,VIL_024,09-04-2025,7828,32.8,0,39.3,600037.7,588198.2,558197.9,583428.9
REC_002080,VIL_024,10-04-2025,7828,33.8,0,40.6,583428.9,588301.5,559208.7,585242.5
REC_002081,VIL_024,11-04-2025,7828,34.8,0.2,36.9,585242.5,589445.6,561093.6,577355.6
REC_002082,VIL_024,12-04-2025,7828,33.7,0,23.4,577355.6,588905,562258.2,583150.4
REC_002083,VIL_024,13-04-2025,7828,34.8,0,28.4,583150.4,586983.4,562692.6,587627.5
REC_002084,VIL_024,14-04-2025,7828,33.6,0,25.3,587627.5,587452.8,563103.6,585077.1
REC_002085,VIL_024,15-04-2025,7828,33.8,0,37,585077.1,585988.5,563450.9,590763.6
REC_002086,VIL_024,16-04-2025,7828,34.8,0,28.8,590763.6,584663.7,564180.6,595967.8
REC_002087,VIL_024,17-04-2025,7828,34.4,0,39.6,595967.8,586454.9,565973.2,596271.5
REC_002088,VIL_024,18-04-2025,7828,34.4,0,38.7,596271.5,588030.5,567242.8,568840
REC_002089,VIL_024,19-04-2025,7828,34,0,35.3,568840,586814,568091.2,564514.4
REC_002090,VIL_024,20-04-2025,7828,33.5,0,31.7,564514.4,584151.7,568371.7,568371.1
REC_002091,VIL_024,21-04-2025,7828,33.7,0,36.7,568371.1,581400.8,569400.1,592275.8
REC_002092,VIL_024,22-04-2025,7828,35,0,36.8,592275.8,582429.2,570683.4,600496.2
REC_002093,VIL_024,23-04-2025,7828,33.4,0,29.5,600496.2,583819.5,572391.2,582220
REC_002094,VIL_024,24-04-2025,7828,32.4,0,30,582220,581855.6,574401.7,574524.6
REC_002095,VIL_024,25-04-2025,7828,34.2,0,25.1,574524.6,578748.9,574756.2,590403.4
REC_002096,VIL_024,26-04-2025,7828,33.6,0,38.6,590403.4,581829.4,577062.5,592887.3
REC_002097,VIL_024,27-04-2025,7828,32.4,0,30.4,592887.3,585882.6,578937.9,579001.4
REC_002098,VIL_024,28-04-2025,7828,34.5,0,35.3,579001.4,587401.2,580875.1,589277.9
REC_002099,VIL_024,29-04-2025,7828,33.6,0,32.9,589277.9,586973,582478.5,583292.4
REC_002100,VIL_024,30-04-2025,7828,33.4,0,27.6,583292.4,584515.3,584454.1,566014.4
REC_002101,VIL_024,01-05-2025,7828,34,0,34.9,566014.4,582200.2,584300.6,586320.2
REC_002102,VIL_024,02-05-2025,7828,33.4,0,36.7,586320.2,583885.3,584690.4,573303.3
REC_002103,VIL_024,03-05-2025,7828,34.1,0,41.6,573303.3,581442.4,584377,569548.1
REC_002104,VIL_024,04-05-2025,7828,34.2,0,41.8,569548.1,578108.2,584120.8,593189.9
REC_002105,VIL_024,05-05-2025,7828,34.2,0,25.8,593189.9,580135.2,584522.4,582839.6
REC_002106,VIL_024,06-05-2025,7828,33,0,35.1,582839.6,579215.4,584063.7,589021.1
REC_002107,VIL_024,07-05-2025,7828,34.4,0,23.2,589021.1,580033.8,584219.7,576473.8
REC_002108,VIL_024,08-05-2025,7828,33.1,0,22.5,576473.8,581528,583591.2,572775.1
REC_002109,VIL_024,09-05-2025,7828,34.1,0,26.4,572775.1,579593,582682.5,579844.6
REC_002110,VIL_024,10-05-2025,7828,35.2,0,28.8,579844.6,580527.5,582563,577260.5
REC_002111,VIL_024,11-05-2025,7828,33.2,0,32.5,577260.5,581629.2,582297,571716.3
REC_002112,VIL_024,12-05-2025,7828,32.6,0,30.9,571716.3,578561.6,582109,562073.3
REC_002113,VIL_024,13-05-2025,7828,33.2,0,22.1,562073.3,575595,581406.4,562558.2
REC_002114,VIL_024,14-05-2025,7828,34.1,0,23,562558.2,571814.5,580570.8,574056.9
REC_002115,VIL_024,15-05-2025,7828,34.6,0,33.5,574056.9,571469.3,580203.4,576394.1
REC_002116,VIL_024,16-05-2025,7828,33.9,0,41.1,576394.1,571986.3,579724.4,588161.6
REC_002117,VIL_024,17-05-2025,7828,33,0,40,588161.6,573174.4,579464.2,556497
REC_002118,VIL_024,18-05-2025,7828,32.6,0,36.8,556497,570208.2,578138.4,573342.9
REC_002119,VIL_024,19-05-2025,7828,33.2,0,23.3,573342.9,570440.6,578288.5,583243.4
REC_002120,VIL_024,20-05-2025,7828,33.8,0,22.2,583243.4,573464.9,578912.8,578523.8
REC_002121,VIL_024,21-05-2025,7828,33.7,2,37.8,578523.8,575745.7,579251.2,593348.1
REC_002122,VIL_024,22-05-2025,7828,35,0,24,593348.1,578501.6,579287,596404.2
REC_002123,VIL_024,23-05-2025,7828,33.6,0,32.9,596404.2,581360.1,579150.6,586141.1
REC_002124,VIL_024,24-05-2025,7828,34,0,25.5,586141.1,581071.5,579281.3,570275.7
REC_002125,VIL_024,25-05-2025,7828,34.8,0,28.5,570275.7,583039.9,579139.7,597186.3
REC_002126,VIL_024,26-05-2025,7828,33,0,33,597186.3,586446.1,579365.8,584028
REC_002127,VIL_024,27-05-2025,7828,34,0,34.1,584028,586558.2,579070.4,576002.7
REC_002128,VIL_024,28-05-2025,7828,32.1,0,28,576002.7,586198,578970.5,555500
REC_002129,VIL_024,29-05-2025,7828,34.6,0,36.7,555500,580791.1,577844.6,581729.2
REC_002130,VIL_024,30-05-2025,7828,33.4,0,38.2,581729.2,578694.7,577792.4,584185.5
REC_002131,VIL_024,31-05-2025,7828,34.3,0.4,39.4,584185.5,578415.3,578398.2,580420.9
REC_002132,VIL_024,01-06-2025,7828,25.4,15.8,90.2,580420.9,579864.7,578201.5,489051.7
REC_002133,VIL_024,02-06-2025,7828,26.4,6.5,77,489051.7,564416.9,575393.1,471024.3
REC_002134,VIL_024,03-06-2025,7828,25.2,0,87.2,471024.3,548273.5,572109,558020.9
REC_002135,VIL_024,04-06-2025,7828,27.9,8.5,92.5,558020.9,545704.6,570936.7,475064.5
REC_002136,VIL_024,05-06-2025,7828,26,0,76.5,475064.5,534213.9,567344.2,539705.4
REC_002137,VIL_024,06-06-2025,7828,26.7,9.7,87.3,539705.4,528210.5,565700.3,484819.7
REC_002138,VIL_024,07-06-2025,7828,26.8,0,81.2,484819.7,514015.3,562645.2,533826.5
REC_002139,VIL_024,08-06-2025,7828,27.4,0,70.8,533826.5,507359,561346.9,532385.8
REC_002140,VIL_024,09-06-2025,7828,27.2,8.7,78.8,532385.8,513549.6,559764.9,475290.8
REC_002141,VIL_024,10-06-2025,7828,26.8,0,84.5,475290.8,514159.1,556366,549211.6
REC_002142,VIL_024,11-06-2025,7828,26,0,85.5,549211.6,512900.6,555615.8,561361.4
REC_002143,VIL_024,12-06-2025,7828,26,0,92.7,561361.4,525228.7,555592.1,559350
REC_002144,VIL_024,13-06-2025,7828,26.8,0,84.9,559350,528035.1,555485.1,547645.9
REC_002145,VIL_024,14-06-2025,7828,26.4,0,72.6,547645.9,537010.3,554604.8,532739.4
REC_002146,VIL_024,15-06-2025,7828,27.4,21.6,79.5,532739.4,536855,553149.6,483224.7
REC_002147,VIL_024,16-06-2025,7828,27.3,0,88.8,483224.7,529832,549651.7,554693.2
REC_002148,VIL_024,17-06-2025,7828,26.8,0,92.9,554693.2,541175.2,549591.6,542672.1
REC_002149,VIL_024,18-06-2025,7828,26.4,0,91.7,542672.1,540241,548569.2,535172.7
REC_002150,VIL_024,19-06-2025,7828,27,7.1,90.2,535172.7,536499.7,546966.9,475798.3
REC_002151,VIL_024,20-06-2025,7828,26,0,78.7,475798.3,524563.8,543542.7,556889.2
REC_002152,VIL_024,21-06-2025,7828,25.2,0,79.4,556889.2,525884.2,542327.4,543069.3
REC_002153,VIL_024,22-06-2025,7828,26.4,0,80,543069.3,527359.9,540549.6,558217.2
REC_002154,VIL_024,23-06-2025,7828,27,8.6,79.9,558217.2,538073.1,539618.8,476983.1
REC_002155,VIL_024,24-06-2025,7828,27.3,64.6,80.8,476983.1,526971.7,536509,472470.7
REC_002156,VIL_024,25-06-2025,7828,26.3,26,86.1,472470.7,516942.9,532351.8,480348.7
REC_002157,VIL_024,26-06-2025,7828,25.8,22,82.8,480348.7,509110.9,528895.8,480824
REC_002158,VIL_024,27-06-2025,7828,26.4,0,82,480824,509828.9,525723.2,532050.8
REC_002159,VIL_024,28-06-2025,7828,26.9,37.9,84.5,532050.8,506280.5,524941.6,471125
REC_002160,VIL_024,29-06-2025,7828,27.4,0,93.8,471125,496002.8,521254.8,537601.1
REC_002161,VIL_025,01-04-2025,7574,33.9,0,37.4,520321,520319.4,525050.2,559835.2
REC_002162,VIL_025,02-04-2025,7574,32.6,0,28.9,559835.2,527683.3,526721.6,542158.3
REC_002163,VIL_025,03-04-2025,7574,33.4,0,34.6,542158.3,532904.9,527400.9,561475.8
REC_002164,VIL_025,04-04-2025,7574,34.4,0,31.6,561475.8,536464.7,527623,558440.3
REC_002165,VIL_025,05-04-2025,7574,33.2,0,37.5,558440.3,542059.9,528548.7,571231.4
REC_002166,VIL_025,06-04-2025,7574,33.2,0,31.7,571231.4,551056.6,529691.7,562394.4
REC_002167,VIL_025,07-04-2025,7574,33.4,0,26.4,562394.4,553693.8,531019.3,545073.7
REC_002168,VIL_025,08-04-2025,7574,34,0,24.7,545073.7,557229.9,531827.7,559181.8
REC_002169,VIL_025,09-04-2025,7574,32.3,0,34.9,559181.8,557136.5,533637.2,544700.6
REC_002170,VIL_025,10-04-2025,7574,34,0,35.2,544700.6,557499.7,534120.6,563145.6
REC_002171,VIL_025,11-04-2025,7574,33.5,0,39.6,563145.6,557738.3,535248.4,569462.6
REC_002172,VIL_025,12-04-2025,7574,35.3,0,37.7,569462.6,559312.9,537162.5,575194
REC_002173,VIL_025,13-04-2025,7574,34.8,1.2,27.2,575194,559879,538195.9,553401.5
REC_002174,VIL_025,14-04-2025,7574,33.3,0.5,34,553401.5,558594.3,538982.9,561612.5
REC_002175,VIL_025,15-04-2025,7574,33.6,0,27.2,561612.5,560956.9,540315.2,542322.6
REC_002176,VIL_025,16-04-2025,7574,34,0,35.7,542322.6,558548.5,541343.9,571430.9
REC_002177,VIL_025,17-04-2025,7574,32.7,0,30.7,571430.9,562367.1,542626.8,557167.8
REC_002178,VIL_025,18-04-2025,7574,34.4,0,29.5,557167.8,561513.1,543079.6,558687.7
REC_002179,VIL_025,19-04-2025,7574,33.4,0,29.7,558687.7,559973.9,544415.1,550279.9
REC_002180,VIL_025,20-04-2025,7574,33.8,0,36.5,550279.9,556414.7,545582,570429.4
REC_002181,VIL_025,21-04-2025,7574,34.3,0,26.2,570429.4,558847.3,546884.9,573971.1
REC_002182,VIL_025,22-04-2025,7574,32.6,0,31.9,573971.1,560612.8,548953.7,545975.4
REC_002183,VIL_025,23-04-2025,7574,33.8,0,40.6,545975.4,561134.6,549185.8,553640.1
REC_002184,VIL_025,24-04-2025,7574,33.1,0,37.6,553640.1,558593.1,549781.6,556824.9
REC_002185,VIL_025,25-04-2025,7574,32.6,0,41.5,556824.9,558544.1,551399.5,534607.8
REC_002186,VIL_025,26-04-2025,7574,33.6,0,36.6,534607.8,555104.1,552366.2,544817.1
REC_002187,VIL_025,27-04-2025,7574,32.6,0,40.9,544817.1,554323.7,552641.5,538501.4
REC_002188,VIL_025,28-04-2025,7574,34,0,34.3,538501.4,549762.5,553282.4,551383.1
REC_002189,VIL_025,29-04-2025,7574,33.6,0,41.6,551383.1,546535.7,554720.1,559212.7
REC_002190,VIL_025,30-04-2025,7574,33.6,0,37,559212.7,548426.7,555229.4,575313.9
REC_002191,VIL_025,01-05-2025,7574,33,0,23.9,575313.9,551523,557062.4,559111.3
REC_002192,VIL_025,02-05-2025,7574,33.6,0,25.4,559111.3,551849.6,557038.3,544100.7
REC_002193,VIL_025,03-05-2025,7574,33.8,0,31.7,544100.7,553205.7,557103.1,561260.3
REC_002194,VIL_025,04-05-2025,7574,32.7,0,28.7,561260.3,555554.8,557095.9,551541.2
REC_002195,VIL_025,05-05-2025,7574,33.2,0,23.7,551541.2,557417.6,556865.9,543766
REC_002196,VIL_025,06-05-2025,7574,32.2,0,24.1,543766,556329.4,555950.4,561486.3
REC_002197,VIL_025,07-05-2025,7574,32.6,0,30.2,561486.3,556654.2,555920.1,548899.2
REC_002198,VIL_025,08-05-2025,7574,32.7,0,30.3,548899.2,552880.7,556047.6,568021.8
REC_002199,VIL_025,09-05-2025,7574,35,0,33.2,568021.8,554153.6,556342.3,567210.2
REC_002200,VIL_025,10-05-2025,7574,32.2,0,34,567210.2,557455,557092.6,551223.5
REC_002201,VIL_025,11-05-2025,7574,33.4,0,35.2,551223.5,556021.2,556695.2,544005.1
REC_002202,VIL_025,12-05-2025,7574,33.2,0,24.8,544005.1,554944.6,555846.6,554102.7
REC_002203,VIL_025,13-05-2025,7574,34.2,0,31.5,554102.7,556421.3,555143.6,554747.7
REC_002204,VIL_025,14-05-2025,7574,33.6,0,30.9,554747.7,555458.6,555188.5,570060.7
REC_002205,VIL_025,15-05-2025,7574,32.6,0,38.3,570060.7,558481.7,555470.1,560241
REC_002206,VIL_025,16-05-2025,7574,33.6,0,35.4,560241,557370.1,556067.4,569679
REC_002207,VIL_025,17-05-2025,7574,34,0,38,569679,557722.8,556009,569530.8
REC_002208,VIL_025,18-05-2025,7574,34.6,0,24.8,569530.8,560338.1,556421.1,578075.6
REC_002209,VIL_025,19-05-2025,7574,32.8,0,40.2,578075.6,565205.4,557067.3,542531
REC_002210,VIL_025,20-05-2025,7574,33.4,0,31,542531,563552.3,556809,555615.9
REC_002211,VIL_025,21-05-2025,7574,33.2,0,40.9,555615.9,563676.3,556315.2,562024.4
REC_002212,VIL_025,22-05-2025,7574,33,0,41.4,562024.4,562528.2,555917,558605.3
REC_002213,VIL_025,23-05-2025,7574,33,0,29.4,558605.3,562294.6,556338,561230.2
REC_002214,VIL_025,24-05-2025,7574,33.6,0,26.9,561230.2,561087.6,556591,549564.5
REC_002215,VIL_025,25-05-2025,7574,34.4,0,38.3,549564.5,558235.3,556349,551554.7
REC_002216,VIL_025,26-05-2025,7574,33.9,0,34,551554.7,554446.6,556913.9,575230.1
REC_002217,VIL_025,27-05-2025,7574,33,0,28,575230.1,559117.9,557927.7,556038.4
REC_002218,VIL_025,28-05-2025,7574,33.9,0,31.5,556038.4,559178.2,558512.2,549539.2
REC_002219,VIL_025,29-05-2025,7574,34.8,8.2,32.5,549539.2,557394.6,558450.8,508956.4
REC_002220,VIL_025,30-05-2025,7574,31.7,0,34.7,508956.4,550301.9,556775.6,557235.4
REC_002221,VIL_025,31-05-2025,7574,33.2,0,33,557235.4,549731.2,556173,544612.6
REC_002222,VIL_025,01-06-2025,7574,26,0,79.6,544612.6,549023.8,555689.7,540277.1
REC_002223,VIL_025,02-06-2025,7574,27.2,31,83.3,540277.1,547412.7,555562.2,478685.9
REC_002224,VIL_025,03-06-2025,7574,27.4,0,76.5,478685.9,533620.7,552809.7,544124.6
REC_002225,VIL_025,04-06-2025,7574,27.5,15,90.8,544124.6,531918.7,552562.5,478152.1
REC_002226,VIL_025,05-06-2025,7574,25.1,0,74.4,478152.1,521720.6,550375.4,531656.7
REC_002227,VIL_025,06-06-2025,7574,25.5,0,88.5,531656.7,524963.5,549381.1,525606
REC_002228,VIL_025,07-06-2025,7574,25,0,73,525606,520445,548604.6,514506
REC_002229,VIL_025,08-06-2025,7574,25.6,0,75.8,514506,516144.1,546820.8,516212.3
REC_002230,VIL_025,09-06-2025,7574,26.4,5.6,75.3,516212.3,512706.2,545120.8,464566.4
REC_002231,VIL_025,10-06-2025,7574,26.4,0,83.2,464566.4,510689.2,542232.3,526977.5
REC_002232,VIL_025,11-06-2025,7574,26.3,20,84,526977.5,508239.6,541664.7,457732.4
REC_002233,VIL_025,12-06-2025,7574,26.6,72,82.7,457732.4,505322.5,538452.3,463632.5
REC_002234,VIL_025,13-06-2025,7574,25.8,9.7,77.2,463632.5,495604.7,535415.2,457450.7
REC_002235,VIL_025,14-06-2025,7574,26.7,0,73.3,457450.7,485868.3,531661.5,541275.3
REC_002236,VIL_025,15-06-2025,7574,26.7,4.3,70.3,541275.3,489692.4,531029.3,523760.4
REC_002237,VIL_025,16-06-2025,7574,25.5,0,93,523760.4,490770.7,529498.7,533315.4
REC_002238,VIL_025,17-06-2025,7574,26.4,9.3,91.5,533315.4,500592,528291.5,466638
REC_002239,VIL_025,18-06-2025,7574,25.2,17.5,93.8,466638,491972.1,524576.9,454014
REC_002240,VIL_025,19-06-2025,7574,26.5,0,75.4,454014,491440.9,521626.3,544247.8
REC_002241,VIL_025,20-06-2025,7574,27.4,4.1,76.1,544247.8,502957.4,521247.4,531046.1
REC_002242,VIL_025,21-06-2025,7574,26.5,0,82.4,531046.1,513471,520214.8,524614.9
REC_002243,VIL_025,22-06-2025,7574,24.8,38.6,71.2,524614.9,511090.9,519081.8,456988.2
REC_002244,VIL_025,23-06-2025,7574,25.2,0,79.7,456988.2,501552.1,515607.1,525043.4
REC_002245,VIL_025,24-06-2025,7574,26.5,0,73.1,525043.4,500370.3,514789.7,514927.1
REC_002246,VIL_025,25-06-2025,7574,26.6,1,73.4,514927.1,507268.8,513568.8,525839.7
REC_002247,VIL_025,26-06-2025,7574,25.6,28.8,84.8,525839.7,517529.6,511922.4,467439.8
REC_002248,VIL_025,27-06-2025,7574,26.6,0,89.4,467439.8,506557,508969.1,542009.4
REC_002249,VIL_025,28-06-2025,7574,25.2,0.4,79.4,542009.4,508123.2,508718.1,536140.5
REC_002250,VIL_025,29-06-2025,7574,26.6,0,87.6,536140.5,509769.7,509624.3,517824.1
REC_002251,VIL_026,01-04-2025,8092,33.4,0,29.7,577009,560245,563923.3,590558.3
REC_002252,VIL_026,02-04-2025,8092,33.4,0,23.3,590558.3,561852.8,565392.4,604465.2
REC_002253,VIL_026,03-04-2025,8092,32.8,0,33.3,604465.2,570462.7,566795.6,606676.1
REC_002254,VIL_026,04-04-2025,8092,32,0,26.5,606676.1,578589.3,568711.3,569940
REC_002255,VIL_026,05-04-2025,8092,34.6,0,24.4,569940,581941.3,569719.5,598780.7
REC_002256,VIL_026,06-04-2025,8092,31.3,0,29.3,598780.7,584158.5,570221.6,588231.2
REC_002257,VIL_026,07-04-2025,8092,33.4,0,35.8,588231.2,590808.6,571855.2,586975.7
REC_002258,VIL_026,08-04-2025,8092,33.2,0,31.6,586975.7,592232.5,571915.3,583482.4
REC_002259,VIL_026,09-04-2025,8092,33.2,0,26,583482.4,591221.6,573155.4,605218.4
REC_002260,VIL_026,10-04-2025,8092,33.9,0,39.2,605218.4,591329.2,573551.7,617099.3
REC_002261,VIL_026,11-04-2025,8092,34.2,0,29.7,617099.3,592818.2,575044.2,604180.7
REC_002262,VIL_026,12-04-2025,8092,33.2,2.8,29.8,604180.7,597709.8,575858.6,585723.7
REC_002263,VIL_026,13-04-2025,8092,32.2,0,37.6,585723.7,595844.5,577236.8,581571.4
REC_002264,VIL_026,14-04-2025,8092,32.4,0,40.4,581571.4,594893.1,577057.5,575217.2
REC_002265,VIL_026,15-04-2025,8092,34.4,0,22.3,575217.2,593213.3,576709.6,613313.1
REC_002266,VIL_026,16-04-2025,8092,31.8,0,37.1,613313.1,597474.8,577983.2,591279.2
REC_002267,VIL_026,17-04-2025,8092,34,0,24.1,591279.2,595483.5,578806.9,613940.4
REC_002268,VIL_026,18-04-2025,8092,33,0,28.2,613940.4,595032.2,579972,575116.7
REC_002269,VIL_026,19-04-2025,8092,34.1,0,37.1,575116.7,590880.2,581194.1,603512.1
REC_002270,VIL_026,20-04-2025,8092,31.7,0,25.6,603512.1,593421.4,582255.3,570925.1
REC_002271,VIL_026,21-04-2025,8092,32.7,0,34.7,570925.1,591900.5,581748.9,583754
REC_002272,VIL_026,22-04-2025,8092,32.2,0,37.3,583754,593120.1,582596.2,595136.7
REC_002273,VIL_026,23-04-2025,8092,32.6,0,25.3,595136.7,590523.5,584292.4,577656.3
REC_002274,VIL_026,24-04-2025,8092,33,0,36.1,577656.3,588577.3,584815.6,596843.1
REC_002275,VIL_026,25-04-2025,8092,32.3,0,22.9,596843.1,586134.9,585400.3,591416.6
REC_002276,VIL_026,26-04-2025,8092,32.3,0,28.9,591416.6,588463.4,586974.3,601947.6
REC_002277,VIL_026,27-04-2025,8092,33.4,0,24.9,601947.6,588239.9,588712.9,605157.1
REC_002278,VIL_026,28-04-2025,8092,33.6,0,26.5,605157.1,593130.2,590668.9,607904.5
REC_002279,VIL_026,29-04-2025,8092,32.8,0,37,607904.5,596580.3,591490.4,591349.6
REC_002280,VIL_026,30-04-2025,8092,33,0,35.2,591349.6,596039.3,593146,580805.6
REC_002281,VIL_026,01-05-2025,8092,33.6,0,29.9,580805.6,596489.2,593272.6,594361.3
REC_002282,VIL_026,02-05-2025,8092,34,0,33.2,594361.3,596134.6,593399.4,602209.3
REC_002283,VIL_026,03-05-2025,8092,33.2,0,39.1,602209.3,597676.4,593324.2,599984
REC_002284,VIL_026,04-05-2025,8092,32.6,0,22.6,599984,597395.9,593101.1,592334.6
REC_002285,VIL_026,05-05-2025,8092,33.2,0,38.4,592334.6,595564.1,593847.6,589852.8
REC_002286,VIL_026,06-05-2025,8092,33.1,0,38.1,589852.8,592985.3,593550,584432.4
REC_002287,VIL_026,07-05-2025,8092,31.5,0,39.3,584432.4,591997.1,593423.4,567655.6
REC_002288,VIL_026,08-05-2025,8092,34,0.7,29.8,567655.6,590118.6,592779.4,607409.8
REC_002289,VIL_026,09-05-2025,8092,32.6,0,38.5,607409.8,591982.6,593576.9,593665.5
REC_002290,VIL_026,10-05-2025,8092,31.8,3.3,27.7,593665.5,590762.1,593191.8,588273.9
REC_002291,VIL_026,11-05-2025,8092,33.4,0,27.7,588273.9,589089.2,592231,590775.2
REC_002292,VIL_026,12-05-2025,8092,33.3,0,22.5,590775.2,588866.5,591784.1,586004.2
REC_002293,VIL_026,13-05-2025,8092,33.7,0,26.7,586004.2,588316.7,591793.5,607194.3
REC_002294,VIL_026,14-05-2025,8092,34,0,31.4,607194.3,591568.4,592647.6,610284.7
REC_002295,VIL_026,15-05-2025,8092,33.6,0,30.8,610284.7,597658.2,593816.5,595437.9
REC_002296,VIL_026,16-05-2025,8092,32.8,0,40.6,595437.9,595948,593220.7,594193.4
REC_002297,VIL_026,17-05-2025,8092,33.2,0,38.6,594193.4,596023.4,593317.8,589124.2
REC_002298,VIL_026,18-05-2025,8092,33,0,34.9,589124.2,596144.8,592490.6,599102.1
REC_002299,VIL_026,19-05-2025,8092,34.6,0,35.9,599102.1,597334.4,593290.1,617721.6
REC_002300,VIL_026,20-05-2025,8092,33.8,0,32.9,617721.6,601865.5,593763.8,605489.1
REC_002301,VIL_026,21-05-2025,8092,31.9,0,32.2,605489.1,601621.9,594915.9,583023.4
REC_002302,VIL_026,22-05-2025,8092,32.8,0,38.8,583023.4,597727.4,594891.5,588766.4
REC_002303,VIL_026,23-05-2025,8092,34,0,28.3,588766.4,596774.3,594679.2,605553.5
REC_002304,VIL_026,24-05-2025,8092,32.8,14.1,37.5,605553.5,598397.2,595609.1,525006.5
REC_002305,VIL_026,25-05-2025,8092,33.1,0,32.9,525006.5,589237.5,593214.6,594868.3
REC_002306,VIL_026,26-05-2025,8092,33.4,0,39.1,594868.3,588632.7,593329.6,599791.3
REC_002307,VIL_026,27-05-2025,8092,33.5,14,41,599791.3,586071.2,593257.7,511938.1
REC_002308,VIL_026,28-05-2025,8092,33.2,0,31.1,511938.1,572706.8,590150.4,609720
REC_002309,VIL_026,29-05-2025,8092,32.4,14.2,26.4,609720,576520.6,590211,525421.5
REC_002310,VIL_026,30-05-2025,8092,34.6,0,41.9,525421.5,567471.3,588013.3,600944
REC_002311,VIL_026,31-05-2025,8092,33,0,36.5,600944,566812.8,588684.6,594160.6
REC_002312,VIL_026,01-06-2025,8092,25.5,11.7,73.5,594160.6,576692,588677.9,484928.6
REC_002313,VIL_026,02-06-2025,8092,24.5,9.7,88.2,484928.6,560986.3,584768.6,484746.2
REC_002314,VIL_026,03-06-2025,8092,25.6,0,79.6,484746.2,544551.3,580927.3,557970.5
REC_002315,VIL_026,04-06-2025,8092,26.6,7.5,92.6,557970.5,551127.3,579781.9,504140.8
REC_002316,VIL_026,05-06-2025,8092,24.3,47.9,90.3,504140.8,536044.6,576924.8,508999.2
REC_002317,VIL_026,06-06-2025,8092,26.8,12.4,79.2,508999.2,533698.6,574410.3,500237.3
REC_002318,VIL_026,07-06-2025,8092,26.8,0,89.1,500237.3,519311.9,572163.1,567532.1
REC_002319,VIL_026,08-06-2025,8092,24.2,0,89.8,567532.1,515507.8,570833.8,563119.9
REC_002320,VIL_026,09-06-2025,8092,26,23.2,91.1,563119.9,526678,569815.6,488346.3
REC_002321,VIL_026,10-06-2025,8092,25.4,24.2,75.4,488346.3,527192.3,566484.7,487052.9
REC_002322,VIL_026,11-06-2025,8092,24.6,0,87,487052.9,517061.2,563027.3,575299.6
REC_002323,VIL_026,12-06-2025,8092,25.8,0,84.9,575299.6,527226.8,562670.5,580969.3
REC_002324,VIL_026,13-06-2025,8092,26.2,21.1,86.6,580969.3,537508.2,561796.3,497219.5
REC_002325,VIL_026,14-06-2025,8092,26.3,11,83.5,497219.5,537077.1,558027.5,503235.9
REC_002326,VIL_026,15-06-2025,8092,25.6,0,82.5,503235.9,527891.9,554954.1,580525.9
REC_002327,VIL_026,16-06-2025,8092,26.6,0,88.6,580525.9,530378.5,554498.5,552509.4
REC_002328,VIL_026,17-06-2025,8092,26.3,29.7,74.3,552509.4,539544.6,553278,506556.8
REC_002329,VIL_026,18-06-2025,8092,25.8,0,72.2,506556.8,542330.9,550193.2,570410.2
REC_002330,VIL_026,19-06-2025,8092,26,0,88,570410.2,541632.4,548616.1,569792.3
REC_002331,VIL_026,20-06-2025,8092,26.2,0,79.6,569792.3,540035.7,547426.2,559389.2
REC_002332,VIL_026,21-06-2025,8092,26.4,31.6,71.1,559389.2,548917.1,546638.4,503967.1
REC_002333,VIL_026,22-06-2025,8092,26,8.1,87.4,503967.1,549021.6,543811.8,507284
REC_002334,VIL_026,23-06-2025,8092,26.6,0,76.1,507284,538558.4,540536.1,553282.4
REC_002335,VIL_026,24-06-2025,8092,24.5,5.6,85.1,553282.4,538668.9,541478.6,499469.8
REC_002336,VIL_026,25-06-2025,8092,24.5,0,72.9,499469.8,537656.4,538298.7,552888.4
REC_002337,VIL_026,26-06-2025,8092,25.5,12.7,79.3,552888.4,535153.3,536735.3,509610.2
REC_002338,VIL_026,27-06-2025,8092,25.3,2.3,93.1,509610.2,526555.9,536657.7,566699.5
REC_002339,VIL_026,28-06-2025,8092,26,0,93.6,566699.5,527600.2,535223.6,576906.6
REC_002340,VIL_026,29-06-2025,8092,24.8,20.4,71.7,576906.6,538020.1,536939.8,494521.9
REC_002341,VIL_027,01-04-2025,2878,33.6,0,37.8,205713.4,203623.4,201511.7,209735.2
REC_002342,VIL_027,02-04-2025,2878,34.4,0,40.8,209735.2,205923.4,202039.3,215800.7
REC_002343,VIL_027,03-04-2025,2878,34.2,0,26.2,215800.7,206994.2,202825.2,219859.9
REC_002344,VIL_027,04-04-2025,2878,33.5,0,38.6,219859.9,208191.9,203585.3,216003.6
REC_002345,VIL_027,05-04-2025,2878,34.7,0,27.6,216003.6,210866.4,204241.8,218792.2
REC_002346,VIL_027,06-04-2025,2878,33.8,0,25.4,218792.2,213751.7,204779.1,215971.2
REC_002347,VIL_027,07-04-2025,2878,34.7,0,37.8,215971.2,214553.7,205583.9,211496.6
REC_002348,VIL_027,08-04-2025,2878,34.6,0,25.8,211496.6,215379.9,205904.7,219556.2
REC_002349,VIL_027,09-04-2025,2878,32.8,0,39.3,219556.2,216782.9,206580.6,207101.5
REC_002350,VIL_027,10-04-2025,2878,33.8,0,40.6,207101.5,215540.2,206716.8,218441.8
REC_002351,VIL_027,11-04-2025,2878,34.8,0.2,36.9,218441.8,215337.6,207146.9,214211.1
REC_002352,VIL_027,12-04-2025,2878,33.7,0,23.4,214211.1,215081.5,207481.9,217204.2
REC_002353,VIL_027,13-04-2025,2878,34.8,0,28.4,217204.2,214854.7,207681.3,212936
REC_002354,VIL_027,14-04-2025,2878,33.6,0,25.3,212936,214421.1,208306.7,212523.9
REC_002355,VIL_027,15-04-2025,2878,33.8,0,37,212523.9,214567.8,208722.7,207920.6
REC_002356,VIL_027,16-04-2025,2878,34.8,0,28.8,207920.6,212905.6,208988.5,218039.9
REC_002357,VIL_027,17-04-2025,2878,34.4,0,39.6,218039.9,214468.2,209596.9,219086.9
REC_002358,VIL_027,18-04-2025,2878,34.4,0,38.7,219086.9,214560.4,210074.5,217571.1
REC_002359,VIL_027,19-04-2025,2878,34,0,35.3,217571.1,215040.4,210618.3,213845.6
REC_002360,VIL_027,20-04-2025,2878,33.5,0,31.7,213845.6,214560.6,211019.5,206249.5
REC_002361,VIL_027,21-04-2025,2878,33.7,0,36.7,206249.5,213605.4,211224.6,218171.1
REC_002362,VIL_027,22-04-2025,2878,35,0,36.8,218171.1,214412.1,211451.4,219239.7
REC_002363,VIL_027,23-04-2025,2878,33.4,0,29.5,219239.7,216029.1,211756.9,214857.9
REC_002364,VIL_027,24-04-2025,2878,32.4,0,30,214857.9,215574.5,212332.7,212402.8
REC_002365,VIL_027,25-04-2025,2878,34.2,0,25.1,212402.8,214619.7,212958.2,217335.3
REC_002366,VIL_027,26-04-2025,2878,33.6,0,38.6,217335.3,214586,213259.3,211588.6
REC_002367,VIL_027,27-04-2025,2878,32.4,0,30.4,211588.6,214263.6,213263,211638.1
REC_002368,VIL_027,28-04-2025,2878,34.5,0,35.3,211638.1,215033.4,213741.6,216671.8
REC_002369,VIL_027,29-04-2025,2878,33.6,0,32.9,216671.8,214819.2,214344.1,216849.1
REC_002370,VIL_027,30-04-2025,2878,33.4,0,27.6,216849.1,214477.7,214560.5,215576.9
REC_002371,VIL_027,01-05-2025,2878,34,0,34.9,215576.9,214580.4,214889.3,207671.3
REC_002372,VIL_027,02-05-2025,2878,33.4,0,36.7,207671.3,213904.4,214820.5,210195.8
REC_002373,VIL_027,03-05-2025,2878,34.1,0,41.6,210195.8,212884.5,214633.7,207879.7
REC_002374,VIL_027,04-05-2025,2878,34.2,0,41.8,207879.7,212354.7,214234.3,209039
REC_002375,VIL_027,05-05-2025,2878,34.2,0,25.8,209039,211983.4,214002.2,215455
REC_002376,VIL_027,06-05-2025,2878,33,0,35.1,215455,211809.5,213890.9,215247.6
REC_002377,VIL_027,07-05-2025,2878,34.4,0,23.2,215247.6,211580.8,213866.8,209857.7
REC_002378,VIL_027,08-05-2025,2878,33.1,0,22.5,209857.7,210763.7,213812.2,210209.2
REC_002379,VIL_027,09-05-2025,2878,34.1,0,26.4,210209.2,211126.3,213500.6,219121.8
REC_002380,VIL_027,10-05-2025,2878,35.2,0,28.8,219121.8,212401.4,213901.3,221269.4
REC_002381,VIL_027,11-05-2025,2878,33.2,0,32.5,221269.4,214314.2,213995.6,211379.2
REC_002382,VIL_027,12-05-2025,2878,32.6,0,30.9,211379.2,214648.6,213901.2,212727.6
REC_002383,VIL_027,13-05-2025,2878,33.2,0,22.1,212727.6,214258.9,213751.9,211417.6
REC_002384,VIL_027,14-05-2025,2878,34.1,0,23,211417.6,213711.8,213701.3,209462.8
REC_002385,VIL_027,15-05-2025,2878,34.6,0,33.5,209462.8,213655.4,213599.3,210511.7
REC_002386,VIL_027,16-05-2025,2878,33.9,0,41.1,210511.7,213698.6,213685.7,209258.2
REC_002387,VIL_027,17-05-2025,2878,33,0,40,209258.2,212289.5,213392.9,208642.6
REC_002388,VIL_027,18-05-2025,2878,32.6,0,36.8,208642.6,210485.7,213044.8,214724
REC_002389,VIL_027,19-05-2025,2878,33.2,0,23.3,214724,210963.5,212949.9,214926.3
REC_002390,VIL_027,20-05-2025,2878,33.8,0,22.2,214926.3,211277.6,212985.9,212084.7
REC_002391,VIL_027,21-05-2025,2878,33.7,2,37.8,212084.7,211372.9,213180.4,212552.7
REC_002392,VIL_027,22-05-2025,2878,35,0,24,212552.7,211814.3,212993.1,213523.8
REC_002393,VIL_027,23-05-2025,2878,33.6,0,32.9,213523.8,212244.6,212802.6,214942.4
REC_002394,VIL_027,24-05-2025,2878,34,0,25.5,214942.4,213056.6,212805.4,217426.9
REC_002395,VIL_027,25-05-2025,2878,34.8,0,28.5,217426.9,214311.5,212972.9,212581.9
REC_002396,VIL_027,26-05-2025,2878,33,0,33,212581.9,214005.5,212814.4,204738.2
REC_002397,VIL_027,27-05-2025,2878,34,0,34.1,204738.2,212550.1,212586.1,215135
REC_002398,VIL_027,28-05-2025,2878,32.1,0,28,215135,212985.8,212702.7,208585.4
REC_002399,VIL_027,29-05-2025,2878,34.6,0,36.7,208585.4,212419.1,212433.1,214096.1
REC_002400,VIL_027,30-05-2025,2878,33.4,0,38.2,214096.1,212500.8,212341.4,213562.5
REC_002401,VIL_027,31-05-2025,2878,34.3,0.4,39.4,213562.5,212303.7,212274.2,215105.4
REC_002402,VIL_027,01-06-2025,2878,25.4,15.8,90.2,215105.4,211972.1,212522,174631.7
REC_002403,VIL_027,02-06-2025,2878,26.4,6.5,77,174631.7,206550.6,211336.5,176196.9
REC_002404,VIL_027,03-06-2025,2878,25.2,0,87.2,176196.9,202473.3,210280.4,200591.1
REC_002405,VIL_027,04-06-2025,2878,27.9,8.5,92.5,200591.1,200395.6,209998.8,181329.5
REC_002406,VIL_027,05-06-2025,2878,26,0,76.5,181329.5,196501.9,208861.3,207031.2
REC_002407,VIL_027,06-06-2025,2878,26.7,9.7,87.3,207031.2,195492.6,208587.5,181465.2
REC_002408,VIL_027,07-06-2025,2878,26.8,0,81.2,181465.2,190907.3,207641,204109.3
REC_002409,VIL_027,08-06-2025,2878,27.4,0,70.8,204109.3,189336.4,207437.7,202487.4
REC_002410,VIL_027,09-06-2025,2878,27.2,8.7,78.8,202487.4,193315.8,206883.2,179298
REC_002411,VIL_027,10-06-2025,2878,26.8,0,84.5,179298,193758.8,205484.2,206767.8
REC_002412,VIL_027,11-06-2025,2878,26,0,85.5,206767.8,194641.2,205330.5,198438.1
REC_002413,VIL_027,12-06-2025,2878,26,0,92.7,198438.1,197085.3,204854.1,201884.5
REC_002414,VIL_027,13-06-2025,2878,26.8,0,84.9,201884.5,196350,204536.4,203751.9
REC_002415,VIL_027,14-06-2025,2878,26.4,0,72.6,203751.9,199533.9,204346,203626.7
REC_002416,VIL_027,15-06-2025,2878,27.4,21.6,79.5,203626.7,199464.9,204116.5,174649.8
REC_002417,VIL_027,16-06-2025,2878,27.3,0,88.8,174649.8,195488.1,202962.9,202508.4
REC_002418,VIL_027,17-06-2025,2878,26.8,0,92.9,202508.4,198803.9,202758.4,205036.9
REC_002419,VIL_027,18-06-2025,2878,26.4,0,91.7,205036.9,198556.6,202435.5,201158.8
REC_002420,VIL_027,19-06-2025,2878,27,7.1,90.2,201158.8,198945.3,201976.6,180404.6
REC_002421,VIL_027,20-06-2025,2878,26,0,78.7,180404.6,195876.7,200920.6,199766.3
REC_002422,VIL_027,21-06-2025,2878,25.2,0,79.4,199766.3,195307.4,200494.4,206763.6
REC_002423,VIL_027,22-06-2025,2878,26.4,0,80,206763.6,195755.5,200269,201870.1
REC_002424,VIL_027,23-06-2025,2878,27,8.6,79.9,201870.1,199644.1,199833.3,178305.4
REC_002425,VIL_027,24-06-2025,2878,27.3,64.6,80.8,178305.4,196186.5,198529.3,172299.9
REC_002426,VIL_027,25-06-2025,2878,26.3,26,86.1,172299.9,191509.8,197186.5,173777.4
REC_002427,VIL_027,26-06-2025,2878,25.8,22,82.8,173777.4,187598.2,196154.5,178698.8
REC_002428,VIL_027,27-06-2025,2878,26.4,0,82,178698.8,187354.5,194940,200491.4
REC_002429,VIL_027,28-06-2025,2878,26.9,37.9,84.5,200491.4,187458.1,194670.2,177371.6
REC_002430,VIL_027,29-06-2025,2878,27.4,0,93.8,177371.6,183259.2,193446,196177.4
REC_002431,VIL_028,01-04-2025,4442,33.9,0,37.4,324455.1,313583.6,310289.3,319425.3
REC_002432,VIL_028,02-04-2025,4442,32.6,0,28.9,319425.3,316882.2,310225.9,314301.2
REC_002433,VIL_028,03-04-2025,4442,33.4,0,34.6,314301.2,316160.2,310043,320748.8
REC_002434,VIL_028,04-04-2025,4442,34.4,0,31.6,320748.8,317020.3,310696.1,324845.4
REC_002435,VIL_028,05-04-2025,4442,33.2,0,37.5,324845.4,318556.5,311020.4,319631.9
REC_002436,VIL_028,06-04-2025,4442,33.2,0,31.7,319631.9,319593.7,310980.2,329227
REC_002437,VIL_028,07-04-2025,4442,33.4,0,26.4,329227,321805,311443.8,326003.5
REC_002438,VIL_028,08-04-2025,4442,34,0,24.7,326003.5,322026.2,312142.4,339321.7
REC_002439,VIL_028,09-04-2025,4442,32.3,0,34.9,339321.7,324868.5,312926.7,316396.3
REC_002440,VIL_028,10-04-2025,4442,34,0,35.2,316396.3,325167.8,313408.6,325855.4
REC_002441,VIL_028,11-04-2025,4442,33.5,0,39.6,325855.4,325897.3,314094.2,336772.8
REC_002442,VIL_028,12-04-2025,4442,35.3,0,37.7,336772.8,327601.2,315224.7,342341.2
REC_002443,VIL_028,13-04-2025,4442,34.8,1.2,27.2,342341.2,330845.4,316212.4,332723.7
REC_002444,VIL_028,14-04-2025,4442,33.3,0.5,34,332723.7,331344.9,317344.6,327400.5
REC_002445,VIL_028,15-04-2025,4442,33.6,0,27.2,327400.5,331544.5,317444.1,334479
REC_002446,VIL_028,16-04-2025,4442,34,0,35.7,334479,330852.7,318401.3,329220.3
REC_002447,VIL_028,17-04-2025,4442,32.7,0,30.7,329220.3,332684.7,319302,317826.4
REC_002448,VIL_028,18-04-2025,4442,34.4,0,29.5,317826.4,331537.7,319535.1,337994.1
REC_002449,VIL_028,19-04-2025,4442,33.4,0,29.7,337994.1,331712.2,320668,327538.6
REC_002450,VIL_028,20-04-2025,4442,33.8,0,36.5,327538.6,329597.5,321185.1,321821.6
REC_002451,VIL_028,21-04-2025,4442,34.3,0,26.2,321821.6,328040.1,321704.9,331106.6
REC_002452,VIL_028,22-04-2025,4442,32.6,0,31.9,331106.6,328569.5,322758.4,321384.2
REC_002453,VIL_028,23-04-2025,4442,33.8,0,40.6,321384.2,326698.8,323349.2,336094.8
REC_002454,VIL_028,24-04-2025,4442,33.1,0,37.6,336094.8,327680.9,324251.5,318097.8
REC_002455,VIL_028,25-04-2025,4442,32.6,0,41.5,318097.8,327719.7,324976.9,330339.7
REC_002456,VIL_028,26-04-2025,4442,33.6,0,36.6,330339.7,326626.2,325343.1,327970.9
REC_002457,VIL_028,27-04-2025,4442,32.6,0,40.9,327970.9,326687.9,325784.5,321212.9
REC_002458,VIL_028,28-04-2025,4442,34,0,34.3,321212.9,326601,326021.9,322911.5
REC_002459,VIL_028,29-04-2025,4442,33.6,0,41.6,322911.5,325430.3,326373.2,331679.6
REC_002460,VIL_028,30-04-2025,4442,33.6,0,37,331679.6,326901,326970.9,336123.4
REC_002461,VIL_028,01-05-2025,4442,33,0,23.9,336123.4,326905.1,327359.9,322502.7
REC_002462,VIL_028,02-05-2025,4442,33.6,0,25.4,322502.7,327534.4,327462.5,322649.3
REC_002463,VIL_028,03-05-2025,4442,33.8,0,31.7,322649.3,326435.8,327740.7,329745.5
REC_002464,VIL_028,04-05-2025,4442,32.7,0,28.7,329745.5,326689.3,328040.6,329282.6
REC_002465,VIL_028,05-05-2025,4442,33.2,0,23.7,329282.6,327842.1,328188.5,316162.8
REC_002466,VIL_028,06-05-2025,4442,32.2,0,24.1,316162.8,326878,328072.9,323732.9
REC_002467,VIL_028,07-05-2025,4442,32.6,0,30.2,323732.9,325742.7,327889.7,324937.5
REC_002468,VIL_028,08-05-2025,4442,32.7,0,30.3,324937.5,324144.8,327854.2,320003
REC_002469,VIL_028,09-05-2025,4442,35,0,33.2,320003,323787.7,327210.3,333286.3
REC_002470,VIL_028,10-05-2025,4442,32.2,0,34,333286.3,325307.2,327773.3,316324.5
REC_002471,VIL_028,11-05-2025,4442,33.4,0,35.2,316324.5,323389.9,327455.6,332482
REC_002472,VIL_028,12-05-2025,4442,33.2,0,24.8,332482,323847,327312.5,328495.5
REC_002473,VIL_028,13-05-2025,4442,34.2,0,31.5,328495.5,325608.8,326851,331177.9
REC_002474,VIL_028,14-05-2025,4442,33.6,0,30.9,331177.9,326672.4,326799.5,325617.4
REC_002475,VIL_028,15-05-2025,4442,32.6,0,38.3,325617.4,326769.5,326740,319022.9
REC_002476,VIL_028,16-05-2025,4442,33.6,0,35.4,319022.9,326629.5,326224.8,334077
REC_002477,VIL_028,17-05-2025,4442,34,0,38,334077,326742.5,326386.7,328635.4
REC_002478,VIL_028,18-05-2025,4442,34.6,0,24.8,328635.4,328501.2,326747,332423.7
REC_002479,VIL_028,19-05-2025,4442,32.8,0,40.2,332423.7,328492.8,326561.3,324404.4
REC_002480,VIL_028,20-05-2025,4442,33.4,0,31,324404.4,327908.4,326456.9,325785.5
REC_002481,VIL_028,21-05-2025,4442,33.2,0,40.9,325785.5,327138,326589,321096.2
REC_002482,VIL_028,22-05-2025,4442,33,0,41.4,321096.2,326492.2,326255.3,317530.5
REC_002483,VIL_028,23-05-2025,4442,33,0,29.4,317530.5,326279,326126.9,317105.4
REC_002484,VIL_028,24-05-2025,4442,33.6,0,26.9,317105.4,323854.4,325493.9,332793.5
REC_002485,VIL_028,25-05-2025,4442,34.4,0,38.3,332793.5,324448.5,325983.7,325963.6
REC_002486,VIL_028,26-05-2025,4442,33.9,0,34,325963.6,323525.6,325837.9,320355.5
REC_002487,VIL_028,27-05-2025,4442,33,0,28,320355.5,322947.2,325584,330732.7
REC_002488,VIL_028,28-05-2025,4442,33.9,0,31.5,330732.7,323653.9,325901.4,322298.5
REC_002489,VIL_028,29-05-2025,4442,34.8,8.2,32.5,322298.5,323825.7,325880.9,295530.9
REC_002490,VIL_028,30-05-2025,4442,31.7,0,34.7,295530.9,320682.9,324676,315781.9
REC_002491,VIL_028,31-05-2025,4442,33.2,0,33,315781.9,320493.8,323997.9,318562.1
REC_002492,VIL_028,01-06-2025,4442,26,0,79.6,318562.1,318460.7,323866.6,309344.5
REC_002493,VIL_028,02-06-2025,4442,27.2,31,83.3,309344.5,316086.6,323423.1,265661.5
REC_002494,VIL_028,03-06-2025,4442,27.4,0,76.5,265661.5,308273.2,321286.9,317302.7
REC_002495,VIL_028,04-06-2025,4442,27.5,15,90.8,317302.7,306354.6,320887.6,273848.8
REC_002496,VIL_028,05-06-2025,4442,25.1,0,74.4,273848.8,299433.2,319477.1,304208
REC_002497,VIL_028,06-06-2025,4442,25.5,0,88.5,304208,300672.8,318826.3,306033
REC_002498,VIL_028,07-06-2025,4442,25,0,73,306033,299280.1,318196.2,309969.4
REC_002499,VIL_028,08-06-2025,4442,25.6,0,75.8,309969.4,298052.6,317861.7,305135.4
REC_002500,VIL_028,09-06-2025,4442,26.4,5.6,75.3,305135.4,297451.3,316923.3,269828.1
REC_002501,VIL_028,10-06-2025,4442,26.4,0,83.2,269828.1,298046.5,315373.5,311581.5
REC_002502,VIL_028,11-06-2025,4442,26.3,20,84,311581.5,297229.2,314676.8,279087.9
REC_002503,VIL_028,12-06-2025,4442,26.6,72,82.7,279087.9,297977.6,313029.9,272015.6
REC_002504,VIL_028,13-06-2025,4442,25.8,9.7,77.2,272015.6,293378.7,311057.8,277189.4
REC_002505,VIL_028,14-06-2025,4442,26.7,0,73.3,277189.4,289258.2,309443.5,317967.6
REC_002506,VIL_028,15-06-2025,4442,26.7,4.3,70.3,317967.6,290400.8,309408.3,305647.2
REC_002507,VIL_028,16-06-2025,4442,25.5,0,93,305647.2,290473.9,308460.7,316671.1
REC_002508,VIL_028,17-06-2025,4442,26.4,9.3,91.5,316671.1,297165.8,308061.9,277853.1
REC_002509,VIL_028,18-06-2025,4442,25.2,17.5,93.8,277853.1,292347.4,306242.8,271278.4
REC_002510,VIL_028,19-06-2025,4442,26.5,0,75.4,271278.4,291231.8,304472,320072.7
REC_002511,VIL_028,20-06-2025,4442,27.4,4.1,76.1,320072.7,298097.1,304281.6,306510.5
REC_002512,VIL_028,21-06-2025,4442,26.5,0,82.4,306510.5,302285.8,303795.4,306365.5
REC_002513,VIL_028,22-06-2025,4442,24.8,38.6,71.2,306365.5,300628.4,303423.2,278097.1
REC_002514,VIL_028,23-06-2025,4442,25.2,0,79.7,278097.1,296692.6,302122.9,309720.9
REC_002515,VIL_028,24-06-2025,4442,26.5,0,73.1,309720.9,295699.7,301353.8,307783.2
REC_002516,VIL_028,25-06-2025,4442,26.6,1,73.4,307783.2,299975.5,300747.8,304945
REC_002517,VIL_028,26-06-2025,4442,25.6,28.8,84.8,304945,304785,300234.1,277983.3
REC_002518,VIL_028,27-06-2025,4442,26.6,0,89.4,277983.3,298772.2,298475.8,316281.7
REC_002519,VIL_028,28-06-2025,4442,25.2,0.4,79.4,316281.7,300168.1,298275.3,312181.8
REC_002520,VIL_028,29-06-2025,4442,26.6,0,87.6,312181.8,300999,298830.3,319471.8
REC_002521,VIL_029,01-04-2025,5836,33.9,0,37.4,410201.5,407604.6,412958.1,421741.7
REC_002522,VIL_029,02-04-2025,5836,32.6,0,28.9,421741.7,409684.4,413646.4,412390.6
REC_002523,VIL_029,03-04-2025,5836,33.4,0,34.6,412390.6,409807.5,414157.3,436856.1
REC_002524,VIL_029,04-04-2025,5836,34.4,0,31.6,436856.1,414177.6,414860.1,429176.1
REC_002525,VIL_029,05-04-2025,5836,33.2,0,37.5,429176.1,416145.2,415196.8,424035.7
REC_002526,VIL_029,06-04-2025,5836,33.2,0,31.7,424035.7,417603.5,416088.6,416931.3
REC_002527,VIL_029,07-04-2025,5836,33.4,0,26.4,416931.3,421619,416945.5,421098
REC_002528,VIL_029,08-04-2025,5836,34,0,24.7,421098,423175.6,416941.9,439932.1
REC_002529,VIL_029,09-04-2025,5836,32.3,0,34.9,439932.1,425774.3,417340.1,422449.9
REC_002530,VIL_029,10-04-2025,5836,34,0,35.2,422449.9,427211.3,417607.4,442921.7
REC_002531,VIL_029,11-04-2025,5836,33.5,0,39.6,442921.7,428077.8,419056.7,427316.3
REC_002532,VIL_029,12-04-2025,5836,35.3,0,37.7,427316.3,427812.1,419006.9,434877.2
REC_002533,VIL_029,13-04-2025,5836,34.8,1.2,27.2,434877.2,429360.9,419349.9,433929
REC_002534,VIL_029,14-04-2025,5836,33.3,0.5,34,433929,431789.2,420178.7,434215.2
REC_002535,VIL_029,15-04-2025,5836,33.6,0,27.2,434215.2,433663.1,420592.2,432001.1
REC_002536,VIL_029,16-04-2025,5836,34,0,35.7,432001.1,432530.1,420944.8,443532.8
REC_002537,VIL_029,17-04-2025,5836,32.7,0,30.7,443532.8,435541.9,421519.8,427670.8
REC_002538,VIL_029,18-04-2025,5836,34.4,0,29.5,427670.8,433363.2,421693.9,435299.9
REC_002539,VIL_029,19-04-2025,5836,33.4,0,29.7,435299.9,434503.7,422390.9,436715.9
REC_002540,VIL_029,20-04-2025,5836,33.8,0,36.5,436715.9,434766.4,423182,443400.5
REC_002541,VIL_029,21-04-2025,5836,34.3,0,26.2,443400.5,436119.5,424389.1,431108.2
REC_002542,VIL_029,22-04-2025,5836,32.6,0,31.9,431108.2,435675.6,424969.8,418082.3
REC_002543,VIL_029,23-04-2025,5836,33.8,0,40.6,418082.3,433687.2,424886.5,434816.6
REC_002544,VIL_029,24-04-2025,5836,33.1,0,37.6,434816.6,432442,425124.4,427487.3
REC_002545,VIL_029,25-04-2025,5836,32.6,0,41.5,427487.3,432415.8,425801.2,436910.4
REC_002546,VIL_029,26-04-2025,5836,33.6,0,36.6,436910.4,432645.9,426647.2,429607.7
REC_002547,VIL_029,27-04-2025,5836,32.6,0,40.9,429607.7,431630.4,427425.3,413611.7
REC_002548,VIL_029,28-04-2025,5836,34,0,34.3,413611.7,427374.9,427365.6,445434.1
REC_002549,VIL_029,29-04-2025,5836,33.6,0,41.6,445434.1,429421.4,428419.1,439456.6
REC_002550,VIL_029,30-04-2025,5836,33.6,0,37,439456.6,432474.9,430106.9,422267.7
REC_002551,VIL_029,01-05-2025,5836,33,0,23.9,422267.7,430682.2,430509.1,437267
REC_002552,VIL_029,02-05-2025,5836,33.6,0,25.4,437267,432079.3,431026.7,426463.7
REC_002553,VIL_029,03-05-2025,5836,33.8,0,31.7,426463.7,430586.9,431495.8,428621.8
REC_002554,VIL_029,04-05-2025,5836,32.7,0,28.7,428621.8,430446.1,431221.3,435429.6
REC_002555,VIL_029,05-05-2025,5836,33.2,0,23.7,435429.6,433562.9,431429.7,428902.6
REC_002556,VIL_029,06-05-2025,5836,32.2,0,24.1,428902.6,431201.3,431592,412829.3
REC_002557,VIL_029,07-05-2025,5836,32.6,0,30.2,412829.3,427397.4,431455.2,421117.5
REC_002558,VIL_029,08-05-2025,5836,32.7,0,30.3,421117.5,427233.1,431455.9,430729.4
REC_002559,VIL_029,09-05-2025,5836,35,0,33.2,430729.4,426299.1,431149.1,430573.9
REC_002560,VIL_029,10-05-2025,5836,32.2,0,34,430573.9,426886.3,431419.9,424285.8
REC_002561,VIL_029,11-05-2025,5836,33.4,0,35.2,424285.8,426266.9,430798.7,434385
REC_002562,VIL_029,12-05-2025,5836,33.2,0,24.8,434385,426117.6,431034.4,424117.9
REC_002563,VIL_029,13-05-2025,5836,34.2,0,31.5,424117.9,425434.1,430675.7,439308.4
REC_002564,VIL_029,14-05-2025,5836,33.6,0,30.9,439308.4,429216.8,430855,440506
REC_002565,VIL_029,15-05-2025,5836,32.6,0,38.3,440506,431986.6,431064.7,423742.2
REC_002566,VIL_029,16-05-2025,5836,33.6,0,35.4,423742.2,430988.5,430789.4,427555.1
REC_002567,VIL_029,17-05-2025,5836,34,0,38,427555.1,430557.2,430256.8,426565.8
REC_002568,VIL_029,18-05-2025,5836,34.6,0,24.8,426565.8,430882.9,430220,439438.3
REC_002569,VIL_029,19-05-2025,5836,32.8,0,40.2,439438.3,431604.8,430357.9,435379.5
REC_002570,VIL_029,20-05-2025,5836,33.4,0,31,435379.5,433213.6,430313.4,424837.6
REC_002571,VIL_029,21-05-2025,5836,33.2,0,40.9,424837.6,431146.4,429694.6,425463.5
REC_002572,VIL_029,22-05-2025,5836,33,0,41.4,425463.5,428997.4,429506.5,424511.7
REC_002573,VIL_029,23-05-2025,5836,33,0,29.4,424511.7,429107.4,429720.8,428461.1
REC_002574,VIL_029,24-05-2025,5836,33.6,0,26.9,428461.1,429236.8,429508.9,423563.6
REC_002575,VIL_029,25-05-2025,5836,34.4,0,38.3,423563.6,428807.9,429378.1,443901.4
REC_002576,VIL_029,26-05-2025,5836,33.9,0,34,443901.4,429445.5,429611.2,427115.3
REC_002577,VIL_029,27-05-2025,5836,33,0,28,427115.3,428264.9,429528.1,432163.6
REC_002578,VIL_029,28-05-2025,5836,33.9,0,31.5,432163.6,429311.5,430146.5,432761.3
REC_002579,VIL_029,29-05-2025,5836,34.8,8.2,32.5,432761.3,430354,429724.1,387367.6
REC_002580,VIL_029,30-05-2025,5836,31.7,0,34.7,387367.6,425047.7,427987.8,410883.8
REC_002581,VIL_029,31-05-2025,5836,33.2,0,33,410883.8,422536.7,427608.3,434166.2
REC_002582,VIL_029,01-06-2025,5836,26,0,79.6,434166.2,424051.3,427505,400887.7
REC_002583,VIL_029,02-06-2025,5836,27.2,31,83.3,400887.7,417906.5,426652.4,351160.3
REC_002584,VIL_029,03-06-2025,5836,27.4,0,76.5,351160.3,407055.8,424070.4,409664.2
REC_002585,VIL_029,04-06-2025,5836,27.5,15,90.8,409664.2,403841.6,423211.5,364012.1
REC_002586,VIL_029,05-06-2025,5836,25.1,0,74.4,364012.1,394020.3,421048.5,397490.8
REC_002587,VIL_029,06-06-2025,5836,25.5,0,88.5,397490.8,395466.4,420537.2,397965.4
REC_002588,VIL_029,07-06-2025,5836,25,0,73,397965.4,393621,419765.5,415939
REC_002589,VIL_029,08-06-2025,5836,25.6,0,75.8,415939,391017.1,419272.5,416094.8
REC_002590,VIL_029,09-06-2025,5836,26.4,5.6,75.3,416094.8,393189.5,418789.8,354003.9
REC_002591,VIL_029,10-06-2025,5836,26.4,0,83.2,354003.9,393595.7,416447.1,411344.4
REC_002592,VIL_029,11-06-2025,5836,26.3,20,84,411344.4,393835.8,415679.1,358272
REC_002593,VIL_029,12-06-2025,5836,26.6,72,82.7,358272,393015.8,413484.2,362359.8
REC_002594,VIL_029,13-06-2025,5836,25.8,9.7,77.2,362359.8,387997,410919.3,367324.9
REC_002595,VIL_029,14-06-2025,5836,26.7,0,73.3,367324.9,383619.8,408479.9,398221.8
REC_002596,VIL_029,15-06-2025,5836,26.7,4.3,70.3,398221.8,381088.8,407629.2,415333.7
REC_002597,VIL_029,16-06-2025,5836,25.5,0,93,415333.7,380980.1,407221.8,408349.1
REC_002598,VIL_029,17-06-2025,5836,26.4,9.3,91.5,408349.1,388743.7,406614.6,360880.8
REC_002599,VIL_029,18-06-2025,5836,25.2,17.5,93.8,360880.8,381534.6,403996,362817.9
REC_002600,VIL_029,19-06-2025,5836,26.5,0,75.4,362817.9,382184,401577.3,418879
REC_002601,VIL_029,20-06-2025,5836,27.4,4.1,76.1,418879,390258.2,401378.7,397654.7
REC_002602,VIL_029,21-06-2025,5836,26.5,0,82.4,397654.7,394591,400451.7,396986.9
REC_002603,VIL_029,22-06-2025,5836,24.8,38.6,71.2,396986.9,394414.6,399534.2,352557.8
REC_002604,VIL_029,23-06-2025,5836,25.2,0,79.7,352557.8,385446.6,397004.1,420443.4
REC_002605,VIL_029,24-06-2025,5836,26.5,0,73.1,420443.4,387174.4,396900.1,413791.8
REC_002606,VIL_029,25-06-2025,5836,26.6,1,73.4,413791.8,394733.1,395896.5,411330
REC_002607,VIL_029,26-06-2025,5836,25.6,28.8,84.8,411330,401663.4,395370.3,349727.3
REC_002608,VIL_029,27-06-2025,5836,26.6,0,89.4,349727.3,391784.6,392622.4,417812.4
REC_002609,VIL_029,28-06-2025,5836,25.2,0.4,79.4,417812.4,394664.2,392124.1,416186
REC_002610,VIL_029,29-06-2025,5836,26.6,0,87.6,416186,397407,393084.7,412559.4
REC_002611,VIL_030,01-04-2025,2259,33.6,0,37.8,152461.9,156699.9,156093.3,170010.3
REC_002612,VIL_030,02-04-2025,2259,34.4,0,40.8,170010.3,159407.7,156574.1,163592
REC_002613,VIL_030,03-04-2025,2259,34.2,0,26.2,163592,161183.5,156982.6,165198.2
REC_002614,VIL_030,04-04-2025,2259,33.5,0,38.6,165198.2,162633,157176,167591.1
REC_002615,VIL_030,05-04-2025,2259,34.7,0,27.6,167591.1,163088.7,157375.5,168011.1
REC_002616,VIL_030,06-04-2025,2259,33.8,0,25.4,168011.1,164180.9,157918.8,171999.2
REC_002617,VIL_030,07-04-2025,2259,34.7,0,37.8,171999.2,165552,158310.6,164508
REC_002618,VIL_030,08-04-2025,2259,34.6,0,25.8,164508,167272.8,158635.8,174098
REC_002619,VIL_030,09-04-2025,2259,32.8,0,39.3,174098,167856.8,159028.8,165993.7
REC_002620,VIL_030,10-04-2025,2259,33.8,0,40.6,165993.7,168199.9,159270,167732.2
REC_002621,VIL_030,11-04-2025,2259,34.8,0.2,36.9,167732.2,168561.9,159785.6,165035.2
REC_002622,VIL_030,12-04-2025,2259,33.7,0,23.4,165035.2,168196.8,160001.8,164636.2
REC_002623,VIL_030,13-04-2025,2259,34.8,0,28.4,164636.2,167714.6,160273.7,173834.6
REC_002624,VIL_030,14-04-2025,2259,33.6,0,25.3,173834.6,167976.8,160965.6,165211.5
REC_002625,VIL_030,15-04-2025,2259,33.8,0,37,165211.5,168077.3,161021.7,168764.6
REC_002626,VIL_030,16-04-2025,2259,34.8,0,28.8,168764.6,167315.4,161633.9,174595.7
REC_002627,VIL_030,17-04-2025,2259,34.4,0,39.6,174595.7,168544.3,162281.8,166170.3
REC_002628,VIL_030,18-04-2025,2259,34.4,0,38.7,166170.3,168321.2,162806.7,169336.1
REC_002629,VIL_030,19-04-2025,2259,34,0,35.3,169336.1,168935.6,163393.2,169593.4
REC_002630,VIL_030,20-04-2025,2259,33.5,0,31.7,169593.4,169643.7,163882.2,163082.8
REC_002631,VIL_030,21-04-2025,2259,33.7,0,36.7,163082.8,168107.8,164282.3,163387.9
REC_002632,VIL_030,22-04-2025,2259,35,0,36.8,163387.9,167847.3,164406.6,169544.1
REC_002633,VIL_030,23-04-2025,2259,33.4,0,29.5,169544.1,167958.6,165004.8,165056
REC_002634,VIL_030,24-04-2025,2259,32.4,0,30,165056,166595.8,165129.4,165928.3
REC_002635,VIL_030,25-04-2025,2259,34.2,0,25.1,165928.3,166561.2,165625.1,163750.5
REC_002636,VIL_030,26-04-2025,2259,33.6,0,38.6,163750.5,165763.3,166044.8,171390.8
REC_002637,VIL_030,27-04-2025,2259,32.4,0,30.4,171390.8,166020.1,166589.4,159048.3
REC_002638,VIL_030,28-04-2025,2259,34.5,0,35.3,159048.3,165443.7,166411,169829.9
REC_002639,VIL_030,29-04-2025,2259,33.6,0,32.9,169829.9,166364,166726.4,167295.4
REC_002640,VIL_030,30-04-2025,2259,33.4,0,27.6,167295.4,166042.7,166889.6,162552.1
REC_002641,VIL_030,01-05-2025,2259,34,0,34.9,162552.1,165685,167225.9,164107
REC_002642,VIL_030,02-05-2025,2259,33.4,0,36.7,164107,165424.9,167029.1,169113.1
REC_002643,VIL_030,03-05-2025,2259,34.1,0,41.6,169113.1,166190.9,167213.2,171758.3
REC_002644,VIL_030,04-05-2025,2259,34.2,0,41.8,171758.3,166243.4,167431.8,165903.8
REC_002645,VIL_030,05-05-2025,2259,34.2,0,25.8,165903.8,167222.8,167375.6,167466.5
REC_002646,VIL_030,06-05-2025,2259,33,0,35.1,167466.5,166885.2,167357.5,163808.2
REC_002647,VIL_030,07-05-2025,2259,34.4,0,23.2,163808.2,166387,167084.4,164243.3
REC_002648,VIL_030,08-05-2025,2259,33.1,0,22.5,164243.3,166628.6,167075.6,167202.8
REC_002649,VIL_030,09-05-2025,2259,34.1,0,26.4,167202.8,167070.9,166845.8,171130.1
REC_002650,VIL_030,10-05-2025,2259,35.2,0,28.8,171130.1,167359,167017,168468.5
REC_002651,VIL_030,11-05-2025,2259,33.2,0,32.5,168468.5,166889,167041.5,170594.2
REC_002652,VIL_030,12-05-2025,2259,32.6,0,30.9,170594.2,167559.1,167226.8,160115.9
REC_002653,VIL_030,13-05-2025,2259,33.2,0,22.1,160115.9,166509,167076.1,167329
REC_002654,VIL_030,14-05-2025,2259,34.1,0,23,167329,167012,166859.3,167333.6
REC_002655,VIL_030,15-05-2025,2259,34.6,0,33.5,167333.6,167453.4,166930,168499.4
REC_002656,VIL_030,16-05-2025,2259,33.9,0,41.1,168499.4,167638.7,166921.2,166955.2
REC_002657,VIL_030,17-05-2025,2259,33,0,40,166955.2,167042.3,166666.5,162853.2
REC_002658,VIL_030,18-05-2025,2259,32.6,0,36.8,162853.2,166240.1,166555.9,166422.1
REC_002659,VIL_030,19-05-2025,2259,33.2,0,23.3,166422.1,165644.1,166458.8,167923.4
REC_002660,VIL_030,20-05-2025,2259,33.8,0,22.2,167923.4,166759.4,166403.1,164961.2
REC_002661,VIL_030,21-05-2025,2259,33.7,2,37.8,164961.2,166421.2,166465.7,170264.1
REC_002662,VIL_030,22-05-2025,2259,35,0,24,170264.1,166839.8,166694.9,168121.7
REC_002663,VIL_030,23-05-2025,2259,33.6,0,32.9,168121.7,166785.8,166647.5,168920
REC_002664,VIL_030,24-05-2025,2259,34,0,25.5,168920,167066.5,166776.3,163806.2
REC_002665,VIL_030,25-05-2025,2259,34.8,0,28.5,163806.2,167202.7,166705.6,166145.8
REC_002666,VIL_030,26-05-2025,2259,33,0,33,166145.8,167163.2,166785.4,163419.5
REC_002667,VIL_030,27-05-2025,2259,34,0,34.1,163419.5,166519.8,166519.7,168561.9
REC_002668,VIL_030,28-05-2025,2259,32.1,0,28,168561.9,167034.2,166836.8,164535.2
REC_002669,VIL_030,29-05-2025,2259,34.6,0,36.7,164535.2,166215.8,166660.4,167989.8
REC_002670,VIL_030,30-05-2025,2259,33.4,0,38.2,167989.8,166196.9,166683.5,161985
REC_002671,VIL_030,31-05-2025,2259,34.3,0.4,39.4,161985,165206.2,166664.6,167053.1
REC_002672,VIL_030,01-06-2025,2259,25.4,15.8,90.2,167053.1,165670,166762.8,140730.5
REC_002673,VIL_030,02-06-2025,2259,26.4,6.5,77,140730.5,162039.3,165816.7,140582.1
REC_002674,VIL_030,03-06-2025,2259,25.2,0,87.2,140582.1,158776.8,164777.5,154906
REC_002675,VIL_030,04-06-2025,2259,27.9,8.5,92.5,154906,156826,164410.9,135044.8
REC_002676,VIL_030,05-06-2025,2259,26,0,76.5,135044.8,152613,163330.2,160530.2
REC_002677,VIL_030,06-06-2025,2259,26.7,9.7,87.3,160530.2,151547.4,163220.9,135867.9
REC_002678,VIL_030,07-06-2025,2259,26.8,0,81.2,135867.9,147816.4,162275.1,154167.4
REC_002679,VIL_030,08-06-2025,2259,27.4,0,70.8,154167.4,145975.6,161840.6,153411.7
REC_002680,VIL_030,09-06-2025,2259,27.2,8.7,78.8,153411.7,147787.2,161250,138591.7
REC_002681,VIL_030,10-06-2025,2259,26.8,0,84.5,138591.7,147502.8,160254.1,158161
REC_002682,VIL_030,11-06-2025,2259,26,0,85.5,158161,147967.8,159839.6,159436.1
REC_002683,VIL_030,12-06-2025,2259,26,0,92.7,159436.1,151452.3,159817,156195.1
REC_002684,VIL_030,13-06-2025,2259,26.8,0,84.9,156195.1,150833,159445.8,160126.5
REC_002685,VIL_030,14-06-2025,2259,26.4,0,72.6,160126.5,154298.5,159205.6,154992.7
REC_002686,VIL_030,15-06-2025,2259,27.4,21.6,79.5,154992.7,154416.4,158755.4,141926.3
REC_002687,VIL_030,16-06-2025,2259,27.3,0,88.8,141926.3,152775.6,157921.1,158811.7
REC_002688,VIL_030,17-06-2025,2259,26.8,0,92.9,158811.7,155664.2,157786.4,158925.9
REC_002689,VIL_030,18-06-2025,2259,26.4,0,91.7,158925.9,155773.5,157536.5,155376.4
REC_002690,VIL_030,19-06-2025,2259,27,7.1,90.2,155376.4,155193.5,157118.3,135598.5
REC_002691,VIL_030,20-06-2025,2259,26,0,78.7,135598.5,152251.1,156139.5,157795.3
REC_002692,VIL_030,21-06-2025,2259,25.2,0,79.4,157795.3,151918.1,155723.9,159226.9
REC_002693,VIL_030,22-06-2025,2259,26.4,0,80,159226.9,152523,155427.4,154287.9
REC_002694,VIL_030,23-06-2025,2259,27,8.6,79.9,154287.9,154288.9,154939.6,142916
REC_002695,VIL_030,24-06-2025,2259,27.3,64.6,80.8,142916,152018.1,154243.3,143165.5
REC_002696,VIL_030,25-06-2025,2259,26.3,26,86.1,143165.5,149766.6,153477.3,139533.9
REC_002697,VIL_030,26-06-2025,2259,25.8,22,82.8,139533.9,147503.4,152681.1,142912.1
REC_002698,VIL_030,27-06-2025,2259,26.4,0,82,142912.1,148548.2,151826.1,155088.6
REC_002699,VIL_030,28-06-2025,2259,26.9,37.9,84.5,155088.6,148161.6,151511.2,135192
REC_002700,VIL_030,29-06-2025,2259,27.4,0,93.8,135192,144728,150418,153760
REC_002701,VIL_031,01-04-2025,7868,33.9,0,37.4,556406.7,542947.3,548629.1,567984.9
REC_002702,VIL_031,02-04-2025,7868,32.6,0,28.9,567984.9,548117.1,549042.6,557449.4
REC_002703,VIL_031,03-04-2025,7868,33.4,0,34.6,557449.4,551217.7,550070.3,568790.2
REC_002704,VIL_031,04-04-2025,7868,34.4,0,31.6,568790.2,555951.7,549829.5,579722.9
REC_002705,VIL_031,05-04-2025,7868,33.2,0,37.5,579722.9,563858.6,551452.3,587120
REC_002706,VIL_031,06-04-2025,7868,33.2,0,31.7,587120,568233.7,553022.8,565400.6
REC_002707,VIL_031,07-04-2025,7868,33.4,0,26.4,565400.6,568982.1,552918.7,563014.7
REC_002708,VIL_031,08-04-2025,7868,34,0,24.7,563014.7,569926.1,553843.6,580092.2
REC_002709,VIL_031,09-04-2025,7868,32.3,0,34.9,580092.2,571655.7,555293.2,566903
REC_002710,VIL_031,10-04-2025,7868,34,0,35.2,566903,573006.2,555570,582086
REC_002711,VIL_031,11-04-2025,7868,33.5,0,39.6,582086,574905.6,557025.3,591044.8
REC_002712,VIL_031,12-04-2025,7868,35.3,0,37.7,591044.8,576523,558886.9,580205.2
REC_002713,VIL_031,13-04-2025,7868,34.8,1.2,27.2,580205.2,575535.2,560319.7,597639.3
REC_002714,VIL_031,14-04-2025,7868,33.3,0.5,34,597639.3,580140.7,561899.5,572402.4
REC_002715,VIL_031,15-04-2025,7868,33.6,0,27.2,572402.4,581481.8,561765.2,573882.6
REC_002716,VIL_031,16-04-2025,7868,34,0,35.7,573882.6,580594.8,561926,598956.9
REC_002717,VIL_031,17-04-2025,7868,32.7,0,30.7,598956.9,585173.9,563928,564417.1
REC_002718,VIL_031,18-04-2025,7868,34.4,0,29.5,564417.1,582649.8,564634.1,592131.1
REC_002719,VIL_031,19-04-2025,7868,33.4,0,29.7,592131.1,582804.9,566078.2,571038.7
REC_002720,VIL_031,20-04-2025,7868,33.8,0,36.5,571038.7,581495.4,565874.9,582402.9
REC_002721,VIL_031,21-04-2025,7868,34.3,0,26.2,582402.9,579318.8,567531.2,596355
REC_002722,VIL_031,22-04-2025,7868,32.6,0,31.9,596355,582740.6,569312.6,585345.8
REC_002723,VIL_031,23-04-2025,7868,33.8,0,40.6,585345.8,584378.2,570044.3,593983.7
REC_002724,VIL_031,24-04-2025,7868,33.1,0,37.6,593983.7,583667.8,570633.3,579212.3
REC_002725,VIL_031,25-04-2025,7868,32.6,0,41.5,579212.3,585781.4,572213.9,563615.4
REC_002726,VIL_031,26-04-2025,7868,33.6,0,36.6,563615.4,581707.7,573142.9,586116.8
REC_002727,VIL_031,27-04-2025,7868,32.6,0,40.9,586116.8,583861.7,574825,579446.6
REC_002728,VIL_031,28-04-2025,7868,34,0,34.3,579446.6,583439.4,576660.8,566666
REC_002729,VIL_031,29-04-2025,7868,33.6,0,41.6,566666,579198.1,576999.8,578383.7
REC_002730,VIL_031,30-04-2025,7868,33.6,0,37,578383.7,578203.5,577607.2,592456.9
REC_002731,VIL_031,01-05-2025,7868,33,0,23.9,592456.9,577985.4,578808.9,575184.6
REC_002732,VIL_031,02-05-2025,7868,33.6,0,25.4,575184.6,577410,579048.9,573931.2
REC_002733,VIL_031,03-05-2025,7868,33.8,0,31.7,573931.2,578883.7,579598.3,595139.9
REC_002734,VIL_031,04-05-2025,7868,32.7,0,28.7,595139.9,580172.7,580476.6,561233.6
REC_002735,VIL_031,05-05-2025,7868,33.2,0,23.7,561233.6,577570.8,579860.3,567030.2
REC_002736,VIL_031,06-05-2025,7868,32.2,0,24.1,567030.2,577622.9,579190.6,575331.2
REC_002737,VIL_031,07-05-2025,7868,32.6,0,30.2,575331.2,577186.8,579521.7,567173.1
REC_002738,VIL_031,08-05-2025,7868,32.7,0,30.3,567173.1,573574.8,579660.3,580390.1
REC_002739,VIL_031,09-05-2025,7868,35,0,33.2,580390.1,574318.5,579670.2,579907.3
REC_002740,VIL_031,10-05-2025,7868,32.2,0,34,579907.3,575172.2,580103.7,560478.5
REC_002741,VIL_031,11-05-2025,7868,33.4,0,35.2,560478.5,570220.6,579383.4,566923.8
REC_002742,VIL_031,12-05-2025,7868,33.2,0,24.8,566923.8,571033.5,578579.4,592881.6
REC_002743,VIL_031,13-05-2025,7868,34.2,0,31.5,592881.6,574726.5,579001.9,582135
REC_002744,VIL_031,14-05-2025,7868,33.6,0,30.9,582135,575698.5,578485.1,574831.4
REC_002745,VIL_031,15-05-2025,7868,32.6,0,38.3,574831.4,576792.5,578566.1,555560.1
REC_002746,VIL_031,16-05-2025,7868,33.6,0,35.4,555560.1,573245.4,577955.3,568429.6
REC_002747,VIL_031,17-05-2025,7868,34,0,38,568429.6,571605.7,576937.8,581043.1
REC_002748,VIL_031,18-05-2025,7868,34.6,0,24.8,581043.1,574543.5,577492,573519.5
REC_002749,VIL_031,19-05-2025,7868,32.8,0,40.2,573519.5,575485.8,576871.6,574261.7
REC_002750,VIL_031,20-05-2025,7868,33.4,0,31,574261.7,572825.8,576979,577286.4
REC_002751,VIL_031,21-05-2025,7868,33.2,0,40.9,577286.4,572133.1,576808.5,586449
REC_002752,VIL_031,22-05-2025,7868,33,0,41.4,586449,573792.8,576478.3,581062.6
REC_002753,VIL_031,23-05-2025,7868,33,0,29.4,581062.6,577436,576335.5,573677.6
REC_002754,VIL_031,24-05-2025,7868,33.6,0,26.9,573677.6,578185.7,575658.6,570911
REC_002755,VIL_031,25-05-2025,7868,34.4,0,38.3,570911,576738.3,575381.9,595101.8
REC_002756,VIL_031,26-05-2025,7868,33.9,0,34,595101.8,579821.4,576431.5,590250.2
REC_002757,VIL_031,27-05-2025,7868,33,0,28,590250.2,582105.5,576569.2,563571.6
REC_002758,VIL_031,28-05-2025,7868,33.9,0,31.5,563571.6,580146.3,576040.1,597487
REC_002759,VIL_031,29-05-2025,7868,34.8,8.2,32.5,597487,581723.1,577067.4,505985.8
REC_002760,VIL_031,30-05-2025,7868,31.7,0,34.7,505985.8,570997.9,574654.2,549725.4
REC_002761,VIL_031,31-05-2025,7868,33.2,0,33,549725.4,567576.1,573229.8,566368.9
REC_002762,VIL_031,01-06-2025,7868,26,0,79.6,566368.9,566927.2,572935.9,564290.9
REC_002763,VIL_031,02-06-2025,7868,27.2,31,83.3,564290.9,562525.7,572614.6,485250.3
REC_002764,VIL_031,03-06-2025,7868,27.4,0,76.5,485250.3,547525.7,568951.6,560275.2
REC_002765,VIL_031,04-06-2025,7868,27.5,15,90.8,560275.2,547054.8,568919.7,476754.4
REC_002766,VIL_031,05-06-2025,7868,25.1,0,74.4,476754.4,529807.3,565910.5,550436.9
REC_002767,VIL_031,06-06-2025,7868,25.5,0,88.5,550436.9,536157.4,565080.7,546077.1
REC_002768,VIL_031,07-06-2025,7868,25,0,73,546077.1,535636.2,564377.5,561593.3
REC_002769,VIL_031,08-06-2025,7868,25.6,0,75.8,561593.3,534954,563750.9,534984.2
REC_002770,VIL_031,09-06-2025,7868,26.4,5.6,75.3,534984.2,530767.3,562253.5,477219.7
REC_002771,VIL_031,10-06-2025,7868,26.4,0,83.2,477219.7,529620.1,559478.2,539279.1
REC_002772,VIL_031,11-06-2025,7868,26.3,20,84,539279.1,526620.7,558556.7,495114.1
REC_002773,VIL_031,12-06-2025,7868,26.6,72,82.7,495114.1,529243.5,555297.8,483725
REC_002774,VIL_031,13-06-2025,7868,25.8,9.7,77.2,483725,519713.2,552017.4,481883.5
REC_002775,VIL_031,14-06-2025,7868,26.7,0,73.3,481883.5,510542.7,548919.2,549090.6
REC_002776,VIL_031,15-06-2025,7868,26.7,4.3,70.3,549090.6,508756.6,548703.5,566355
REC_002777,VIL_031,16-06-2025,7868,25.5,0,93,566355,513238.1,548634.4,562334.8
REC_002778,VIL_031,17-06-2025,7868,26.4,9.3,91.5,562334.8,525397.4,548010.8,490670
REC_002779,VIL_031,18-06-2025,7868,25.2,17.5,93.8,490670,518453.3,545249.1,478575.9
REC_002780,VIL_031,19-06-2025,7868,26.5,0,75.4,478575.9,516090.7,542059.6,539695.4
REC_002781,VIL_031,20-06-2025,7868,27.4,4.1,76.1,539695.4,524086.5,540806.5,564686.5
REC_002782,VIL_031,21-06-2025,7868,26.5,0,82.4,564686.5,535915.5,540081.1,548218
REC_002783,VIL_031,22-06-2025,7868,24.8,38.6,71.2,548218,535790.8,538986.3,478235
REC_002784,VIL_031,23-06-2025,7868,25.2,0,79.7,478235,523202.2,535804.9,549799.1
REC_002785,VIL_031,24-06-2025,7868,26.5,0,73.1,549799.1,521411.4,535101.2,564568
REC_002786,VIL_031,25-06-2025,7868,26.6,1,73.4,564568,531968.3,534083.4,547028.1
REC_002787,VIL_031,26-06-2025,7868,25.6,28.8,84.8,547028.1,541747.2,532642.6,486490.4
REC_002788,VIL_031,27-06-2025,7868,26.6,0,89.4,486490.4,534146.4,530073.3,560771.7
REC_002789,VIL_031,28-06-2025,7868,25.2,0.4,79.4,560771.7,533587.2,528849.4,548352.1
REC_002790,VIL_031,29-06-2025,7868,26.6,0,87.6,548352.1,533606.3,530261.6,541954.7
REC_002791,VIL_032,01-04-2025,6479,33.6,0,37.8,472462.9,464847.8,460110.4,490372.6
REC_002792,VIL_032,02-04-2025,6479,34.4,0,40.8,490372.6,467166.9,460590.9,476804.1
REC_002793,VIL_032,03-04-2025,6479,34.2,0,26.2,476804.1,470630.6,460676.5,479220.1
REC_002794,VIL_032,04-04-2025,6479,33.5,0,38.6,479220.1,473010.6,461013.5,487948.6
REC_002795,VIL_032,05-04-2025,6479,34.7,0,27.6,487948.6,475194.7,461876,481401.2
REC_002796,VIL_032,06-04-2025,6479,33.8,0,25.4,481401.2,479996.7,463115.2,482264.8
REC_002797,VIL_032,07-04-2025,6479,34.7,0,37.8,482264.8,481496.3,463448,474377.7
REC_002798,VIL_032,08-04-2025,6479,34.6,0,25.8,474377.7,481769.9,464482.3,471915.9
REC_002799,VIL_032,09-04-2025,6479,32.8,0,39.3,471915.9,479133.2,464640.4,470082.9
REC_002800,VIL_032,10-04-2025,6479,33.8,0,40.6,470082.9,478173,464559.8,481651.1
REC_002801,VIL_032,11-04-2025,6479,34.8,0.2,36.9,481651.1,478520.3,465341.5,483054.1
REC_002802,VIL_032,12-04-2025,6479,33.7,0,23.4,483054.1,477821.1,465867.5,480933.6
REC_002803,VIL_032,13-04-2025,6479,34.8,0,28.4,480933.6,477754.3,466340,486624.2
REC_002804,VIL_032,14-04-2025,6479,33.6,0,25.3,486624.2,478377.1,467907,483346.9
REC_002805,VIL_032,15-04-2025,6479,33.8,0,37,483346.9,479658.4,468647,483682.2
REC_002806,VIL_032,16-04-2025,6479,34.8,0,28.8,483682.2,481339.3,470266.7,483974.3
REC_002807,VIL_032,17-04-2025,6479,34.4,0,39.6,483974.3,483323.8,471269.6,481287.3
REC_002808,VIL_032,18-04-2025,6479,34.4,0,38.7,481287.3,483271.8,472705.5,473042.8
REC_002809,VIL_032,19-04-2025,6479,34,0,35.3,473042.8,481841.6,473482.4,481123.7
REC_002810,VIL_032,20-04-2025,6479,33.5,0,31.7,481123.7,481868.8,473898.8,479837.2
REC_002811,VIL_032,21-04-2025,6479,33.7,0,36.7,479837.2,480899.2,474039.2,478025.6
REC_002812,VIL_032,22-04-2025,6479,35,0,36.8,478025.6,480139,475130.9,482446.2
REC_002813,VIL_032,23-04-2025,6479,33.4,0,29.5,482446.2,479962.4,476046.5,482999.1
REC_002814,VIL_032,24-04-2025,6479,32.4,0,30,482999.1,479823.1,477011.7,457866.2
REC_002815,VIL_032,25-04-2025,6479,34.2,0,25.1,457866.2,476477.3,476469.3,494090.6
REC_002816,VIL_032,26-04-2025,6479,33.6,0,38.6,494090.6,479484.1,477853.7,464272.1
REC_002817,VIL_032,27-04-2025,6479,32.4,0,30.4,464272.1,477076.7,477910.7,482891.4
REC_002818,VIL_032,28-04-2025,6479,34.5,0,35.3,482891.4,477513,478251.8,483049.8
REC_002819,VIL_032,29-04-2025,6479,33.6,0,32.9,483049.8,478230.8,479427.2,475515.9
REC_002820,VIL_032,30-04-2025,6479,33.4,0,27.6,475515.9,477240.7,479552.2,469694.4
REC_002821,VIL_032,01-05-2025,6479,34,0,34.9,469694.4,475340.1,479459.9,466610
REC_002822,VIL_032,02-05-2025,6479,33.4,0,36.7,466610,476589.2,478667.8,470219.1
REC_002823,VIL_032,03-05-2025,6479,34.1,0,41.6,470219.1,473179,478448.3,470139.5
REC_002824,VIL_032,04-05-2025,6479,34.2,0,41.8,470139.5,474017.2,478145.6,486725.4
REC_002825,VIL_032,05-05-2025,6479,34.2,0,25.8,486725.4,474564.9,478104.8,476868.9
REC_002826,VIL_032,06-05-2025,6479,33,0,35.1,476868.9,473681.9,477953.8,481536.4
REC_002827,VIL_032,07-05-2025,6479,34.4,0,23.2,481536.4,474542,477929.5,474961.3
REC_002828,VIL_032,08-05-2025,6479,33.1,0,22.5,474961.3,475294.4,477948.9,486016.7
REC_002829,VIL_032,09-05-2025,6479,34.1,0,26.4,486016.7,478066.8,478419,482085.9
REC_002830,VIL_032,10-05-2025,6479,35.2,0,28.8,482085.9,479762,478819.1,477597.1
REC_002831,VIL_032,11-05-2025,6479,33.2,0,32.5,477597.1,480827.4,478683.9,472471.7
REC_002832,VIL_032,12-05-2025,6479,32.6,0,30.9,472471.7,478791.1,478331.2,462926.9
REC_002833,VIL_032,13-05-2025,6479,33.2,0,22.1,462926.9,476799.4,477731,466735.1
REC_002834,VIL_032,14-05-2025,6479,34.1,0,23,466735.1,474685,477068,481606.1
REC_002835,VIL_032,15-05-2025,6479,34.6,0,33.5,481606.1,475634.2,477010,489823.8
REC_002836,VIL_032,16-05-2025,6479,33.9,0,41.1,489823.8,476178.1,477214.7,491917.6
REC_002837,VIL_032,17-05-2025,6479,33,0,40,491917.6,477582.6,477479.5,474000.3
REC_002838,VIL_032,18-05-2025,6479,32.6,0,36.8,474000.3,477068.8,477236.6,484388.4
REC_002839,VIL_032,19-05-2025,6479,33.2,0,23.3,484388.4,478771.2,477614.7,487894
REC_002840,VIL_032,20-05-2025,6479,33.8,0,22.2,487894,482337.9,477840.4,489881.5
REC_002841,VIL_032,21-05-2025,6479,33.7,2,37.8,489881.5,485644.5,478175.2,478700.3
REC_002842,VIL_032,22-05-2025,6479,35,0,24,478700.3,485229.4,478197.7,477040.2
REC_002843,VIL_032,23-05-2025,6479,33.6,0,32.9,477040.2,483403.2,478017.5,469929.8
REC_002844,VIL_032,24-05-2025,6479,34,0,25.5,469929.8,480262.1,477581.9,485001.3
REC_002845,VIL_032,25-05-2025,6479,34.8,0,28.5,485001.3,481833.6,478486.4,483901.7
REC_002846,VIL_032,26-05-2025,6479,33,0,33,483901.7,481764.1,478146.8,463895.2
REC_002847,VIL_032,27-05-2025,6479,34,0,34.1,463895.2,478335.7,478134.2,480135.9
REC_002848,VIL_032,28-05-2025,6479,32.1,0,28,480135.9,476943.5,478042.3,454271
REC_002849,VIL_032,29-05-2025,6479,34.6,0,36.7,454271,473453.6,477083,491627.4
REC_002850,VIL_032,30-05-2025,6479,33.4,0,38.2,491627.4,475537.5,477620.1,464464.6
REC_002851,VIL_032,31-05-2025,6479,34.3,0.4,39.4,464464.6,474756.7,477445.8,486522.7
REC_002852,VIL_032,01-06-2025,6479,25.4,15.8,90.2,486522.7,474974.1,478109.5,406122.9
REC_002853,VIL_032,02-06-2025,6479,26.4,6.5,77,406122.9,463862.8,475973,390309.5
REC_002854,VIL_032,03-06-2025,6479,25.2,0,87.2,390309.5,453350.6,473312,454037.2
REC_002855,VIL_032,04-06-2025,6479,27.9,8.5,92.5,454037.2,449622.2,472222.4,405789.1
REC_002856,VIL_032,05-06-2025,6479,26,0,76.5,405789.1,442696.2,469853.1,447016.4
REC_002857,VIL_032,06-06-2025,6479,26.7,9.7,87.3,447016.4,436323.2,468702.4,391034.5
REC_002858,VIL_032,07-06-2025,6479,26.8,0,81.2,391034.5,425833.2,465904.8,449089.6
REC_002859,VIL_032,08-06-2025,6479,27.4,0,70.8,449089.6,420485.6,464673.9,455018.5
REC_002860,VIL_032,09-06-2025,6479,27.2,8.7,78.8,455018.5,427470.7,463771.7,400909.1
REC_002861,VIL_032,10-06-2025,6479,26.8,0,84.5,400909.1,428984.9,461215.4,443485.5
REC_002862,VIL_032,11-06-2025,6479,26,0,85.5,443485.5,427477.5,460249.2,452375.4
REC_002863,VIL_032,12-06-2025,6479,26,0,92.7,452375.4,434132.7,459897.5,447224.5
REC_002864,VIL_032,13-06-2025,6479,26.8,0,84.9,447224.5,434162.4,459247.1,462837.1
REC_002865,VIL_032,14-06-2025,6479,26.4,0,72.6,462837.1,444420,458621.5,448457
REC_002866,VIL_032,15-06-2025,6479,27.4,21.6,79.5,448457,444329.6,457242.6,407217.1
REC_002867,VIL_032,16-06-2025,6479,27.3,0,88.8,407217.1,437500.8,454419.3,451586.1
REC_002868,VIL_032,17-06-2025,6479,26.8,0,92.9,451586.1,444740.4,453672.1,459695.8
REC_002869,VIL_032,18-06-2025,6479,26.4,0,91.7,459695.8,447056.1,452849,453803.8
REC_002870,VIL_032,19-06-2025,6479,27,7.1,90.2,453803.8,447260.2,451712.7,402027
REC_002871,VIL_032,20-06-2025,6479,26,0,78.7,402027,440803.4,448784.2,450682.5
REC_002872,VIL_032,21-06-2025,6479,25.2,0,79.4,450682.5,439067,447850.3,460828.4
REC_002873,VIL_032,22-06-2025,6479,26.4,0,80,460828.4,440834.4,447309.9,451494.3
REC_002874,VIL_032,23-06-2025,6479,27,8.6,79.9,451494.3,447159.7,446695.4,398087.8
REC_002875,VIL_032,24-06-2025,6479,27.3,64.6,80.8,398087.8,439517.1,443798.3,399529.7
REC_002876,VIL_032,25-06-2025,6479,26.3,26,86.1,399529.7,430921.9,440985.9,407052.4
REC_002877,VIL_032,26-06-2025,6479,25.8,22,82.8,407052.4,424243.2,439091.1,402922.9
REC_002878,VIL_032,27-06-2025,6479,26.4,0,82,402922.9,424371.1,436517.3,449425.4
REC_002879,VIL_032,28-06-2025,6479,26.9,37.9,84.5,449425.4,424191.6,436355.8,403184.9
REC_002880,VIL_032,29-06-2025,6479,27.4,0,93.8,403184.9,415956.8,433407.7,457405.7
REC_002881,VIL_033,01-04-2025,2922,33.6,0,37.8,195026.4,201551.8,204686.4,214424.5
REC_002882,VIL_033,02-04-2025,2922,34.4,0,40.8,214424.5,203631.9,204722,212892.5
REC_002883,VIL_033,03-04-2025,2922,34.2,0,26.2,212892.5,205745,204767.7,222722.4
REC_002884,VIL_033,04-04-2025,2922,33.5,0,38.6,222722.4,207812.6,205273.2,209352.8
REC_002885,VIL_033,05-04-2025,2922,34.7,0,27.6,209352.8,208402.6,205541.7,218062.1
REC_002886,VIL_033,06-04-2025,2922,33.8,0,25.4,218062.1,210292.2,205801.8,210390.5
REC_002887,VIL_033,07-04-2025,2922,34.7,0,37.8,210390.5,211838.7,205945.6,213646.5
REC_002888,VIL_033,08-04-2025,2922,34.6,0,25.8,213646.5,214498.8,205918.3,220737.5
REC_002889,VIL_033,09-04-2025,2922,32.8,0,39.3,220737.5,215400.6,206630.3,215011.9
REC_002890,VIL_033,10-04-2025,2922,33.8,0,40.6,215011.9,215703.4,207266,210141.6
REC_002891,VIL_033,11-04-2025,2922,34.8,0.2,36.9,210141.6,213906.1,207746,212703.8
REC_002892,VIL_033,12-04-2025,2922,33.7,0,23.4,212703.8,214384.8,207922.6,210436.2
REC_002893,VIL_033,13-04-2025,2922,34.8,0,28.4,210436.2,213295.4,207819.7,222726.9
REC_002894,VIL_033,14-04-2025,2922,33.6,0,25.3,222726.9,215057.8,208765.5,216679.2
REC_002895,VIL_033,15-04-2025,2922,33.8,0,37,216679.2,215491,209016.2,210207.3
REC_002896,VIL_033,16-04-2025,2922,34.8,0,28.8,210207.3,213986.7,209098,219110.3
REC_002897,VIL_033,17-04-2025,2922,34.4,0,39.6,219110.3,214572.2,209425.3,220813.5
REC_002898,VIL_033,18-04-2025,2922,34.4,0,38.7,220813.5,216096.7,210066.3,222866.4
REC_002899,VIL_033,19-04-2025,2922,34,0,35.3,222866.4,217548.5,210458.7,222458.7
REC_002900,VIL_033,20-04-2025,2922,33.5,0,31.7,222458.7,219266,211366.4,213049.5
REC_002901,VIL_033,21-04-2025,2922,33.7,0,36.7,213049.5,217883.6,211475.9,211174.7
REC_002902,VIL_033,22-04-2025,2922,35,0,36.8,211174.7,217097.2,211855.9,216409.8
REC_002903,VIL_033,23-04-2025,2922,33.4,0,29.5,216409.8,217983.3,212267.3,218533.7
REC_002904,VIL_033,24-04-2025,2922,32.4,0,30,218533.7,217900.9,212513.8,217898
REC_002905,VIL_033,25-04-2025,2922,34.2,0,25.1,217898,217484.4,213115,216987.6
REC_002906,VIL_033,26-04-2025,2922,33.6,0,38.6,216987.6,216644.6,213744.5,213067.4
REC_002907,VIL_033,27-04-2025,2922,32.4,0,30.4,213067.4,215303,213905.1,211003.2
REC_002908,VIL_033,28-04-2025,2922,34.5,0,35.3,211003.2,215010.6,214097.8,215789.3
REC_002909,VIL_033,29-04-2025,2922,33.6,0,32.9,215789.3,215669.9,214463,212435.3
REC_002910,VIL_033,30-04-2025,2922,33.4,0,27.6,212435.3,215102.1,214892,216180.8
REC_002911,VIL_033,01-05-2025,2922,34,0,34.9,216180.8,214765.9,215597.1,210512.7
REC_002912,VIL_033,02-05-2025,2922,33.4,0,36.7,210512.7,213710.9,215466.7,211870.2
REC_002913,VIL_033,03-05-2025,2922,34.1,0,41.6,211870.2,212979.8,215432.7,219221.6
REC_002914,VIL_033,04-05-2025,2922,34.2,0,41.8,219221.6,213859,215316,211321.5
REC_002915,VIL_033,05-05-2025,2922,34.2,0,25.8,211321.5,213904.5,215381.6,211988.7
REC_002916,VIL_033,06-05-2025,2922,33,0,35.1,211988.7,213361.5,215179.1,211094.7
REC_002917,VIL_033,07-05-2025,2922,34.4,0,23.2,211094.7,213170,215202.6,222982.2
REC_002918,VIL_033,08-05-2025,2922,33.1,0,22.5,222982.2,214141.7,215513.8,217453.1
REC_002919,VIL_033,09-05-2025,2922,34.1,0,26.4,217453.1,215133.1,215404.3,210894.3
REC_002920,VIL_033,10-05-2025,2922,35.2,0,28.8,210894.3,214993.7,215267.1,220516.8
REC_002921,VIL_033,11-05-2025,2922,33.2,0,32.5,220516.8,215178.8,215612.9,211460.1
REC_002922,VIL_033,12-05-2025,2922,32.6,0,30.9,211460.1,215198.6,215571.5,214412.4
REC_002923,VIL_033,13-05-2025,2922,33.2,0,22.1,214412.4,215544.8,215704,217207.4
REC_002924,VIL_033,14-05-2025,2922,34.1,0,23,217207.4,216418,215520,221846.3
REC_002925,VIL_033,15-05-2025,2922,34.6,0,33.5,221846.3,216255.8,215692.2,218330.7
REC_002926,VIL_033,16-05-2025,2922,33.9,0,41.1,218330.7,216381.1,215963,222928.7
REC_002927,VIL_033,17-05-2025,2922,33,0,40,222928.7,218100.3,216090.3,219900
REC_002928,VIL_033,18-05-2025,2922,32.6,0,36.8,219900,218012.2,216059.9,217390.1
REC_002929,VIL_033,19-05-2025,2922,33.2,0,23.3,217390.1,218859.4,215877.3,215320.9
REC_002930,VIL_033,20-05-2025,2922,33.8,0,22.2,215320.9,218989.2,215639.4,214875.7
REC_002931,VIL_033,21-05-2025,2922,33.7,2,37.8,214875.7,218656.1,215700.3,214135.3
REC_002932,VIL_033,22-05-2025,2922,35,0,24,214135.3,217554.5,215799,213444
REC_002933,VIL_033,23-05-2025,2922,33.6,0,32.9,213444,216856.4,215700.1,212340.7
REC_002934,VIL_033,24-05-2025,2922,34,0,25.5,212340.7,215343.8,215493.7,219658.8
REC_002935,VIL_033,25-05-2025,2922,34.8,0,28.5,219658.8,215309.4,215552.4,220630.3
REC_002936,VIL_033,26-05-2025,2922,33,0,33,220630.3,215772.2,215673.8,219084.8
REC_002937,VIL_033,27-05-2025,2922,34,0,34.1,219084.8,216309.9,215874.4,210958.8
REC_002938,VIL_033,28-05-2025,2922,32.1,0,28,210958.8,215750.4,215872.9,206619.2
REC_002939,VIL_033,29-05-2025,2922,34.6,0,36.7,206619.2,214676.7,215567.2,222447.9
REC_002940,VIL_033,30-05-2025,2922,33.4,0,38.2,222447.9,215962.9,215901,213146.5
REC_002941,VIL_033,31-05-2025,2922,34.3,0.4,39.4,213146.5,216078,215799.8,212746.9
REC_002942,VIL_033,01-06-2025,2922,25.4,15.8,90.2,212746.9,215090.6,215874.3,185356.7
REC_002943,VIL_033,02-06-2025,2922,26.4,6.5,77,185356.7,210051.5,214990.5,183097.4
REC_002944,VIL_033,03-06-2025,2922,25.2,0,87.2,183097.4,204910.5,213786.4,203420
REC_002945,VIL_033,04-06-2025,2922,27.9,8.5,92.5,203420,203833.5,213523,183487.3
REC_002946,VIL_033,05-06-2025,2922,26,0,76.5,183487.3,200529,212572.9,206756.4
REC_002947,VIL_033,06-06-2025,2922,26.7,9.7,87.3,206756.4,198287.3,212428.3,183126.8
REC_002948,VIL_033,07-06-2025,2922,26.8,0,81.2,183126.8,193998.8,211099.8,208408.3
REC_002949,VIL_033,08-06-2025,2922,27.4,0,70.8,208408.3,193379,210798.3,199443.6
REC_002950,VIL_033,09-06-2025,2922,27.2,8.7,78.8,199443.6,195391.4,210416.6,181323.3
REC_002951,VIL_033,10-06-2025,2922,26.8,0,84.5,181323.3,195138,209110.2,198487.1
REC_002952,VIL_033,11-06-2025,2922,26,0,85.5,198487.1,194433.3,208677.7,198937.1
REC_002953,VIL_033,12-06-2025,2922,26,0,92.7,198937.1,196640.4,208161.9,209497.8
REC_002954,VIL_033,13-06-2025,2922,26.8,0,84.9,209497.8,197032,207904.9,204878.3
REC_002955,VIL_033,14-06-2025,2922,26.4,0,72.6,204878.3,200139.4,207339.3,207435.1
REC_002956,VIL_033,15-06-2025,2922,27.4,21.6,79.5,207435.1,200000.3,206976.1,183650.9
REC_002957,VIL_033,16-06-2025,2922,27.3,0,88.8,183650.9,197744.2,205666.9,210057.5
REC_002958,VIL_033,17-06-2025,2922,26.8,0,92.9,210057.5,201849.1,205338.8,209072.8
REC_002959,VIL_033,18-06-2025,2922,26.4,0,91.7,209072.8,203361.4,205061.5,204335.2
REC_002960,VIL_033,19-06-2025,2922,27,7.1,90.2,204335.2,204132.5,204695.3,178223.7
REC_002961,VIL_033,20-06-2025,2922,26,0,78.7,178223.7,199664.8,203473.6,200299.8
REC_002962,VIL_033,21-06-2025,2922,25.2,0,79.4,200299.8,199010.7,203012.4,203316.7
REC_002963,VIL_033,22-06-2025,2922,26.4,0,80,203316.7,198422.4,202674.9,202901.6
REC_002964,VIL_033,23-06-2025,2922,27,8.6,79.9,202901.6,201172.5,202360.2,180638.6
REC_002965,VIL_033,24-06-2025,2922,27.3,64.6,80.8,180638.6,196969.8,201059.5,181782.7
REC_002966,VIL_033,25-06-2025,2922,26.3,26,86.1,181782.7,193071.2,199764.6,185161
REC_002967,VIL_033,26-06-2025,2922,25.8,22,82.8,185161,190332,198633.8,182461.7
REC_002968,VIL_033,27-06-2025,2922,26.4,0,82,182461.7,190937.4,197683.9,206304.1
REC_002969,VIL_033,28-06-2025,2922,26.9,37.9,84.5,206304.1,191795.2,197673.4,178214.2
REC_002970,VIL_033,29-06-2025,2922,27.4,0,93.8,178214.2,188209.1,196199,198827.2
REC_002971,VIL_034,01-04-2025,4514,33.4,0,29.7,307140.3,323189.1,317206.9,339312.3
REC_002972,VIL_034,02-04-2025,4514,33.4,0,23.3,339312.3,324308.1,318207.8,336931.6
REC_002973,VIL_034,03-04-2025,4514,32.8,0,33.3,336931.6,325939.1,318623.5,327558.3
REC_002974,VIL_034,04-04-2025,4514,32,0,26.5,327558.3,326472.4,319319.9,324943.3
REC_002975,VIL_034,05-04-2025,4514,34.6,0,24.4,324943.3,326425.5,319395.1,335984
REC_002976,VIL_034,06-04-2025,4514,31.3,0,29.3,335984,327166.5,319977.9,330451.7
REC_002977,VIL_034,07-04-2025,4514,33.4,0,35.8,330451.7,328903.1,320805.9,328977.2
REC_002978,VIL_034,08-04-2025,4514,33.2,0,31.6,328977.2,332022.6,321490.2,340355.9
REC_002979,VIL_034,09-04-2025,4514,33.2,0,26,340355.9,332171.7,322306.7,339298.7
REC_002980,VIL_034,10-04-2025,4514,33.9,0,39.2,339298.7,332509.9,323169.9,337084.1
REC_002981,VIL_034,11-04-2025,4514,34.2,0,29.7,337084.1,333870.7,323580,337495.4
REC_002982,VIL_034,12-04-2025,4514,33.2,2.8,29.8,337495.4,335663.9,324050.3,328565.9
REC_002983,VIL_034,13-04-2025,4514,32.2,0,37.6,328565.9,334604.1,324391.3,316974.3
REC_002984,VIL_034,14-04-2025,4514,32.4,0,40.4,316974.3,332678.8,324085,320041.3
REC_002985,VIL_034,15-04-2025,4514,34.4,0,22.3,320041.3,331402.2,324154.3,341972.7
REC_002986,VIL_034,16-04-2025,4514,31.8,0,37.1,341972.7,331633.2,324531.6,323957.3
REC_002987,VIL_034,17-04-2025,4514,34,0,24.1,323957.3,329441.6,325095.4,327901.8
REC_002988,VIL_034,18-04-2025,4514,33,0,28.2,327901.8,328129.8,325267.2,325522.7
REC_002989,VIL_034,19-04-2025,4514,34.1,0,37.1,325522.7,326419.4,325722.3,344425.4
REC_002990,VIL_034,20-04-2025,4514,31.7,0,25.6,344425.4,328685.1,326903.3,321454.3
REC_002991,VIL_034,21-04-2025,4514,32.7,0,34.7,321454.3,329325.1,327422.4,336819.4
REC_002992,VIL_034,22-04-2025,4514,32.2,0,37.3,336819.4,331721.9,328061.8,322581.2
REC_002993,VIL_034,23-04-2025,4514,32.6,0,25.3,322581.2,328951.7,328581.5,329154.6
REC_002994,VIL_034,24-04-2025,4514,33,0,36.1,329154.6,329694.2,329336.2,320698.8
REC_002995,VIL_034,25-04-2025,4514,32.3,0,22.9,320698.8,328665.2,328976.9,327310.3
REC_002996,VIL_034,26-04-2025,4514,32.3,0,28.9,327310.3,328920.6,329036.7,329567.1
REC_002997,VIL_034,27-04-2025,4514,33.4,0,24.9,329567.1,326798,329228.1,326800.8
REC_002998,VIL_034,28-04-2025,4514,33.6,0,26.5,326800.8,327561.7,329279.1,334620.3
REC_002999,VIL_034,29-04-2025,4514,32.8,0,37,334620.3,327247.6,329406.5,332158.5
REC_003000,VIL_034,30-04-2025,4514,33,0,35.2,332158.5,328615.8,329868.6,333901.7
REC_003001,VIL_034,01-05-2025,4514,33.6,0,29.9,333901.7,329293.9,330760.7,338566.2
REC_003002,VIL_034,02-05-2025,4514,34,0,33.2,338566.2,331846.4,330735.8,331147.4
REC_003003,VIL_034,03-05-2025,4514,33.2,0,39.1,331147.4,332394.6,330543,332493.7
REC_003004,VIL_034,04-05-2025,4514,32.6,0,22.6,332493.7,332812.7,330707.5,337789.5
REC_003005,VIL_034,05-05-2025,4514,33.2,0,38.4,337789.5,334382.5,331135.7,339057.7
REC_003006,VIL_034,06-05-2025,4514,33.1,0,38.1,339057.7,335016.4,331238.2,339654.1
REC_003007,VIL_034,07-05-2025,4514,31.5,0,39.3,339654.1,336087.2,331544.9,320882.3
REC_003008,VIL_034,08-05-2025,4514,34,0.7,29.8,320882.3,334227.3,331275.1,340705
REC_003009,VIL_034,09-05-2025,4514,32.6,0,38.5,340705,334532.8,331286.8,330665
REC_003010,VIL_034,10-05-2025,4514,31.8,3.3,27.7,330665,334463.9,330999,316387
REC_003011,VIL_034,11-05-2025,4514,33.4,0,27.7,316387,332162.9,330309.1,338550.5
REC_003012,VIL_034,12-05-2025,4514,33.3,0,22.5,338550.5,332271.7,330344.2,335144.8
REC_003013,VIL_034,13-05-2025,4514,33.7,0,26.7,335144.8,331712.7,330563.5,327491.9
REC_003014,VIL_034,14-05-2025,4514,34,0,31.4,327491.9,329975.2,330914.1,326493.1
REC_003015,VIL_034,15-05-2025,4514,33.6,0,30.8,326493.1,330776.8,331129.2,339777.5
REC_003016,VIL_034,16-05-2025,4514,32.8,0,40.6,339777.5,330644.3,331056,320932.3
REC_003017,VIL_034,17-05-2025,4514,33.2,0,38.6,320932.3,329253.9,330955.2,323027.7
REC_003018,VIL_034,18-05-2025,4514,33,0,34.9,323027.7,330202.5,330792.7,328760.9
REC_003019,VIL_034,19-05-2025,4514,34.6,0,35.9,328760.9,328804,330900.6,330381.1
REC_003020,VIL_034,20-05-2025,4514,33.8,0,32.9,330381.1,328123.5,330432.5,342280.6
REC_003021,VIL_034,21-05-2025,4514,31.9,0,32.2,342280.6,330236.2,331126.7,324406
REC_003022,VIL_034,22-05-2025,4514,32.8,0,38.8,324406,329938,330712.9,330617.2
REC_003023,VIL_034,23-05-2025,4514,34,0,28.3,330617.2,328629.4,330980.8,343542.2
REC_003024,VIL_034,24-05-2025,4514,32.8,14.1,37.5,343542.2,331859.4,331460.4,290267.1
REC_003025,VIL_034,25-05-2025,4514,33.1,0,32.9,290267.1,327179.3,330446,327768.3
REC_003026,VIL_034,26-05-2025,4514,33.4,0,39.1,327768.3,327037.5,330461.2,338016
REC_003027,VIL_034,27-05-2025,4514,33.5,14,41,338016,328128.2,330742.9,291657.1
REC_003028,VIL_034,28-05-2025,4514,33.2,0,31.1,291657.1,320896.3,329571.4,327540.2
REC_003029,VIL_034,29-05-2025,4514,32.4,14.2,26.4,327540.2,321344,329335.4,291931
REC_003030,VIL_034,30-05-2025,4514,34.6,0,41.9,291931,315817.4,327994.5,343895.2
REC_003031,VIL_034,31-05-2025,4514,33,0,36.5,343895.2,315867.8,328327.6,335978.6
REC_003032,VIL_034,01-06-2025,4514,25.5,11.7,73.5,335978.6,322398.1,328241.4,286031.8
REC_003033,VIL_034,02-06-2025,4514,24.5,9.7,88.2,286031.8,316435.7,326737.5,282845.1
REC_003034,VIL_034,03-06-2025,4514,25.6,0,79.6,282845.1,308554.1,325082.6,321097.6
REC_003035,VIL_034,04-06-2025,4514,26.6,7.5,92.6,321097.6,312759.9,324526.2,284026.6
REC_003036,VIL_034,05-06-2025,4514,24.3,47.9,90.3,284026.6,306543.7,322691.8,269723.6
REC_003037,VIL_034,06-06-2025,4514,26.8,12.4,79.2,269723.6,303371.2,320360.8,275767.2
REC_003038,VIL_034,07-06-2025,4514,26.8,0,89.1,275767.2,293638.6,318856.9,320484.7
REC_003039,VIL_034,08-06-2025,4514,24.2,0,89.8,320484.7,291425.2,318182.9,317870.6
REC_003040,VIL_034,09-06-2025,4514,26,23.2,91.1,317870.6,295973.6,317756.4,272683.1
REC_003041,VIL_034,10-06-2025,4514,25.4,24.2,75.4,272683.1,294521.9,316299.7,274787.9
REC_003042,VIL_034,11-06-2025,4514,24.6,0,87,274787.9,287906.2,314174.2,312885.8
REC_003043,VIL_034,12-06-2025,4514,25.8,0,84.9,312885.8,292029,313432.3,317265.9
REC_003044,VIL_034,13-06-2025,4514,26.2,21.1,86.6,317265.9,298820.7,313091.4,283594.7
REC_003045,VIL_034,14-06-2025,4514,26.3,11,83.5,283594.7,299939,311661.5,285278
REC_003046,VIL_034,15-06-2025,4514,25.6,0,82.5,285278,294909.4,309844.8,320721.5
REC_003047,VIL_034,16-06-2025,4514,26.6,0,88.6,320721.5,295316.7,309837.8,322481.9
REC_003048,VIL_034,17-06-2025,4514,26.3,29.7,74.3,322481.9,302430.8,309819.6,277563.5
REC_003049,VIL_034,18-06-2025,4514,25.8,0,72.2,277563.5,302827.3,308113,313890.3
REC_003050,VIL_034,19-06-2025,4514,26,0,88,313890.3,302970.8,307563.3,313945.9
REC_003051,VIL_034,20-06-2025,4514,26.2,0,79.6,313945.9,302496.5,306618.8,318180
REC_003052,VIL_034,21-06-2025,4514,26.4,31.6,71.1,318180,307437.3,306411.3,271793.3
REC_003053,VIL_034,22-06-2025,4514,26,8.1,87.4,271793.3,305510.9,304450.5,279388.7
REC_003054,VIL_034,23-06-2025,4514,26.6,0,76.1,279388.7,299606.2,302312,319110.7
REC_003055,VIL_034,24-06-2025,4514,24.5,5.6,85.1,319110.7,299124.6,303273.5,277043.2
REC_003056,VIL_034,25-06-2025,4514,24.5,0,72.9,277043.2,299050.3,301582.7,324571.5
REC_003057,VIL_034,26-06-2025,4514,25.5,12.7,79.3,324571.5,300576.2,301134.5,279867.8
REC_003058,VIL_034,27-06-2025,4514,25.3,2.3,93.1,279867.8,295707.9,300741.5,310671.5
REC_003059,VIL_034,28-06-2025,4514,26,0,93.6,310671.5,294635.2,300179.2,315586
REC_003060,VIL_034,29-06-2025,4514,24.8,20.4,71.7,315586,300891.3,300967.7,280988.8
REC_003061,VIL_035,01-04-2025,4357,33.4,0,29.7,302834.4,303469.1,306216.9,329508
REC_003062,VIL_035,02-04-2025,4357,33.4,0,23.3,329508,306545.1,307213.5,322546.8
REC_003063,VIL_035,03-04-2025,4357,32.8,0,33.3,322546.8,309097.2,308226.1,322552
REC_003064,VIL_035,04-04-2025,4357,32,0,26.5,322552,313644.4,308726.6,322364.1
REC_003065,VIL_035,05-04-2025,4357,34.6,0,24.4,322364.1,315583.6,308850.5,327826.2
REC_003066,VIL_035,06-04-2025,4357,31.3,0,29.3,327826.2,319208.3,309626.8,301834.2
REC_003067,VIL_035,07-04-2025,4357,33.4,0,35.8,301834.2,318495.1,309108.8,311587.7
REC_003068,VIL_035,08-04-2025,4357,33.2,0,31.6,311587.7,319745.6,308988.1,323509.9
REC_003069,VIL_035,09-04-2025,4357,33.2,0,26,323509.9,318888.7,309963.9,315392.9
REC_003070,VIL_035,10-04-2025,4357,33.9,0,39.2,315392.9,317866.7,310099,324369.5
REC_003071,VIL_035,11-04-2025,4357,34.2,0,29.7,324369.5,318126.4,310810.6,318413
REC_003072,VIL_035,12-04-2025,4357,33.2,2.8,29.8,318413,317561.9,311512,315223.4
REC_003073,VIL_035,13-04-2025,4357,32.2,0,37.6,315223.4,315761.5,311663,315142.4
REC_003074,VIL_035,14-04-2025,4357,32.4,0,40.4,315142.4,317662.7,311754.7,324985.6
REC_003075,VIL_035,15-04-2025,4357,34.4,0,22.3,324985.6,319576.7,312746.7,327387.4
REC_003076,VIL_035,16-04-2025,4357,31.8,0,37.1,327387.4,320130.6,313071.9,321421.5
REC_003077,VIL_035,17-04-2025,4357,34,0,24.1,321421.5,320991.8,313364.3,332200.2
REC_003078,VIL_035,18-04-2025,4357,33,0,28.2,332200.2,322110.5,313830.7,313132.8
REC_003079,VIL_035,19-04-2025,4357,34.1,0,37.1,313132.8,321356.2,314288.1,320079.4
REC_003080,VIL_035,20-04-2025,4357,31.7,0,25.6,320079.4,322049.9,314344.5,317833.9
REC_003081,VIL_035,21-04-2025,4357,32.7,0,34.7,317833.9,322434.4,314906.3,324325.5
REC_003082,VIL_035,22-04-2025,4357,32.2,0,37.3,324325.5,322340.1,316004.2,315418.1
REC_003083,VIL_035,23-04-2025,4357,32.6,0,25.3,315418.1,320630.2,316084.5,326262.4
REC_003084,VIL_035,24-04-2025,4357,33,0,36.1,326262.4,321321.8,316586.7,309374.4
REC_003085,VIL_035,25-04-2025,4357,32.3,0,22.9,309374.4,318060.9,316633.3,311718.3
REC_003086,VIL_035,26-04-2025,4357,32.3,0,28.9,311718.3,317858.9,316867.8,317843.7
REC_003087,VIL_035,27-04-2025,4357,33.4,0,24.9,317843.7,317539.5,317771.9,319953.9
REC_003088,VIL_035,28-04-2025,4357,33.6,0,26.5,319953.9,317842.3,318144,314064.7
REC_003089,VIL_035,29-04-2025,4357,32.8,0,37,314064.7,316376.5,318531.1,315278.5
REC_003090,VIL_035,30-04-2025,4357,33,0,35.2,315278.5,316356.6,318812.8,309639.7
REC_003091,VIL_035,01-05-2025,4357,33.6,0,29.9,309639.7,313981.9,319039.7,324212.7
REC_003092,VIL_035,02-05-2025,4357,34,0,33.2,324212.7,316101.6,318863.2,330907.6
REC_003093,VIL_035,03-05-2025,4357,33.2,0,39.1,330907.6,318843,319141.9,327010.5
REC_003094,VIL_035,04-05-2025,4357,32.6,0,22.6,327010.5,320152.5,319290.5,320678.6
REC_003095,VIL_035,05-05-2025,4357,33.2,0,38.4,320678.6,320256,319234.3,318973.1
REC_003096,VIL_035,06-05-2025,4357,33.1,0,38.1,318973.1,320957.2,318939.2,319402.4
REC_003097,VIL_035,07-05-2025,4357,31.5,0,39.3,319402.4,321546.4,319524.8,305058.6
REC_003098,VIL_035,08-05-2025,4357,34,0.7,29.8,305058.6,320891.9,319307.2,320205.6
REC_003099,VIL_035,09-05-2025,4357,32.6,0,38.5,320205.6,320319.5,319197,310947.4
REC_003100,VIL_035,10-05-2025,4357,31.8,3.3,27.7,310947.4,317468,319048.8,319261.2
REC_003101,VIL_035,11-05-2025,4357,33.4,0,27.7,319261.2,316361,318878.5,328521.3
REC_003102,VIL_035,12-05-2025,4357,33.3,0,22.5,328521.3,317481.4,319215.5,320796.1
REC_003103,VIL_035,13-05-2025,4357,33.7,0,26.7,320796.1,317741.8,319401.2,326316.2
REC_003104,VIL_035,14-05-2025,4357,34,0,31.4,326316.2,318729.5,319773.7,315946.8
REC_003105,VIL_035,15-05-2025,4357,33.6,0,30.8,315946.8,320284.9,319472.4,323552.8
REC_003106,VIL_035,16-05-2025,4357,32.8,0,40.6,323552.8,320763.1,319344.6,321666.4
REC_003107,VIL_035,17-05-2025,4357,33.2,0,38.6,321666.4,322294.4,319352.8,318723.7
REC_003108,VIL_035,18-05-2025,4357,33,0,34.9,318723.7,322217.6,318903.5,313805.2
REC_003109,VIL_035,19-05-2025,4357,34.6,0,35.9,313805.2,320115.3,318926,333416.5
REC_003110,VIL_035,20-05-2025,4357,33.8,0,32.9,333416.5,321918.2,319370.5,327072.9
REC_003111,VIL_035,21-05-2025,4357,31.9,0,32.2,327072.9,322026.3,319678.5,321207.9
REC_003112,VIL_035,22-05-2025,4357,32.8,0,38.8,321207.9,322777.9,319574.6,323870.9
REC_003113,VIL_035,23-05-2025,4357,34,0,28.3,323870.9,322823.4,319856.3,332801.4
REC_003114,VIL_035,24-05-2025,4357,32.8,14.1,37.5,332801.4,324414.1,320074.3,274498.3
REC_003115,VIL_035,25-05-2025,4357,33.1,0,32.9,274498.3,318096.2,318911.8,311258.1
REC_003116,VIL_035,26-05-2025,4357,33.4,0,39.1,311258.1,317732.3,318896.4,317409.6
REC_003117,VIL_035,27-05-2025,4357,33.5,14,41,317409.6,315445.6,318882,276193.8
REC_003118,VIL_035,28-05-2025,4357,33.2,0,31.1,276193.8,308177.1,317423.3,320073.1
REC_003119,VIL_035,29-05-2025,4357,32.4,14.2,26.4,320073.1,308015,317623.6,280272.6
REC_003120,VIL_035,30-05-2025,4357,34.6,0,41.9,280272.6,301786.7,316456.7,327565.8
REC_003121,VIL_035,31-05-2025,4357,33,0,36.5,327565.8,301038.8,317054.2,314110.5
REC_003122,VIL_035,01-06-2025,4357,25.5,11.7,73.5,314110.5,306697.6,316717.5,274974.7
REC_003123,VIL_035,02-06-2025,4357,24.5,9.7,88.2,274974.7,301514.3,314853.1,260680.4
REC_003124,VIL_035,03-06-2025,4357,25.6,0,79.6,260680.4,293410.1,312642.1,302208.7
REC_003125,VIL_035,04-06-2025,4357,26.6,7.5,92.6,302208.7,297126.5,312026.4,271917.7
REC_003126,VIL_035,05-06-2025,4357,24.3,47.9,90.3,271917.7,290247.2,310457.9,272689.7
REC_003127,VIL_035,06-06-2025,4357,26.8,12.4,79.2,272689.7,289163.9,308900.8,267040.4
REC_003128,VIL_035,07-06-2025,4357,26.8,0,89.1,267040.4,280517.4,307633.5,296149.7
REC_003129,VIL_035,08-06-2025,4357,24.2,0,89.8,296149.7,277951.6,306831.7,307150.1
REC_003130,VIL_035,09-06-2025,4357,26,23.2,91.1,307150.1,282548.1,306705.1,261355.5
REC_003131,VIL_035,10-06-2025,4357,25.4,24.2,75.4,261355.5,282644.5,304774.9,262076.3
REC_003132,VIL_035,11-06-2025,4357,24.6,0,87,262076.3,276911.3,302560.1,307739.5
REC_003133,VIL_035,12-06-2025,4357,25.8,0,84.9,307739.5,282028.7,302124.8,301558.6
REC_003134,VIL_035,13-06-2025,4357,26.2,21.1,86.6,301558.6,286152.9,301299.6,265944
REC_003135,VIL_035,14-06-2025,4357,26.3,11,83.5,265944,285996.2,299632.8,268178.7
REC_003136,VIL_035,15-06-2025,4357,25.6,0,82.5,268178.7,282000.4,297787,313747.7
REC_003137,VIL_035,16-06-2025,4357,26.6,0,88.6,313747.7,282942.9,297523.1,313507.3
REC_003138,VIL_035,17-06-2025,4357,26.3,29.7,74.3,313507.3,290393.2,297349.2,267042.7
REC_003139,VIL_035,18-06-2025,4357,25.8,0,72.2,267042.7,291102.6,295790.4,300698.8
REC_003140,VIL_035,19-06-2025,4357,26,0,88,300698.8,290096.8,294699.8,301377.6
REC_003141,VIL_035,20-06-2025,4357,26.2,0,79.6,301377.6,290071,293843.3,300758.8
REC_003142,VIL_035,21-06-2025,4357,26.4,31.6,71.1,300758.8,295044.5,293161.7,268910.5
REC_003143,VIL_035,22-06-2025,4357,26,8.1,87.4,268910.5,295149.1,291329.7,270112
REC_003144,VIL_035,23-06-2025,4357,26.6,0,76.1,270112,288915.4,289240,304784.7
REC_003145,VIL_035,24-06-2025,4357,24.5,5.6,85.1,304784.7,287669.3,290249.6,266909.6
REC_003146,VIL_035,25-06-2025,4357,24.5,0,72.9,266909.6,287650.3,288771.3,299706.7
REC_003147,VIL_035,26-06-2025,4357,25.5,12.7,79.3,299706.7,287508.6,288181.2,268109.5
REC_003148,VIL_035,27-06-2025,4357,25.3,2.3,93.1,268109.5,282756,287911.7,302082.3
REC_003149,VIL_035,28-06-2025,4357,26,0,93.6,302082.3,282945,287312,305751.2
REC_003150,VIL_035,29-06-2025,4357,24.8,20.4,71.7,305751.2,288208,288161.3,271212.4
REC_003151,VIL_036,01-04-2025,7115,33.4,0,29.7,506947.6,496546.5,497885.7,509794.8
REC_003152,VIL_036,02-04-2025,7115,33.4,0,23.3,509794.8,501016.6,498055.9,517402.6
REC_003153,VIL_036,03-04-2025,7115,32.8,0,33.3,517402.6,504207.2,498763.3,512366.2
REC_003154,VIL_036,04-04-2025,7115,32,0,26.5,512366.2,508932.6,499147.4,525766
REC_003155,VIL_036,05-04-2025,7115,34.6,0,24.4,525766,512988.4,500428.5,544164.2
REC_003156,VIL_036,06-04-2025,7115,31.3,0,29.3,544164.2,518685.3,502755.4,503805.9
REC_003157,VIL_036,07-04-2025,7115,33.4,0,35.8,503805.9,517178.2,502739.7,509981.8
REC_003158,VIL_036,08-04-2025,7115,33.2,0,31.6,509981.8,517611.6,503548.2,534298.8
REC_003159,VIL_036,09-04-2025,7115,33.2,0,26,534298.8,521112.2,504476,534113.5
REC_003160,VIL_036,10-04-2025,7115,33.9,0,39.2,534113.5,523499.5,505268.1,538407
REC_003161,VIL_036,11-04-2025,7115,34.2,0,29.7,538407,527219.6,505922.8,540388.9
REC_003162,VIL_036,12-04-2025,7115,33.2,2.8,29.8,540388.9,529308.6,506573.5,521338
REC_003163,VIL_036,13-04-2025,7115,32.2,0,37.6,521338,526047.7,508162.4,504528.2
REC_003164,VIL_036,14-04-2025,7115,32.4,0,40.4,504528.2,526150.9,507564.3,515282.9
REC_003165,VIL_036,15-04-2025,7115,34.4,0,22.3,515282.9,526908.2,507834.9,530749.2
REC_003166,VIL_036,16-04-2025,7115,31.8,0,37.1,530749.2,526401.1,508686.5,511188.4
REC_003167,VIL_036,17-04-2025,7115,34,0,24.1,511188.4,523126.1,509929.3,529161.2
REC_003168,VIL_036,18-04-2025,7115,33,0,28.2,529161.2,521805.3,510366.7,512894.4
REC_003169,VIL_036,19-04-2025,7115,34.1,0,37.1,512894.4,517877.5,511450,524437.1
REC_003170,VIL_036,20-04-2025,7115,31.7,0,25.6,524437.1,518320.2,511769.6,508733.4
REC_003171,VIL_036,21-04-2025,7115,32.7,0,34.7,508733.4,518920.9,512929.9,506751.4
REC_003172,VIL_036,22-04-2025,7115,32.2,0,37.3,506751.4,517702.2,512977.6,513107.8
REC_003173,VIL_036,23-04-2025,7115,32.6,0,25.3,513107.8,515182,513587.8,527113.5
REC_003174,VIL_036,24-04-2025,7115,33,0,36.1,527113.5,517457,515053.4,530706.8
REC_003175,VIL_036,25-04-2025,7115,32.3,0,22.9,530706.8,517677.8,516793.4,512498.8
REC_003176,VIL_036,26-04-2025,7115,32.3,0,28.9,512498.8,517621.3,517374.5,515814.2
REC_003177,VIL_036,27-04-2025,7115,33.4,0,24.9,515814.2,516389.4,518592,508803.9
REC_003178,VIL_036,28-04-2025,7115,33.6,0,26.5,508803.9,516399.5,518972.9,530438.7
REC_003179,VIL_036,29-04-2025,7115,32.8,0,37,530438.7,519783.4,519844.7,515997.7
REC_003180,VIL_036,30-04-2025,7115,33,0,35.2,515997.7,520196.2,519899.4,518759.6
REC_003181,VIL_036,01-05-2025,7115,33.6,0,29.9,518759.6,519002.8,520293.2,536714.2
REC_003182,VIL_036,02-05-2025,7115,34,0,33.2,536714.2,519861,521190.5,526724.1
REC_003183,VIL_036,03-05-2025,7115,33.2,0,39.1,526724.1,521893.2,521501.2,506961.4
REC_003184,VIL_036,04-05-2025,7115,32.6,0,22.6,506961.4,520628.5,521321,509013
REC_003185,VIL_036,05-05-2025,7115,33.2,0,38.4,509013,520658.4,520762.6,521192.9
REC_003186,VIL_036,06-05-2025,7115,33.1,0,38.1,521192.9,519337.6,519996.9,518845
REC_003187,VIL_036,07-05-2025,7115,31.5,0,39.3,518845,519744.3,520498.2,520267.4
REC_003188,VIL_036,08-05-2025,7115,34,0.7,29.8,520267.4,519959.7,520841,529267.7
REC_003189,VIL_036,09-05-2025,7115,32.6,0,38.5,529267.7,518895.9,520673.3,523361.8
REC_003190,VIL_036,10-05-2025,7115,31.8,3.3,27.7,523361.8,518415.6,520315,510555.9
REC_003191,VIL_036,11-05-2025,7115,33.4,0,27.7,510555.9,518929.1,519386.6,521555.3
REC_003192,VIL_036,12-05-2025,7115,33.3,0,22.5,521555.3,520720.9,518758.8,521018.9
REC_003193,VIL_036,13-05-2025,7115,33.7,0,26.7,521018.9,520696,518748.2,522882.1
REC_003194,VIL_036,14-05-2025,7115,34,0,31.4,522882.1,521272.7,519360,529155.2
REC_003195,VIL_036,15-05-2025,7115,33.6,0,30.8,529155.2,522542.4,519822.4,517084.5
REC_003196,VIL_036,16-05-2025,7115,32.8,0,40.6,517084.5,520802,519366.9,531144.8
REC_003197,VIL_036,17-05-2025,7115,33.2,0,38.6,531144.8,521913.8,520032.1,516729.1
REC_003198,VIL_036,18-05-2025,7115,33,0,34.9,516729.1,522795.7,519617.7,509455.2
REC_003199,VIL_036,19-05-2025,7115,34.6,0,35.9,509455.2,521067.1,519503,519527.3
REC_003200,VIL_036,20-05-2025,7115,33.8,0,32.9,519527.3,520854,519339.4,511069.7
REC_003201,VIL_036,21-05-2025,7115,31.9,0,32.2,511069.7,519166.5,519417.3,509873.4
REC_003202,VIL_036,22-05-2025,7115,32.8,0,38.8,509873.4,516412,519521.3,509240.9
REC_003203,VIL_036,23-05-2025,7115,34,0,28.3,509240.9,515291.5,519392.4,512780.7
REC_003204,VIL_036,24-05-2025,7115,32.8,14.1,37.5,512780.7,512668,518914.7,457240.5
REC_003205,VIL_036,25-05-2025,7115,33.1,0,32.9,457240.5,504169.7,516465.8,526837.7
REC_003206,VIL_036,26-05-2025,7115,33.4,0,39.1,526837.7,506652.9,516943.8,510440.2
REC_003207,VIL_036,27-05-2025,7115,33.5,14,41,510440.2,505354.7,516764.6,460212.3
REC_003208,VIL_036,28-05-2025,7115,33.2,0,31.1,460212.3,498089.4,515144.9,529586.2
REC_003209,VIL_036,29-05-2025,7115,32.4,14.2,26.4,529586.2,500905.5,515116.5,467297.4
REC_003210,VIL_036,30-05-2025,7115,34.6,0,41.9,467297.4,494913.6,513493.1,537756.3
REC_003211,VIL_036,31-05-2025,7115,33,0,36.5,537756.3,498481.5,514126.4,512494.2
REC_003212,VIL_036,01-06-2025,7115,25.5,11.7,73.5,512494.2,506374.9,513319,443978.7
REC_003213,VIL_036,02-06-2025,7115,24.5,9.7,88.2,443978.7,494537.9,510560.9,440859.3
REC_003214,VIL_036,03-06-2025,7115,25.6,0,79.6,440859.3,484597.8,508357.5,489437.7
REC_003215,VIL_036,04-06-2025,7115,26.6,7.5,92.6,489437.7,488772.8,507704.9,447517.2
REC_003216,VIL_036,05-06-2025,7115,24.3,47.9,90.3,447517.2,477048.7,505249.1,436375
REC_003217,VIL_036,06-06-2025,7115,26.8,12.4,79.2,436375,472631.2,502500.1,450432.6
REC_003218,VIL_036,07-06-2025,7115,26.8,0,89.1,450432.6,460156.4,500172.3,504711
REC_003219,VIL_036,08-06-2025,7115,24.2,0,89.8,504711,459044.5,499353.7,502370
REC_003220,VIL_036,09-06-2025,7115,26,23.2,91.1,502370,467386.1,498654,444289
REC_003221,VIL_036,10-06-2025,7115,25.4,24.2,75.4,444289,467876.1,496445.1,437708
REC_003222,VIL_036,11-06-2025,7115,24.6,0,87,437708,460486.1,493650.2,498206.2
REC_003223,VIL_036,12-06-2025,7115,25.8,0,84.9,498206.2,467727.4,492889.7,508545.1
REC_003224,VIL_036,13-06-2025,7115,26.2,21.1,86.6,508545.1,478037.4,492411.8,443041.9
REC_003225,VIL_036,14-06-2025,7115,26.3,11,83.5,443041.9,476981.6,489541.4,448730.3
REC_003226,VIL_036,15-06-2025,7115,25.6,0,82.5,448730.3,468984.4,487262.9,509729.1
REC_003227,VIL_036,16-06-2025,7115,26.6,0,88.6,509729.1,470035.7,486549.1,512289
REC_003228,VIL_036,17-06-2025,7115,26.3,29.7,74.3,512289,479749.9,486401.1,443549.1
REC_003229,VIL_036,18-06-2025,7115,25.8,0,72.2,443549.1,480584.4,484204.2,498118.8
REC_003230,VIL_036,19-06-2025,7115,26,0,88,498118.8,480571.9,483490.6,488078.4
REC_003231,VIL_036,20-06-2025,7115,26.2,0,79.6,488078.4,477648.1,482724.2,504187.4
REC_003232,VIL_036,21-06-2025,7115,26.4,31.6,71.1,504187.4,486383.2,482534.7,432803.1
REC_003233,VIL_036,22-06-2025,7115,26,8.1,87.4,432803.1,484107.8,479986.7,432576.2
REC_003234,VIL_036,23-06-2025,7115,26.6,0,76.1,432576.2,473086,477313.3,490229.3
REC_003235,VIL_036,24-06-2025,7115,24.5,5.6,85.1,490229.3,469934.6,478412.9,448148.6
REC_003236,VIL_036,25-06-2025,7115,24.5,0,72.9,448148.6,470591.7,475789.9,509045.9
REC_003237,VIL_036,26-06-2025,7115,25.5,12.7,79.3,509045.9,472152.7,475743.4,441728.1
REC_003238,VIL_036,27-06-2025,7115,25.3,2.3,93.1,441728.1,465531.2,475127.3,497242.6
REC_003239,VIL_036,28-06-2025,7115,26,0,93.6,497242.6,464539.1,474049.2,503193.3
REC_003240,VIL_036,29-06-2025,7115,24.8,20.4,71.7,503193.3,474594.9,475245.7,441103.8
REC_003241,VIL_037,01-04-2025,3825,33.6,0,37.8,259296.2,272042.8,267851.5,277349.9
REC_003242,VIL_037,02-04-2025,3825,34.4,0,40.8,277349.9,271784.2,268246.7,281500.9
REC_003243,VIL_037,03-04-2025,3825,34.2,0,26.2,281500.9,272627.8,268812.5,281275.3
REC_003244,VIL_037,04-04-2025,3825,33.5,0,38.6,281275.3,272944.2,269368,282051.7
REC_003245,VIL_037,05-04-2025,3825,34.7,0,27.6,282051.7,274351.3,269765.2,290297.3
REC_003246,VIL_037,06-04-2025,3825,33.8,0,25.4,290297.3,278583.5,270384.9,290249.1
REC_003247,VIL_037,07-04-2025,3825,34.7,0,37.8,290249.1,280288.6,271178,279548.5
REC_003248,VIL_037,08-04-2025,3825,34.6,0,25.8,279548.5,283181.8,271153,294027.9
REC_003249,VIL_037,09-04-2025,3825,32.8,0,39.3,294027.9,285564.4,272400.3,286048.3
REC_003250,VIL_037,10-04-2025,3825,33.8,0,40.6,286048.3,286214,273146.8,275438.3
REC_003251,VIL_037,11-04-2025,3825,34.8,0.2,36.9,275438.3,285380.2,273475.3,284622.5
REC_003252,VIL_037,12-04-2025,3825,33.7,0,23.4,284622.5,285747.4,274468.8,287920
REC_003253,VIL_037,13-04-2025,3825,34.8,0,28.4,287920,285407.8,275261.7,288949.5
REC_003254,VIL_037,14-04-2025,3825,33.6,0,25.3,288949.5,285222.1,276170.3,286934.3
REC_003255,VIL_037,15-04-2025,3825,33.8,0,37,286934.3,286277.3,276804.4,286731.1
REC_003256,VIL_037,16-04-2025,3825,34.8,0,28.8,286731.1,285234.9,277583.1,286972.4
REC_003257,VIL_037,17-04-2025,3825,34.4,0,39.6,286972.4,285366.9,278022,277564.7
REC_003258,VIL_037,18-04-2025,3825,34.4,0,38.7,277564.7,285670.6,278340.3,286864.6
REC_003259,VIL_037,19-04-2025,3825,34,0,35.3,286864.6,285990.9,279307.9,276127.6
REC_003260,VIL_037,20-04-2025,3825,33.5,0,31.7,276127.6,284306.3,279363.9,283560.7
REC_003261,VIL_037,21-04-2025,3825,33.7,0,36.7,283560.7,283536.5,280248.6,287704.1
REC_003262,VIL_037,22-04-2025,3825,35,0,36.8,287704.1,283646.5,280611.2,289299
REC_003263,VIL_037,23-04-2025,3825,33.4,0,29.5,289299,284013.3,280944.4,289797.1
REC_003264,VIL_037,24-04-2025,3825,32.4,0,30,289797.1,284416.8,281837.8,276654.5
REC_003265,VIL_037,25-04-2025,3825,34.2,0,25.1,276654.5,284286.8,281754.3,288867.5
REC_003266,VIL_037,26-04-2025,3825,33.6,0,38.6,288867.5,284572.9,282196.7,285039.8
REC_003267,VIL_037,27-04-2025,3825,32.4,0,30.4,285039.8,285846.1,282396,285568.1
REC_003268,VIL_037,28-04-2025,3825,34.5,0,35.3,285568.1,286132.9,282841.5,289479.7
REC_003269,VIL_037,29-04-2025,3825,33.6,0,32.9,289479.7,286386.5,283801.8,276519.7
REC_003270,VIL_037,30-04-2025,3825,33.4,0,27.6,276519.7,284560.9,283742,289096.4
REC_003271,VIL_037,01-05-2025,3825,34,0,34.9,289096.4,284460.8,284735.3,286672.1
REC_003272,VIL_037,02-05-2025,3825,33.4,0,36.7,286672.1,285891.9,285046.1,273965
REC_003273,VIL_037,03-05-2025,3825,34.1,0,41.6,273965,283763,284794.9,286903.6
REC_003274,VIL_037,04-05-2025,3825,34.2,0,41.8,286903.6,284029.2,284982.5,291160.8
REC_003275,VIL_037,05-05-2025,3825,34.2,0,25.8,291160.8,284828.2,285286.1,285933.9
REC_003276,VIL_037,06-05-2025,3825,33,0,35.1,285933.9,284321.6,285140.7,277348
REC_003277,VIL_037,07-05-2025,3825,34.4,0,23.2,277348,284440,284710.7,290917.2
REC_003278,VIL_037,08-05-2025,3825,33.1,0,22.5,290917.2,284700.1,285089.6,284950
REC_003279,VIL_037,09-05-2025,3825,34.1,0,26.4,284950,284454.1,284787,284970.1
REC_003280,VIL_037,10-05-2025,3825,35.2,0,28.8,284970.1,286026.2,284751.1,282648.7
REC_003281,VIL_037,11-05-2025,3825,33.2,0,32.5,282648.7,285418.4,284991.4,276409.6
REC_003282,VIL_037,12-05-2025,3825,32.6,0,30.9,276409.6,283311.1,284717.7,282172.9
REC_003283,VIL_037,13-05-2025,3825,33.2,0,22.1,282172.9,282773.8,284526.1,285755.2
REC_003284,VIL_037,14-05-2025,3825,34.1,0,23,285755.2,283974.8,284419.6,280452.4
REC_003285,VIL_037,15-05-2025,3825,34.6,0,33.5,280452.4,282479.8,284203.5,283957.6
REC_003286,VIL_037,16-05-2025,3825,33.9,0,41.1,283957.6,282338.1,284111.1,276231.1
REC_003287,VIL_037,17-05-2025,3825,33,0,40,276231.1,281089.6,283753.1,283382.3
REC_003288,VIL_037,18-05-2025,3825,32.6,0,36.8,283382.3,281194.4,283947,269906.2
REC_003289,VIL_037,19-05-2025,3825,33.2,0,23.3,269906.2,280265.4,283381.7,272967.5
REC_003290,VIL_037,20-05-2025,3825,33.8,0,22.2,272967.5,278950.3,283276.4,274595.2
REC_003291,VIL_037,21-05-2025,3825,33.7,2,37.8,274595.2,277356,282977.5,285074.3
REC_003292,VIL_037,22-05-2025,3825,35,0,24,285074.3,278016.3,282889.8,286404.5
REC_003293,VIL_037,23-05-2025,3825,33.6,0,32.9,286404.5,278365.9,282793.4,278780.5
REC_003294,VIL_037,24-05-2025,3825,34,0,25.5,278780.5,278730.1,282426.1,290842.8
REC_003295,VIL_037,25-05-2025,3825,34.8,0,28.5,290842.8,279795.9,282899.1,281737.5
REC_003296,VIL_037,26-05-2025,3825,33,0,33,281737.5,281486,282661.4,277941.5
REC_003297,VIL_037,27-05-2025,3825,34,0,34.1,277941.5,282196.6,282424.8,291313
REC_003298,VIL_037,28-05-2025,3825,32.1,0,28,291313,284584.9,282616.3,274976.2
REC_003299,VIL_037,29-05-2025,3825,34.6,0,36.7,274976.2,283142.3,282132.9,287164
REC_003300,VIL_037,30-05-2025,3825,33.4,0,38.2,287164,283250.8,282487.7,274319.5
REC_003301,VIL_037,31-05-2025,3825,34.3,0.4,39.4,274319.5,282613.5,281995.1,289982.1
REC_003302,VIL_037,01-06-2025,3825,25.4,15.8,90.2,289982.1,282490.5,282105.4,234528
REC_003303,VIL_037,02-06-2025,3825,26.4,6.5,77,234528,275746.3,280790.9,239868.4
REC_003304,VIL_037,03-06-2025,3825,25.2,0,87.2,239868.4,270307.3,279223,263794.8
REC_003305,VIL_037,04-06-2025,3825,27.9,8.5,92.5,263794.8,266376.1,278310.8,234524.1
REC_003306,VIL_037,05-06-2025,3825,26,0,76.5,234524.1,260597.3,276597.2,272353.4
REC_003307,VIL_037,06-06-2025,3825,26.7,9.7,87.3,272353.4,258481.5,276430.7,242319.3
REC_003308,VIL_037,07-06-2025,3825,26.8,0,81.2,242319.3,253910,274810.8,260675.4
REC_003309,VIL_037,08-06-2025,3825,27.4,0,70.8,260675.4,249723.3,274001.6,272769.6
REC_003310,VIL_037,09-06-2025,3825,27.2,8.7,78.8,272769.6,255186.4,273594.9,232802.3
REC_003311,VIL_037,10-06-2025,3825,26.8,0,84.5,232802.3,254177,271933.4,268565.2
REC_003312,VIL_037,11-06-2025,3825,26,0,85.5,268565.2,254858.5,271671.9,264377.8
REC_003313,VIL_037,12-06-2025,3825,26,0,92.7,264377.8,259123.3,271078.7,269572.5
REC_003314,VIL_037,13-06-2025,3825,26.8,0,84.9,269572.5,258726,270539.3,265401.3
REC_003315,VIL_037,14-06-2025,3825,26.4,0,72.6,265401.3,262023.4,270037.6,265077
REC_003316,VIL_037,15-06-2025,3825,27.4,21.6,79.5,265077,262652.2,269408.2,229087.7
REC_003317,VIL_037,16-06-2025,3825,27.3,0,88.8,229087.7,256412,267836.8,262078.4
REC_003318,VIL_037,17-06-2025,3825,26.8,0,92.9,262078.4,260594.3,267126.7,274450.4
REC_003319,VIL_037,18-06-2025,3825,26.4,0,91.7,274450.4,261435,267278.1,275754.8
REC_003320,VIL_037,19-06-2025,3825,27,7.1,90.2,275754.8,263060.3,267371.1,239585.8
REC_003321,VIL_037,20-06-2025,3825,26,0,78.7,239585.8,258776.5,266204.1,264325.1
REC_003322,VIL_037,21-06-2025,3825,25.2,0,79.4,264325.1,258622.7,265512.4,266182.8
REC_003323,VIL_037,22-06-2025,3825,26.4,0,80,266182.8,258780.7,264838.4,271597.6
REC_003324,VIL_037,23-06-2025,3825,27,8.6,79.9,271597.6,264853.6,264598.9,242243.5
REC_003325,VIL_037,24-06-2025,3825,27.3,64.6,80.8,242243.5,262020,262979,234990.5
REC_003326,VIL_037,25-06-2025,3825,26.3,26,86.1,234990.5,256382.9,261420.7,240278.5
REC_003327,VIL_037,26-06-2025,3825,25.8,22,82.8,240278.5,251314.8,260165.3,242336.1
REC_003328,VIL_037,27-06-2025,3825,26.4,0,82,242336.1,251707.7,258532.7,273749.8
REC_003329,VIL_037,28-06-2025,3825,26.9,37.9,84.5,273749.8,253054.1,258491.9,231762.7
REC_003330,VIL_037,29-06-2025,3825,27.4,0,93.8,231762.7,248137,256645.1,259846.5
REC_003331,VIL_038,01-04-2025,3929,33.6,0,37.8,267961.8,270667.3,273726.8,295020.6
REC_003332,VIL_038,02-04-2025,3929,34.4,0,40.8,295020.6,273307.2,274400.4,285259.5
REC_003333,VIL_038,03-04-2025,3929,34.2,0,26.2,285259.5,276014.4,274712.6,298585.6
REC_003334,VIL_038,04-04-2025,3929,33.5,0,38.6,298585.6,280828.4,275771.7,292216.1
REC_003335,VIL_038,05-04-2025,3929,34.7,0,27.6,292216.1,282924,276542,293261.2
REC_003336,VIL_038,06-04-2025,3929,33.8,0,25.4,293261.2,285005.9,276906.6,288028.1
REC_003337,VIL_038,07-04-2025,3929,34.7,0,37.8,288028.1,288619,277367,285927.1
REC_003338,VIL_038,08-04-2025,3929,34.6,0,25.8,285927.1,291185.5,277897.7,299744
REC_003339,VIL_038,09-04-2025,3929,32.8,0,39.3,299744,291860.2,278609.1,280437.9
REC_003340,VIL_038,10-04-2025,3929,33.8,0,40.6,280437.9,291171.4,278649.3,287384.7
REC_003341,VIL_038,11-04-2025,3929,34.8,0.2,36.9,287384.7,289571.3,278814.2,296054.7
REC_003342,VIL_038,12-04-2025,3929,33.7,0,23.4,296054.7,290119.7,279829.7,285870
REC_003343,VIL_038,13-04-2025,3929,34.8,0,28.4,285870,289063.8,279969.6,294781.6
REC_003344,VIL_038,14-04-2025,3929,33.6,0,25.3,294781.6,290028.6,280536.9,295262
REC_003345,VIL_038,15-04-2025,3929,33.8,0,37,295262,291362.1,281616.9,290192.8
REC_003346,VIL_038,16-04-2025,3929,34.8,0,28.8,290192.8,289997.7,281867.9,302774.5
REC_003347,VIL_038,17-04-2025,3929,34.4,0,39.6,302774.5,293188.6,282900,299294.8
REC_003348,VIL_038,18-04-2025,3929,34.4,0,38.7,299294.8,294890.1,283864.3,290245
REC_003349,VIL_038,19-04-2025,3929,34,0,35.3,290245,294060.1,284419.1,289781.9
REC_003350,VIL_038,20-04-2025,3929,33.5,0,31.7,289781.9,294618.9,285051.8,288137.4
REC_003351,VIL_038,21-04-2025,3929,33.7,0,36.7,288137.4,293669.8,285637,292491.9
REC_003352,VIL_038,22-04-2025,3929,35,0,36.8,292491.9,293274,285936.6,291875.1
REC_003353,VIL_038,23-04-2025,3929,33.4,0,29.5,291875.1,293514.4,286842.3,297194.9
REC_003354,VIL_038,24-04-2025,3929,32.4,0,30,297194.9,292717.3,287149.7,286789.1
REC_003355,VIL_038,25-04-2025,3929,34.2,0,25.1,286789.1,290930.8,287491.4,290592.3
REC_003356,VIL_038,26-04-2025,3929,33.6,0,38.6,290592.3,290980.4,288300.8,292403.8
REC_003357,VIL_038,27-04-2025,3929,32.4,0,30.4,292403.8,291354.9,289218,283142.9
REC_003358,VIL_038,28-04-2025,3929,34.5,0,35.3,283142.9,290641.4,289404.5,299192.7
REC_003359,VIL_038,29-04-2025,3929,33.6,0,32.9,299192.7,291598.7,290088,291061.6
REC_003360,VIL_038,30-04-2025,3929,33.4,0,27.6,291061.6,291482.5,291032.2,281112.7
REC_003361,VIL_038,01-05-2025,3929,34,0,34.9,281112.7,289185,291470.5,285877.7
REC_003362,VIL_038,02-05-2025,3929,33.4,0,36.7,285877.7,289054.8,291165.8,295386.8
REC_003363,VIL_038,03-05-2025,3929,34.1,0,41.6,295386.8,289739.7,291503.4,293046.1
REC_003364,VIL_038,04-05-2025,3929,34.2,0,41.8,293046.1,289831.5,291318.7,300256.6
REC_003365,VIL_038,05-05-2025,3929,34.2,0,25.8,300256.6,292276.3,291586.7,284856.6
REC_003366,VIL_038,06-05-2025,3929,33,0,35.1,284856.6,290228.3,291306.6,283875.7
REC_003367,VIL_038,07-05-2025,3929,34.4,0,23.2,283875.7,289201.7,291168.2,287791.1
REC_003368,VIL_038,08-05-2025,3929,33.1,0,22.5,287791.1,290155.8,291230.3,288748.7
REC_003369,VIL_038,09-05-2025,3929,34.1,0,26.4,288748.7,290565.9,290863.8,289891.3
REC_003370,VIL_038,10-05-2025,3929,35.2,0,28.8,289891.3,289780.9,291178.9,290385.6
REC_003371,VIL_038,11-05-2025,3929,33.2,0,32.5,290385.6,289400.8,291278.9,290700.2
REC_003372,VIL_038,12-05-2025,3929,32.6,0,30.9,290700.2,288035.6,291100.4,286378.5
REC_003373,VIL_038,13-05-2025,3929,33.2,0,22.1,286378.5,288253,291117.4,284335.8
REC_003374,VIL_038,14-05-2025,3929,34.1,0,23,284335.8,288318.7,290769.2,291590
REC_003375,VIL_038,15-05-2025,3929,34.6,0,33.5,291590,288861.4,290646.8,298342
REC_003376,VIL_038,16-05-2025,3929,33.9,0,41.1,298342,290231.9,290918.4,285971.2
REC_003377,VIL_038,17-05-2025,3929,33,0,40,285971.2,289671.9,290358.3,283835.1
REC_003378,VIL_038,18-05-2025,3929,32.6,0,36.8,283835.1,288736.1,289843,283117.7
REC_003379,VIL_038,19-05-2025,3929,33.2,0,23.3,283117.7,287652.9,289605.4,292498.3
REC_003380,VIL_038,20-05-2025,3929,33.8,0,22.2,292498.3,288527.2,289696,296757.9
REC_003381,VIL_038,21-05-2025,3929,33.7,2,37.8,296757.9,290301.7,289983.3,288141.1
REC_003382,VIL_038,22-05-2025,3929,35,0,24,288141.1,289809,289838.3,292049.4
REC_003383,VIL_038,23-05-2025,3929,33.6,0,32.9,292049.4,288910.1,289844.1,296655.2
REC_003384,VIL_038,24-05-2025,3929,34,0,25.5,296655.2,290436.4,289826.1,300266.6
REC_003385,VIL_038,25-05-2025,3929,34.8,0,28.5,300266.6,292783.7,290275.4,297845.7
REC_003386,VIL_038,26-05-2025,3929,33,0,33,297845.7,294887.7,290517.2,295855.8
REC_003387,VIL_038,27-05-2025,3929,34,0,34.1,295855.8,295367.4,290632.2,294329.9
REC_003388,VIL_038,28-05-2025,3929,32.1,0,28,294329.9,295020.5,291005.1,287667.3
REC_003389,VIL_038,29-05-2025,3929,34.6,0,36.7,287667.3,294952.8,290620.9,292042.9
REC_003390,VIL_038,30-05-2025,3929,33.4,0,38.2,292042.9,294951.9,290653.7,287894
REC_003391,VIL_038,31-05-2025,3929,34.3,0.4,39.4,287894,293700.3,290879.7,286518.3
REC_003392,VIL_038,01-06-2025,3929,25.4,15.8,90.2,286518.3,291736.3,290901,246713.2
REC_003393,VIL_038,02-06-2025,3929,26.4,6.5,77,246713.2,284431.6,289278.6,248286.1
REC_003394,VIL_038,03-06-2025,3929,25.2,0,87.2,248286.1,277636,287786.6,277067
REC_003395,VIL_038,04-06-2025,3929,27.9,8.5,92.5,277067,275169.8,287013.6,239755.9
REC_003396,VIL_038,05-06-2025,3929,26,0,76.5,239755.9,268325.3,285510.2,269320.6
REC_003397,VIL_038,06-06-2025,3929,26.7,9.7,87.3,269320.6,265079.3,285025.1,238616.1
REC_003398,VIL_038,07-06-2025,3929,26.8,0,81.2,238616.1,258039.6,283385.9,270993.8
REC_003399,VIL_038,08-06-2025,3929,27.4,0,70.8,270993.8,255821.8,282794.1,276903.4
REC_003400,VIL_038,09-06-2025,3929,27.2,8.7,78.8,276903.4,260134.7,282361.2,248489
REC_003401,VIL_038,10-06-2025,3929,26.8,0,84.5,248489,260163.7,280964.6,267575.7
REC_003402,VIL_038,11-06-2025,3929,26,0,85.5,267575.7,258807.8,280193.8,266796
REC_003403,VIL_038,12-06-2025,3929,26,0,92.7,266796,262670.7,279541,276683.2
REC_003404,VIL_038,13-06-2025,3929,26.8,0,84.9,276683.2,263722.5,279285.9,271466.6
REC_003405,VIL_038,14-06-2025,3929,26.4,0,72.6,271466.6,268415.4,278615.2,281309.7
REC_003406,VIL_038,15-06-2025,3929,27.4,21.6,79.5,281309.7,269889.1,278047.4,239517.8
REC_003407,VIL_038,16-06-2025,3929,27.3,0,88.8,239517.8,264548.3,276499,271560.3
REC_003408,VIL_038,17-06-2025,3929,26.8,0,92.9,271560.3,267844.2,276089.8,271226.5
REC_003409,VIL_038,18-06-2025,3929,26.4,0,91.7,271226.5,268365.7,275693.4,269169.4
REC_003410,VIL_038,19-06-2025,3929,27,7.1,90.2,269169.4,268704.8,274915.8,243210.4
REC_003411,VIL_038,20-06-2025,3929,26,0,78.7,243210.4,263923,273130.9,269554.9
REC_003412,VIL_038,21-06-2025,3929,25.2,0,79.4,269554.9,263649.9,272511.4,273786.3
REC_003413,VIL_038,22-06-2025,3929,26.4,0,80,273786.3,262575.1,271902.6,274386
REC_003414,VIL_038,23-06-2025,3929,27,8.6,79.9,274386,267556.3,271160.3,235063.2
REC_003415,VIL_038,24-06-2025,3929,27.3,64.6,80.8,235063.2,262342.4,268986.8,235009.7
REC_003416,VIL_038,25-06-2025,3929,26.3,26,86.1,235009.7,257168.6,266892.3,242319.9
REC_003417,VIL_038,26-06-2025,3929,25.8,22,82.8,242319.9,253332.9,265107.8,244873.1
REC_003418,VIL_038,27-06-2025,3929,26.4,0,82,244873.1,253570.4,263459.2,282326.1
REC_003419,VIL_038,28-06-2025,3929,26.9,37.9,84.5,282326.1,255394.9,263281.2,237366.7
REC_003420,VIL_038,29-06-2025,3929,27.4,0,93.8,237366.7,250192.1,261458.6,268483.1
REC_003421,VIL_039,01-04-2025,7900,33.4,0,29.7,550929.8,557983.4,553779.2,584738.5
REC_003422,VIL_039,02-04-2025,7900,33.4,0,23.3,584738.5,560173.4,555662.8,591306.5
REC_003423,VIL_039,03-04-2025,7900,32.8,0,33.3,591306.5,564854.7,557057.5,566380.2
REC_003424,VIL_039,04-04-2025,7900,32,0,26.5,566380.2,565099.8,557276.5,554755.4
REC_003425,VIL_039,05-04-2025,7900,34.6,0,24.4,554755.4,566900.5,556707.3,592285.8
REC_003426,VIL_039,06-04-2025,7900,31.3,0,29.3,592285.8,572437.8,557680.2,548971.5
REC_003427,VIL_039,07-04-2025,7900,33.4,0,35.8,548971.5,569909.7,558083.5,590498.4
REC_003428,VIL_039,08-04-2025,7900,33.2,0,31.6,590498.4,575562.3,559403.9,587166.6
REC_003429,VIL_039,09-04-2025,7900,33.2,0,26,587166.6,575909.2,559786.4,592817.2
REC_003430,VIL_039,10-04-2025,7900,33.9,0,39.2,592817.2,576125,561433,590252.1
REC_003431,VIL_039,11-04-2025,7900,34.2,0,29.7,590252.1,579535.3,562677,572573.9
REC_003432,VIL_039,12-04-2025,7900,33.2,2.8,29.8,572573.9,582080.8,562484.2,570960.4
REC_003433,VIL_039,13-04-2025,7900,32.2,0,37.6,570960.4,579034.3,562650.3,581803.3
REC_003434,VIL_039,14-04-2025,7900,32.4,0,40.4,581803.3,583724.6,563153.7,561465.8
REC_003435,VIL_039,15-04-2025,7900,34.4,0,22.3,561465.8,579577,563892.4,596518.2
REC_003436,VIL_039,16-04-2025,7900,31.8,0,37.1,596518.2,580913,565500.3,577481.1
REC_003437,VIL_039,17-04-2025,7900,34,0,24.1,577481.1,578722.1,567086.2,580204.9
REC_003438,VIL_039,18-04-2025,7900,33,0,28.2,580204.9,577286.8,567796.7,571723.5
REC_003439,VIL_039,19-04-2025,7900,34.1,0,37.1,571723.5,577165.3,569151.2,589045.3
REC_003440,VIL_039,20-04-2025,7900,31.7,0,25.6,589045.3,579748.9,569733.5,579394.7
REC_003441,VIL_039,21-04-2025,7900,32.7,0,34.7,579394.7,579404.8,570033.5,565864.7
REC_003442,VIL_039,22-04-2025,7900,32.2,0,37.3,565864.7,580033.2,570400.4,586373.1
REC_003443,VIL_039,23-04-2025,7900,32.6,0,25.3,586373.1,578583.9,572174.3,577984
REC_003444,VIL_039,24-04-2025,7900,33,0,36.1,577984,578655.7,573881.6,594948.6
REC_003445,VIL_039,25-04-2025,7900,32.3,0,22.9,594948.6,580762,574733,557992.1
REC_003446,VIL_039,26-04-2025,7900,32.3,0,28.9,557992.1,578800.4,574714.8,559260.4
REC_003447,VIL_039,27-04-2025,7900,33.4,0,24.9,559260.4,574545.4,574534.7,592593.7
REC_003448,VIL_039,28-04-2025,7900,33.6,0,26.5,592593.7,576430.9,576216.1,595618.1
REC_003449,VIL_039,29-04-2025,7900,32.8,0,37,595618.1,580681.4,577619.2,574340.3
REC_003450,VIL_039,30-04-2025,7900,33,0,35.2,574340.3,578962.5,577874.9,585307.5
REC_003451,VIL_039,01-05-2025,7900,33.6,0,29.9,585307.5,580008.7,579020.9,595716.1
REC_003452,VIL_039,02-05-2025,7900,34,0,33.2,595716.1,580118.3,579386.8,570111.4
REC_003453,VIL_039,03-05-2025,7900,33.2,0,39.1,570111.4,581849.6,578680.3,582115.5
REC_003454,VIL_039,04-05-2025,7900,32.6,0,22.6,582115.5,585114.7,579204.8,586752.9
REC_003455,VIL_039,05-05-2025,7900,33.2,0,38.4,586752.9,584280.3,580271.4,576002.6
REC_003456,VIL_039,06-05-2025,7900,33.1,0,38.1,576002.6,581478,579728.6,571852.7
REC_003457,VIL_039,07-05-2025,7900,31.5,0,39.3,571852.7,581122.7,580491.3,575474.8
REC_003458,VIL_039,08-05-2025,7900,34,0.7,29.8,575474.8,579718,579990.5,580404.5
REC_003459,VIL_039,09-05-2025,7900,32.6,0,38.5,580404.5,577530.6,579765.1,557439.4
REC_003460,VIL_039,10-05-2025,7900,31.8,3.3,27.7,557439.4,575720.3,578585.9,583591.3
REC_003461,VIL_039,11-05-2025,7900,33.4,0,27.7,583591.3,575931.2,578363.8,584415.5
REC_003462,VIL_039,12-05-2025,7900,33.3,0,22.5,584415.5,575597.3,578758.5,591499.9
REC_003463,VIL_039,13-05-2025,7900,33.7,0,26.7,591499.9,577811.2,579443.2,595084
REC_003464,VIL_039,14-05-2025,7900,34,0,31.4,595084,581129.9,579885.9,570930.3
REC_003465,VIL_039,15-05-2025,7900,33.6,0,30.8,570930.3,580480.7,580201.4,571351.4
REC_003466,VIL_039,16-05-2025,7900,32.8,0,40.6,571351.4,579187.4,579362.5,569695.8
REC_003467,VIL_039,17-05-2025,7900,33.2,0,38.6,569695.8,580938.3,579103,573309.2
REC_003468,VIL_039,18-05-2025,7900,33,0,34.9,573309.2,579469.4,578873.1,583390.6
REC_003469,VIL_039,19-05-2025,7900,34.6,0,35.9,583390.6,579323,579262,595524.5
REC_003470,VIL_039,20-05-2025,7900,33.8,0,32.9,595524.5,579898,579478,584331.3
REC_003471,VIL_039,21-05-2025,7900,31.9,0,32.2,584331.3,578361.9,579642.5,558907.2
REC_003472,VIL_039,22-05-2025,7900,32.8,0,38.8,558907.2,576644.3,579410.6,572145.7
REC_003473,VIL_039,23-05-2025,7900,34,0,28.3,572145.7,576757.8,578936.4,587713.2
REC_003474,VIL_039,24-05-2025,7900,32.8,14.1,37.5,587713.2,579331.7,579260.7,506104.8
REC_003475,VIL_039,25-05-2025,7900,33.1,0,32.9,506104.8,569731,576299.2,565773
REC_003476,VIL_039,26-05-2025,7900,33.4,0,39.1,565773,567214.2,576558.6,586416.8
REC_003477,VIL_039,27-05-2025,7900,33.5,14,41,586416.8,565913.1,577463.8,499067.9
REC_003478,VIL_039,28-05-2025,7900,33.2,0,31.1,499067.9,553732.7,574346.3,575308.5
REC_003479,VIL_039,29-05-2025,7900,32.4,14.2,26.4,575308.5,556075.7,573669.3,510512.3
REC_003480,VIL_039,30-05-2025,7900,34.6,0,41.9,510512.3,547270.9,571541.7,574132.5
REC_003481,VIL_039,31-05-2025,7900,33,0,36.5,574132.5,545330.8,571169.2,580311.5
REC_003482,VIL_039,01-06-2025,7900,25.5,11.7,73.5,580311.5,555931.8,570655.7,481808.3
REC_003483,VIL_039,02-06-2025,7900,24.5,9.7,88.2,481808.3,543936.8,567712.3,472298.7
REC_003484,VIL_039,03-06-2025,7900,25.6,0,79.6,472298.7,527634.2,564051.7,542726.9
REC_003485,VIL_039,04-06-2025,7900,26.6,7.5,92.6,542726.9,533871.2,562584.2,499514.9
REC_003486,VIL_039,05-06-2025,7900,24.3,47.9,90.3,499514.9,523043.6,560034.6,487257.5
REC_003487,VIL_039,06-06-2025,7900,26.8,12.4,79.2,487257.5,519721.5,557214.7,501158.2
REC_003488,VIL_039,07-06-2025,7900,26.8,0,89.1,501158.2,509296.6,554737.5,553823.4
REC_003489,VIL_039,08-06-2025,7900,24.2,0,89.8,553823.4,505512.6,553851.5,554457.8
REC_003490,VIL_039,09-06-2025,7900,26,23.2,91.1,554457.8,515891.1,553752.1,483482
REC_003491,VIL_039,10-06-2025,7900,25.4,24.2,75.4,483482,517488.7,550415.1,481093.5
REC_003492,VIL_039,11-06-2025,7900,24.6,0,87,481093.5,508683.9,546971.1,544756.3
REC_003493,VIL_039,12-06-2025,7900,25.8,0,84.9,544756.3,515147,545412.9,547804.7
REC_003494,VIL_039,13-06-2025,7900,26.2,21.1,86.6,547804.7,523796.6,543837,485467.7
REC_003495,VIL_039,14-06-2025,7900,26.3,11,83.5,485467.7,521555.1,540988.2,477646.7
REC_003496,VIL_039,15-06-2025,7900,25.6,0,82.5,477646.7,510672.7,537864.7,543871.4
REC_003497,VIL_039,16-06-2025,7900,26.6,0,88.6,543871.4,509160.3,537003.9,545419.9
REC_003498,VIL_039,17-06-2025,7900,26.3,29.7,74.3,545419.9,518008.6,536074.3,485158.5
REC_003499,VIL_039,18-06-2025,7900,25.8,0,72.2,485158.5,518589.3,532799.9,558070.3
REC_003500,VIL_039,19-06-2025,7900,26,0,88,558070.3,520491.3,531551.4,564816.9
REC_003501,VIL_039,20-06-2025,7900,26.2,0,79.6,564816.9,522921.6,530900.9,545937
REC_003502,VIL_039,21-06-2025,7900,26.4,31.6,71.1,545937,531560.1,530468.6,477405.4
REC_003503,VIL_039,22-06-2025,7900,26,8.1,87.4,477405.4,531525.6,527310.6,483102.5
REC_003504,VIL_039,23-06-2025,7900,26.6,0,76.1,483102.5,522844.4,523823.5,566085.6
REC_003505,VIL_039,24-06-2025,7900,24.5,5.6,85.1,566085.6,525796.6,525822.9,472328.7
REC_003506,VIL_039,25-06-2025,7900,24.5,0,72.9,472328.7,523963.8,522708.1,558901.7
REC_003507,VIL_039,26-06-2025,7900,25.5,12.7,79.3,558901.7,524082.5,521790.9,485973.1
REC_003508,VIL_039,27-06-2025,7900,25.3,2.3,93.1,485973.1,512819.1,521354.4,541753.5
REC_003509,VIL_039,28-06-2025,7900,26,0,93.6,541753.5,512221.5,520235.9,547061.5
REC_003510,VIL_039,29-06-2025,7900,24.8,20.4,71.7,547061.5,522172.4,521454.2,478609
REC_003511,VIL_040,01-04-2025,2797,33.9,0,37.4,203841.6,197475.6,196183.4,212629.6
REC_003512,VIL_040,02-04-2025,2797,32.6,0,28.9,212629.6,200562.6,196498.2,203396.2
REC_003513,VIL_040,03-04-2025,2797,33.4,0,34.6,203396.2,200445.1,196763.5,199682.2
REC_003514,VIL_040,04-04-2025,2797,34.4,0,31.6,199682.2,200737.9,196852.1,203825.6
REC_003515,VIL_040,05-04-2025,2797,33.2,0,37.5,203825.6,201043.9,197058.8,206087
REC_003516,VIL_040,06-04-2025,2797,33.2,0,31.7,206087,202802.4,197310.9,199325
REC_003517,VIL_040,07-04-2025,2797,33.4,0,26.4,199325,204112.5,197431.6,204502.5
REC_003518,VIL_040,08-04-2025,2797,34,0,24.7,204502.5,204206.9,198036.7,205088.9
REC_003519,VIL_040,09-04-2025,2797,32.3,0,34.9,205088.9,203129.6,198454.5,205149.7
REC_003520,VIL_040,10-04-2025,2797,34,0,35.2,205149.7,203380.1,198972.8,202003.4
REC_003521,VIL_040,11-04-2025,2797,33.5,0,39.6,202003.4,203711.7,199062.4,205929.6
REC_003522,VIL_040,12-04-2025,2797,35.3,0,37.7,205929.6,204012.3,199689.7,212358.6
REC_003523,VIL_040,13-04-2025,2797,34.8,1.2,27.2,212358.6,204908.2,200200.3,211364
REC_003524,VIL_040,14-04-2025,2797,33.3,0.5,34,211364,206628.1,200908.3,204312.3
REC_003525,VIL_040,15-04-2025,2797,33.6,0,27.2,204312.3,206600.9,200899.5,203940.4
REC_003526,VIL_040,16-04-2025,2797,34,0,35.7,203940.4,206436.9,201278.5,209809.8
REC_003527,VIL_040,17-04-2025,2797,32.7,0,30.7,209809.8,207102.6,201859.9,207967.9
REC_003528,VIL_040,18-04-2025,2797,34.4,0,29.5,207967.9,207954.7,201989.5,211136.8
REC_003529,VIL_040,19-04-2025,2797,33.4,0,29.7,211136.8,208698.5,202555,211110.2
REC_003530,VIL_040,20-04-2025,2797,33.8,0,36.5,211110.2,208520.2,202763.6,209647.8
REC_003531,VIL_040,21-04-2025,2797,34.3,0,26.2,209647.8,208275,203536,211727.5
REC_003532,VIL_040,22-04-2025,2797,32.6,0,31.9,211727.5,209334.3,204193.7,199372.4
REC_003533,VIL_040,23-04-2025,2797,33.8,0,40.6,199372.4,208681.8,204204.6,205951
REC_003534,VIL_040,24-04-2025,2797,33.1,0,37.6,205951,208130.5,204288.2,204710.5
REC_003535,VIL_040,25-04-2025,2797,32.6,0,41.5,204710.5,207665.2,204744.6,200451.2
REC_003536,VIL_040,26-04-2025,2797,33.6,0,36.6,200451.2,206138.7,204619,206716
REC_003537,VIL_040,27-04-2025,2797,32.6,0,40.9,206716,205510.9,204921.8,200872.3
REC_003538,VIL_040,28-04-2025,2797,34,0,34.3,200872.3,204257.3,204894.7,209872.2
REC_003539,VIL_040,29-04-2025,2797,33.6,0,41.6,209872.2,203992.2,205431.2,205994.8
REC_003540,VIL_040,30-04-2025,2797,33.6,0,37,205994.8,204938.3,205959.2,205852.6
REC_003541,VIL_040,01-05-2025,2797,33,0,23.9,205852.6,204924.2,206026.3,210537.8
REC_003542,VIL_040,02-05-2025,2797,33.6,0,25.4,210537.8,205756.7,205956.5,205030.9
REC_003543,VIL_040,03-05-2025,2797,33.8,0,31.7,205030.9,206410.9,206011,205240.2
REC_003544,VIL_040,04-05-2025,2797,32.7,0,28.7,205240.2,206200.1,206196.3,201502.3
REC_003545,VIL_040,05-05-2025,2797,33.2,0,23.7,201502.3,206290.1,206118.9,210047.8
REC_003546,VIL_040,06-05-2025,2797,32.2,0,24.1,210047.8,206315.2,206250.9,202211.3
REC_003547,VIL_040,07-05-2025,2797,32.6,0,30.2,202211.3,205774.7,206347.1,204646.5
REC_003548,VIL_040,08-05-2025,2797,32.7,0,30.3,204646.5,205602.4,206351.9,199818.1
REC_003549,VIL_040,09-05-2025,2797,35,0,33.2,199818.1,204071,206176.2,210991.3
REC_003550,VIL_040,10-05-2025,2797,32.2,0,34,210991.3,204922.5,206370.9,199516.4
REC_003551,VIL_040,11-05-2025,2797,33.4,0,35.2,199516.4,204104.8,206288,208622.9
REC_003552,VIL_040,12-05-2025,2797,33.2,0,24.8,208622.9,205122,206377.8,209281.8
REC_003553,VIL_040,13-05-2025,2797,34.2,0,31.5,209281.8,205012.6,206275.2,210807.2
REC_003554,VIL_040,14-05-2025,2797,33.6,0,30.9,210807.2,206240.6,206256.7,209213.5
REC_003555,VIL_040,15-05-2025,2797,32.6,0,38.3,209213.5,206893,206420,203578.1
REC_003556,VIL_040,16-05-2025,2797,33.6,0,35.4,203578.1,207430.2,206408,208989.1
REC_003557,VIL_040,17-05-2025,2797,34,0,38,208989.1,207144.1,206380.6,206574.7
REC_003558,VIL_040,18-05-2025,2797,34.6,0,24.8,206574.7,208152.5,206334.2,211201.9
REC_003559,VIL_040,19-05-2025,2797,32.8,0,40.2,211201.9,208520.9,206336.3,201063.6
REC_003560,VIL_040,20-05-2025,2797,33.4,0,31,201063.6,207346.9,206001.5,200463.3
REC_003561,VIL_040,21-05-2025,2797,33.2,0,40.9,200463.3,205869.2,205695.3,204122.7
REC_003562,VIL_040,22-05-2025,2797,33,0,41.4,204122.7,205141.9,205441.8,204131.3
REC_003563,VIL_040,23-05-2025,2797,33,0,29.4,204131.3,205220.9,205600.4,201610.2
REC_003564,VIL_040,24-05-2025,2797,33.6,0,26.9,201610.2,204166.8,205455.8,209182.1
REC_003565,VIL_040,25-05-2025,2797,34.4,0,38.3,209182.1,204539.3,205604.8,203371.8
REC_003566,VIL_040,26-05-2025,2797,33.9,0,34,203371.8,203420.7,205702.2,203796.2
REC_003567,VIL_040,27-05-2025,2797,33,0,28,203796.2,203811.1,205604.8,207651.9
REC_003568,VIL_040,28-05-2025,2797,33.9,0,31.5,207651.9,204838,205830.8,206461.9
REC_003569,VIL_040,29-05-2025,2797,34.8,8.2,32.5,206461.9,205172.2,205717.1,186975.4
REC_003570,VIL_040,30-05-2025,2797,31.7,0,34.7,186975.4,202721.4,205083.2,201595.6
REC_003571,VIL_040,31-05-2025,2797,33.2,0,33,201595.6,202719.3,204941.3,210736.8
REC_003572,VIL_040,01-06-2025,2797,26,0,79.6,210736.8,202941.4,204947.9,196938.8
REC_003573,VIL_040,02-06-2025,2797,27.2,31,83.3,196938.8,202022.4,204678.2,167280.1
REC_003574,VIL_040,03-06-2025,2797,27.4,0,76.5,167280.1,196805.8,203412.8,194061.7
REC_003575,VIL_040,04-06-2025,2797,27.5,15,90.8,194061.7,194864.3,203164.8,168605.3
REC_003576,VIL_040,05-06-2025,2797,25.1,0,74.4,168605.3,189456.2,201783.4,200778.3
REC_003577,VIL_040,06-06-2025,2797,25.5,0,88.5,200778.3,191428.1,201735.6,191138.2
REC_003578,VIL_040,07-06-2025,2797,25,0,73,191138.2,189934.2,201285.3,194470.8
REC_003579,VIL_040,08-06-2025,2797,25.6,0,75.8,194470.8,187610.5,201107.1,192572.4
REC_003580,VIL_040,09-06-2025,2797,26.4,5.6,75.3,192572.4,186986.7,200493.1,175879.5
REC_003581,VIL_040,10-06-2025,2797,26.4,0,83.2,175879.5,188215.2,199705.2,193541.2
REC_003582,VIL_040,11-06-2025,2797,26.3,20,84,193541.2,188140.8,199202.5,177380.3
REC_003583,VIL_040,12-06-2025,2797,26.6,72,82.7,177380.3,189394.4,198139.1,167525.6
REC_003584,VIL_040,13-06-2025,2797,25.8,9.7,77.2,167525.6,184644,196696.4,168452.4
REC_003585,VIL_040,14-06-2025,2797,26.7,0,73.3,168452.4,181403.2,195337.7,192555.2
REC_003586,VIL_040,15-06-2025,2797,26.7,4.3,70.3,192555.2,181129.5,194970.3,199444.7
REC_003587,VIL_040,16-06-2025,2797,25.5,0,93,199444.7,182111.3,194652.1,200236.6
REC_003588,VIL_040,17-06-2025,2797,26.4,9.3,91.5,200236.6,185590.9,194440.9,167865
REC_003589,VIL_040,18-06-2025,2797,25.2,17.5,93.8,167865,181922.8,192996.3,167461.9
REC_003590,VIL_040,19-06-2025,2797,26.5,0,75.4,167461.9,180505.9,191876.2,198662.9
REC_003591,VIL_040,20-06-2025,2797,27.4,4.1,76.1,198662.9,184954.1,191816.2,191482.8
REC_003592,VIL_040,21-06-2025,2797,26.5,0,82.4,191482.8,188244.2,191394.9,191478.7
REC_003593,VIL_040,22-06-2025,2797,24.8,38.6,71.2,191478.7,188090.4,190973.1,167357.6
REC_003594,VIL_040,23-06-2025,2797,25.2,0,79.7,167357.6,183506.5,189831.4,190501.4
REC_003595,VIL_040,24-06-2025,2797,26.5,0,73.1,190501.4,182115.8,189208.7,193013.8
REC_003596,VIL_040,25-06-2025,2797,26.6,1,73.4,193013.8,185708.4,188863.4,190679.9
REC_003597,VIL_040,26-06-2025,2797,25.6,28.8,84.8,190679.9,189025.3,188426.2,170939.7
REC_003598,VIL_040,27-06-2025,2797,26.6,0,89.4,170939.7,185064.8,187202.5,199699.2
REC_003599,VIL_040,28-06-2025,2797,25.2,0.4,79.4,199699.2,186238.6,186977.1,193749.7
REC_003600,VIL_040,29-06-2025,2797,26.6,0,87.6,193749.7,186563,187202.9,198466.5
REC_003601,VIL_041,01-04-2025,4260,33.6,0,37.8,287617.2,299540.7,298824.6,314153.4
REC_003602,VIL_041,02-04-2025,4260,34.4,0,40.8,314153.4,301377.3,299760.1,315858.4
REC_003603,VIL_041,03-04-2025,4260,34.2,0,26.2,315858.4,305410.9,300190.3,319103.8
REC_003604,VIL_041,04-04-2025,4260,33.5,0,38.6,319103.8,307125.3,301069.2,305277.4
REC_003605,VIL_041,05-04-2025,4260,34.7,0,27.6,305277.4,306617.4,301056.9,324052.1
REC_003606,VIL_041,06-04-2025,4260,33.8,0,25.4,324052.1,310386.9,302280.2,307238
REC_003607,VIL_041,07-04-2025,4260,34.7,0,37.8,307238,310471.5,302185.9,322220.1
REC_003608,VIL_041,08-04-2025,4260,34.6,0,25.8,322220.1,315414.7,303242.5,309565.5
REC_003609,VIL_041,09-04-2025,4260,32.8,0,39.3,309565.5,314759.3,303767.3,316911.9
REC_003610,VIL_041,10-04-2025,4260,33.8,0,40.6,316911.9,314909.8,303943.6,309045.4
REC_003611,VIL_041,11-04-2025,4260,34.8,0.2,36.9,309045.4,313472.9,304227.1,319967.6
REC_003612,VIL_041,12-04-2025,4260,33.7,0,23.4,319967.6,315571.5,305086.1,310245.9
REC_003613,VIL_041,13-04-2025,4260,34.8,0,28.4,310245.9,313599.2,305040.7,323940.8
REC_003614,VIL_041,14-04-2025,4260,33.6,0,25.3,323940.8,315985.3,306068.6,310933.8
REC_003615,VIL_041,15-04-2025,4260,33.8,0,37,310933.8,314373,306895.8,319445.2
REC_003616,VIL_041,16-04-2025,4260,34.8,0,28.8,319445.2,315784.4,307110.1,315544.2
REC_003617,VIL_041,17-04-2025,4260,34.4,0,39.6,315544.2,315589,307919,322696.6
REC_003618,VIL_041,18-04-2025,4260,34.4,0,38.7,322696.6,317539.2,308386.4,308928.5
REC_003619,VIL_041,19-04-2025,4260,34,0,35.3,308928.5,315962.1,309076.5,311982.4
REC_003620,VIL_041,20-04-2025,4260,33.5,0,31.7,311982.4,316210.2,309305.9,313829.8
REC_003621,VIL_041,21-04-2025,4260,33.7,0,36.7,313829.8,314765.8,309802.6,306158.5
REC_003622,VIL_041,22-04-2025,4260,35,0,36.8,306158.5,314083.6,309589.9,314526.2
REC_003623,VIL_041,23-04-2025,4260,33.4,0,29.5,314526.2,313380.9,310081.6,321579.4
REC_003624,VIL_041,24-04-2025,4260,32.4,0,30,321579.4,314243.1,311333,317773.9
REC_003625,VIL_041,25-04-2025,4260,34.2,0,25.1,317773.9,313539.8,311882.2,321546.5
REC_003626,VIL_041,26-04-2025,4260,33.6,0,38.6,321546.5,315342.4,313013,309629.7
REC_003627,VIL_041,27-04-2025,4260,32.4,0,30.4,309629.7,315006.3,313097.2,304496.1
REC_003628,VIL_041,28-04-2025,4260,34.5,0,35.3,304496.1,313672.9,312952.7,321113.1
REC_003629,VIL_041,29-04-2025,4260,33.6,0,32.9,321113.1,315809.3,313734.2,307091.4
REC_003630,VIL_041,30-04-2025,4260,33.4,0,27.6,307091.4,314747.2,313749.1,321838.4
REC_003631,VIL_041,01-05-2025,4260,34,0,34.9,321838.4,314784.2,314889.8,310872.9
REC_003632,VIL_041,02-05-2025,4260,33.4,0,36.7,310872.9,313798.3,314780.5,322803.6
REC_003633,VIL_041,03-05-2025,4260,34.1,0,41.6,322803.6,313977.9,315012,316458.3
REC_003634,VIL_041,04-05-2025,4260,34.2,0,41.8,316458.3,314953.4,314923.8,322149
REC_003635,VIL_041,05-05-2025,4260,34.2,0,25.8,322149,317475.2,315486.2,307518.5
REC_003636,VIL_041,06-05-2025,4260,33,0,35.1,307518.5,315533.2,314935,318887.4
REC_003637,VIL_041,07-05-2025,4260,34.4,0,23.2,318887.4,317218.3,315323.4,313494.5
REC_003638,VIL_041,08-05-2025,4260,33.1,0,22.5,313494.5,316026.3,315032.5,315210.7
REC_003639,VIL_041,09-05-2025,4260,34.1,0,26.4,315210.7,316646,315220.7,322357.7
REC_003640,VIL_041,10-05-2025,4260,35.2,0,28.8,322357.7,316582.3,315402.2,314981.8
REC_003641,VIL_041,11-05-2025,4260,33.2,0,32.5,314981.8,316371.4,315600.1,311435.6
REC_003642,VIL_041,12-05-2025,4260,32.6,0,30.9,311435.6,314840.9,315315.7,309715.2
REC_003643,VIL_041,13-05-2025,4260,33.2,0,22.1,309715.2,315154.7,315298,308990.7
REC_003644,VIL_041,14-05-2025,4260,34.1,0,23,308990.7,313740.9,314799.7,316192.8
REC_003645,VIL_041,15-05-2025,4260,34.6,0,33.5,316192.8,314126.4,314975,315286.1
REC_003646,VIL_041,16-05-2025,4260,33.9,0,41.1,315286.1,314137.1,314836.3,313007.4
REC_003647,VIL_041,17-05-2025,4260,33,0,40,313007.4,312801.4,314751.8,314785
REC_003648,VIL_041,18-05-2025,4260,32.6,0,36.8,314785,312773.3,314488,312294.7
REC_003649,VIL_041,19-05-2025,4260,33.2,0,23.3,312294.7,312896,314600.2,307493.4
REC_003650,VIL_041,20-05-2025,4260,33.8,0,22.2,307493.4,312578.6,314450.6,322714.5
REC_003651,VIL_041,21-05-2025,4260,33.7,2,37.8,322714.5,314539.1,314746.8,321601.4
REC_003652,VIL_041,22-05-2025,4260,35,0,24,321601.4,315311.8,315261.5,320739.7
REC_003653,VIL_041,23-05-2025,4260,33.6,0,32.9,320739.7,316090.9,315468.6,313044
REC_003654,VIL_041,24-05-2025,4260,34,0,25.5,313044,316096.1,315184.1,313756.5
REC_003655,VIL_041,25-05-2025,4260,34.8,0,28.5,313756.5,315949.2,315050.2,323645.8
REC_003656,VIL_041,26-05-2025,4260,33,0,33,323645.8,317570.8,315120.2,314828.7
REC_003657,VIL_041,27-05-2025,4260,34,0,34.1,314828.7,318618.7,315293.5,310329.9
REC_003658,VIL_041,28-05-2025,4260,32.1,0,28,310329.9,316849.4,315488,310757.7
REC_003659,VIL_041,29-05-2025,4260,34.6,0,36.7,310757.7,315300.3,315142.8,314040.7
REC_003660,VIL_041,30-05-2025,4260,33.4,0,38.2,314040.7,314343.3,315374.4,304354.9
REC_003661,VIL_041,31-05-2025,4260,34.3,0.4,39.4,304354.9,313102,314791.6,321228
REC_003662,VIL_041,01-06-2025,4260,25.4,15.8,90.2,321228,314169.4,315136.8,264695.8
REC_003663,VIL_041,02-06-2025,4260,26.4,6.5,77,264695.8,305748,313199.9,261011.7
REC_003664,VIL_041,03-06-2025,4260,25.2,0,87.2,261011.7,298059.8,311351.7,298659.6
REC_003665,VIL_041,04-06-2025,4260,27.9,8.5,92.5,298659.6,296392.6,310568.7,269456.7
REC_003666,VIL_041,05-06-2025,4260,26,0,76.5,269456.7,290492.5,309300,299903.3
REC_003667,VIL_041,06-06-2025,4260,26.7,9.7,87.3,299903.3,288472.9,308667.2,264901.9
REC_003668,VIL_041,07-06-2025,4260,26.8,0,81.2,264901.9,282836.7,307047.4,290397.5
REC_003669,VIL_041,08-06-2025,4260,27.4,0,70.8,290397.5,278432.4,306220.3,292224
REC_003670,VIL_041,09-06-2025,4260,27.2,8.7,78.8,292224,282365,305215.8,259282
REC_003671,VIL_041,10-06-2025,4260,26.8,0,84.5,259282,282117.9,303359.2,298904.6
REC_003672,VIL_041,11-06-2025,4260,26,0,85.5,298904.6,282152.9,302941.5,303148.8
REC_003673,VIL_041,12-06-2025,4260,26,0,92.7,303148.8,286966,302722.6,295001.6
REC_003674,VIL_041,13-06-2025,4260,26.8,0,84.9,295001.6,286265.8,302256.3,295630.4
REC_003675,VIL_041,14-06-2025,4260,26.4,0,72.6,295630.4,290655.6,301570.9,293837.1
REC_003676,VIL_041,15-06-2025,4260,27.4,21.6,79.5,293837.1,291146.9,300855.9,258552.3
REC_003677,VIL_041,16-06-2025,4260,27.3,0,88.8,258552.3,286336.7,299040.7,306231.1
REC_003678,VIL_041,17-06-2025,4260,26.8,0,92.9,306231.1,293043.7,298755.6,300623.6
REC_003679,VIL_041,18-06-2025,4260,26.4,0,91.7,300623.6,293289.3,298366.6,292043.4
REC_003680,VIL_041,19-06-2025,4260,27,7.1,90.2,292043.4,291702.8,297851.6,265915.3
REC_003681,VIL_041,20-06-2025,4260,26,0,78.7,265915.3,287547.6,295958.3,302172.4
REC_003682,VIL_041,21-06-2025,4260,25.2,0,79.4,302172.4,288482.2,295310.6,301178.5
REC_003683,VIL_041,22-06-2025,4260,26.4,0,80,301178.5,289530.9,294658.6,291664.4
REC_003684,VIL_041,23-06-2025,4260,27,8.6,79.9,291664.4,294261.2,293945.9,260967.3
REC_003685,VIL_041,24-06-2025,4260,27.3,64.6,80.8,260967.3,287795,292186.3,256224.4
REC_003686,VIL_041,25-06-2025,4260,26.3,26,86.1,256224.4,281452.2,289938.9,267401.2
REC_003687,VIL_041,26-06-2025,4260,25.8,22,82.8,267401.2,277931.9,288358,264859.2
REC_003688,VIL_041,27-06-2025,4260,26.4,0,82,264859.2,277781.1,286842.3,298328.9
REC_003689,VIL_041,28-06-2025,4260,26.9,37.9,84.5,298328.9,277232,286428,259944.3
REC_003690,VIL_041,29-06-2025,4260,27.4,0,93.8,259944.3,271341.4,284624.8,292550.6
REC_003691,VIL_042,01-04-2025,3893,33.9,0,37.4,272804.1,270863.8,272126.9,289434.3
REC_003692,VIL_042,02-04-2025,3893,32.6,0,28.9,289434.3,271890.5,273048.6,281630.3
REC_003693,VIL_042,03-04-2025,3893,33.4,0,34.6,281630.3,274733.2,272926.3,285726.4
REC_003694,VIL_042,04-04-2025,3893,34.4,0,31.6,285726.4,276818.6,273639.7,283802.9
REC_003695,VIL_042,05-04-2025,3893,33.2,0,37.5,283802.9,279260.7,274415.9,288553.5
REC_003696,VIL_042,06-04-2025,3893,33.2,0,31.7,288553.5,283091.7,274531.3,284432.9
REC_003697,VIL_042,07-04-2025,3893,33.4,0,26.4,284432.9,283769.2,274884.3,291851.5
REC_003698,VIL_042,08-04-2025,3893,34,0,24.7,291851.5,286490.3,275259.6,283596.8
REC_003699,VIL_042,09-04-2025,3893,32.3,0,34.9,283596.8,285656.3,276043.5,276922.7
REC_003700,VIL_042,10-04-2025,3893,34,0,35.2,276922.7,284983.8,276129.8,291386.9
REC_003701,VIL_042,11-04-2025,3893,33.5,0,39.6,291386.9,285792.5,276851.5,292771.2
REC_003702,VIL_042,12-04-2025,3893,35.3,0,37.7,292771.2,287073.6,277279.8,293683.8
REC_003703,VIL_042,13-04-2025,3893,34.8,1.2,27.2,293683.8,287806.5,278404.9,296108.7
REC_003704,VIL_042,14-04-2025,3893,33.3,0.5,34,296108.7,289474.5,279280.8,294567.7
REC_003705,VIL_042,15-04-2025,3893,33.6,0,27.2,294567.7,289862.5,279744.4,295674.5
REC_003706,VIL_042,16-04-2025,3893,34,0,35.7,295674.5,291587.9,280496,293095.4
REC_003707,VIL_042,17-04-2025,3893,32.7,0,30.7,293095.4,293898.3,281136.7,287622.7
REC_003708,VIL_042,18-04-2025,3893,34.4,0,29.5,287622.7,293360.6,282006.4,286096.7
REC_003709,VIL_042,19-04-2025,3893,33.4,0,29.7,286096.7,292407.1,282793.2,292139.7
REC_003710,VIL_042,20-04-2025,3893,33.8,0,36.5,292139.7,292186.5,283286.8,286403
REC_003711,VIL_042,21-04-2025,3893,34.3,0,26.2,286403,290800,283590.9,298128
REC_003712,VIL_042,22-04-2025,3893,32.6,0,31.9,298128,291308.6,284009.6,276027.1
REC_003713,VIL_042,23-04-2025,3893,33.8,0,40.6,276027.1,288501.8,283934.3,286934.2
REC_003714,VIL_042,24-04-2025,3893,33.1,0,37.6,286934.2,287621.6,284421.2,286137.2
REC_003715,VIL_042,25-04-2025,3893,32.6,0,41.5,286137.2,287409.4,284550.9,281526.7
REC_003716,VIL_042,26-04-2025,3893,33.6,0,36.6,281526.7,286756.6,285210.7,282237.8
REC_003717,VIL_042,27-04-2025,3893,32.6,0,40.9,282237.8,285342,285581.1,284717.6
REC_003718,VIL_042,28-04-2025,3893,34,0,34.3,284717.6,285101.2,286181.4,293296.1
REC_003719,VIL_042,29-04-2025,3893,33.6,0,41.6,293296.1,284411,287233.4,289721.6
REC_003720,VIL_042,30-04-2025,3893,33.6,0,37,289721.6,286367.3,287567.7,282649.2
REC_003721,VIL_042,01-05-2025,3893,33,0,23.9,282649.2,285755.2,287895.9,288730.3
REC_003722,VIL_042,02-05-2025,3893,33.6,0,25.4,288730.3,286125.6,287872.4,283036
REC_003723,VIL_042,03-05-2025,3893,33.8,0,31.7,283036,286341.2,287919.3,282429.7
REC_003724,VIL_042,04-05-2025,3893,32.7,0,28.7,282429.7,286368.6,287809.4,286790.5
REC_003725,VIL_042,05-05-2025,3893,33.2,0,23.7,286790.5,286664.8,287909,291464.3
REC_003726,VIL_042,06-05-2025,3893,32.2,0,24.1,291464.3,286403.1,288006,281191
REC_003727,VIL_042,07-05-2025,3893,32.6,0,30.2,281191,285184.4,287898,283671.2
REC_003728,VIL_042,08-05-2025,3893,32.7,0,30.3,283671.2,285330.4,287625.3,280190.8
REC_003729,VIL_042,09-05-2025,3893,35,0,33.2,280190.8,284110.5,287511.7,292853.7
REC_003730,VIL_042,10-05-2025,3893,32.2,0,34,292853.7,285513,288042.8,275287
REC_003731,VIL_042,11-05-2025,3893,33.4,0,35.2,275287,284492.6,287506.1,294241.2
REC_003732,VIL_042,12-05-2025,3893,33.2,0,24.8,294241.2,285557,287555.1,290737.3
REC_003733,VIL_042,13-05-2025,3893,34.2,0,31.5,290737.3,285453.2,287456.9,292597.6
REC_003734,VIL_042,14-05-2025,3893,33.6,0,30.9,292597.6,287082.7,287339.9,287883.8
REC_003735,VIL_042,15-05-2025,3893,32.6,0,38.3,287883.8,287684.5,287117.1,288101.3
REC_003736,VIL_042,16-05-2025,3893,33.6,0,35.4,288101.3,288814.6,286864.6,287135.2
REC_003737,VIL_042,17-05-2025,3893,34,0,38,287135.2,287997.6,286665.9,285393.8
REC_003738,VIL_042,18-05-2025,3893,34.6,0,24.8,285393.8,289441.5,286591.7,285376.9
REC_003739,VIL_042,19-05-2025,3893,32.8,0,40.2,285376.9,288175.1,286567.7,286469.9
REC_003740,VIL_042,20-05-2025,3893,33.4,0,31,286469.9,287565.5,286378.7,293787.5
REC_003741,VIL_042,21-05-2025,3893,33.2,0,40.9,293787.5,287735.5,286624.8,279655.1
REC_003742,VIL_042,22-05-2025,3893,33,0,41.4,279655.1,286560,286009.1,279305.6
REC_003743,VIL_042,23-05-2025,3893,33,0,29.4,279305.6,285303.4,286118.3,283638.5
REC_003744,VIL_042,24-05-2025,3893,33.6,0,26.9,283638.5,284803.9,286008.5,292514.5
REC_003745,VIL_042,25-05-2025,3893,34.4,0,38.3,292514.5,285821.1,286221.1,286903.8
REC_003746,VIL_042,26-05-2025,3893,33.9,0,34,286903.8,286039.3,286400.3,284192.8
REC_003747,VIL_042,27-05-2025,3893,33,0,28,284192.8,285714,286465.5,286822.7
REC_003748,VIL_042,28-05-2025,3893,33.9,0,31.5,286822.7,284719,286535.6,289068.2
REC_003749,VIL_042,29-05-2025,3893,34.8,8.2,32.5,289068.2,286063.7,286394.7,250291.7
REC_003750,VIL_042,30-05-2025,3893,31.7,0,34.7,250291.7,281918.9,285080.4,272441.6
REC_003751,VIL_042,31-05-2025,3893,33.2,0,33,272441.6,280319.3,284740.1,288041.1
REC_003752,VIL_042,01-06-2025,3893,26,0,79.6,288041.1,279680.3,284717.1,271939.7
REC_003753,VIL_042,02-06-2025,3893,27.2,31,83.3,271939.7,277542.5,284347.3,246585.5
REC_003754,VIL_042,03-06-2025,3893,27.4,0,76.5,246585.5,272170.1,283152.5,275429.1
REC_003755,VIL_042,04-06-2025,3893,27.5,15,90.8,275429.1,270542.4,282773.7,232759.5
REC_003756,VIL_042,05-06-2025,3893,25.1,0,74.4,232759.5,262498.3,280816.9,272199.6
REC_003757,VIL_042,06-06-2025,3893,25.5,0,88.5,272199.6,265628,280517.2,271111.2
REC_003758,VIL_042,07-06-2025,3893,25,0,73,271111.2,265438,280098.5,266079.5
REC_003759,VIL_042,08-06-2025,3893,25.6,0,75.8,266079.5,262300.6,279628.2,279429.7
REC_003760,VIL_042,09-06-2025,3893,26.4,5.6,75.3,279429.7,263370.6,279180.7,244197.5
REC_003761,VIL_042,10-06-2025,3893,26.4,0,83.2,244197.5,263029.4,278144.4,268096.7
REC_003762,VIL_042,11-06-2025,3893,26.3,20,84,268096.7,261982,277272.9,236297.7
REC_003763,VIL_042,12-06-2025,3893,26.6,72,82.7,236297.7,262487.4,275458.2,233075.2
REC_003764,VIL_042,13-06-2025,3893,25.8,9.7,77.2,233075.2,256898.2,273474.2,236883.9
REC_003765,VIL_042,14-06-2025,3893,26.7,0,73.3,236883.9,252008.6,271774.2,273893.6
REC_003766,VIL_042,15-06-2025,3893,26.7,4.3,70.3,273893.6,253124.9,271300.6,271215.7
REC_003767,VIL_042,16-06-2025,3893,25.5,0,93,271215.7,251951.5,270769.9,280182.6
REC_003768,VIL_042,17-06-2025,3893,26.4,9.3,91.5,280182.6,257092.2,270596.2,233421.4
REC_003769,VIL_042,18-06-2025,3893,25.2,17.5,93.8,233421.4,252138.6,268864.4,241124.3
REC_003770,VIL_042,19-06-2025,3893,26.5,0,75.4,241124.3,252828.1,267352.8,278368.6
REC_003771,VIL_042,20-06-2025,3893,27.4,4.1,76.1,278368.6,259298.6,266838.9,272195.1
REC_003772,VIL_042,21-06-2025,3893,26.5,0,82.4,272195.1,264343,266590.2,264383.1
REC_003773,VIL_042,22-06-2025,3893,24.8,38.6,71.2,264383.1,262984.4,266092.8,236108.1
REC_003774,VIL_042,23-06-2025,3893,25.2,0,79.7,236108.1,257969,264508.5,269628.5
REC_003775,VIL_042,24-06-2025,3893,26.5,0,73.1,269628.5,256461.3,263745.6,280129.3
REC_003776,VIL_042,25-06-2025,3893,26.6,1,73.4,280129.3,263133.9,263519.8,279242.7
REC_003777,VIL_042,26-06-2025,3893,25.6,28.8,84.8,279242.7,268579.3,263354.8,246271.7
REC_003778,VIL_042,27-06-2025,3893,26.6,0,89.4,246271.7,263994.1,262003.1,277836.3
REC_003779,VIL_042,28-06-2025,3893,25.2,0.4,79.4,277836.3,264800,261628.7,270084.4
REC_003780,VIL_042,29-06-2025,3893,26.6,0,87.6,270084.4,265614.4,262288.4,279146.3
REC_003781,VIL_043,01-04-2025,6091,33.6,0,37.8,418565.9,426919.8,427300.6,454902.2
REC_003782,VIL_043,02-04-2025,6091,34.4,0,40.8,454902.2,431534.5,427567.1,447769.4
REC_003783,VIL_043,03-04-2025,6091,34.2,0,26.2,447769.4,436670.1,428493.5,460268.4
REC_003784,VIL_043,04-04-2025,6091,33.5,0,38.6,460268.4,438938.2,429963.8,450400.1
REC_003785,VIL_043,05-04-2025,6091,34.7,0,27.6,450400.1,445400.3,430698.1,450958.1
REC_003786,VIL_043,06-04-2025,6091,33.8,0,25.4,450958.1,446514.2,431962.3,447975.4
REC_003787,VIL_043,07-04-2025,6091,34.7,0,37.8,447975.4,447262.8,433346.8,461629.3
REC_003788,VIL_043,08-04-2025,6091,34.6,0,25.8,461629.3,453414.7,433888.4,466895.2
REC_003789,VIL_043,09-04-2025,6091,32.8,0,39.3,466895.2,455128,434634.2,434433.9
REC_003790,VIL_043,10-04-2025,6091,33.8,0,40.6,434433.9,453222.9,435382.5,452602.8
REC_003791,VIL_043,11-04-2025,6091,34.8,0.2,36.9,452602.8,452127.8,436388,450314.9
REC_003792,VIL_043,12-04-2025,6091,33.7,0,23.4,450314.9,452115.7,436715.7,458171.2
REC_003793,VIL_043,13-04-2025,6091,34.8,0,28.4,458171.2,453146.1,437546.9,445282.8
REC_003794,VIL_043,14-04-2025,6091,33.6,0,25.3,445282.8,452761.4,438326.9,454488.9
REC_003795,VIL_043,15-04-2025,6091,33.8,0,37,454488.9,451741.4,438917.1,441883.5
REC_003796,VIL_043,16-04-2025,6091,34.8,0,28.8,441883.5,448168.3,438870,459711.9
REC_003797,VIL_043,17-04-2025,6091,34.4,0,39.6,459711.9,451779.4,439375.7,463665
REC_003798,VIL_043,18-04-2025,6091,34.4,0,38.7,463665,453359.7,440791,461466.6
REC_003799,VIL_043,19-04-2025,6091,34,0,35.3,461466.6,454952.8,442424.9,458811.3
REC_003800,VIL_043,20-04-2025,6091,33.5,0,31.7,458811.3,455044.3,442919.5,449234.9
REC_003801,VIL_043,21-04-2025,6091,33.7,0,36.7,449234.9,455608.9,444260.7,460584.5
REC_003802,VIL_043,22-04-2025,6091,35,0,36.8,460584.5,456479.7,445086.2,460770.7
REC_003803,VIL_043,23-04-2025,6091,33.4,0,29.5,460770.7,459177.8,446743.8,459340.6
REC_003804,VIL_043,24-04-2025,6091,32.4,0,30,459340.6,459124.8,448000,442952.3
REC_003805,VIL_043,25-04-2025,6091,34.2,0,25.1,442952.3,456165.8,448678.5,453393.5
REC_003806,VIL_043,26-04-2025,6091,33.6,0,38.6,453393.5,455012.5,450064.2,441907.6
REC_003807,VIL_043,27-04-2025,6091,32.4,0,30.4,441907.6,452597.7,449981.4,442906.3
REC_003808,VIL_043,28-04-2025,6091,34.5,0,35.3,442906.3,451693.6,451239.4,445334.7
REC_003809,VIL_043,29-04-2025,6091,33.6,0,32.9,445334.7,449515.1,451311.9,459362.2
REC_003810,VIL_043,30-04-2025,6091,33.4,0,27.6,459362.2,449313.9,451866.1,452844.1
REC_003811,VIL_043,01-05-2025,6091,34,0,34.9,452844.1,448385.8,453008.7,465338.2
REC_003812,VIL_043,02-05-2025,6091,33.4,0,36.7,465338.2,451583.8,453356.6,437147.6
REC_003813,VIL_043,03-05-2025,6091,34.1,0,41.6,437147.6,449263,453002.5,445549.6
REC_003814,VIL_043,04-05-2025,6091,34.2,0,41.8,445549.6,449783.2,452511.9,463487.7
REC_003815,VIL_043,05-05-2025,6091,34.2,0,25.8,463487.7,452723.4,452948.2,450382.9
REC_003816,VIL_043,06-05-2025,6091,33,0,35.1,450382.9,453444.6,452929,444655.8
REC_003817,VIL_043,07-05-2025,6091,34.4,0,23.2,444655.8,451343.7,452818.3,464345.6
REC_003818,VIL_043,08-05-2025,6091,33.1,0,22.5,464345.6,452986.8,452908.9,446780.5
REC_003819,VIL_043,09-05-2025,6091,34.1,0,26.4,446780.5,450335.7,452238.4,444267.9
REC_003820,VIL_043,10-05-2025,6091,35.2,0,28.8,444267.9,451352.9,452566.2,470438.1
REC_003821,VIL_043,11-05-2025,6091,33.2,0,32.5,470438.1,454908.4,453160.7,434263.5
REC_003822,VIL_043,12-05-2025,6091,32.6,0,30.9,434263.5,450733.5,452625.7,453508
REC_003823,VIL_043,13-05-2025,6091,33.2,0,22.1,453508,451179.9,452470.2,434785.1
REC_003824,VIL_043,14-05-2025,6091,34.1,0,23,434785.1,449769.8,452120.3,457095.5
REC_003825,VIL_043,15-05-2025,6091,34.6,0,33.5,457095.5,448734.1,452207.2,444076.1
REC_003826,VIL_043,16-05-2025,6091,33.9,0,41.1,444076.1,448347.7,452280.3,456896.6
REC_003827,VIL_043,17-05-2025,6091,33,0,40,456896.6,450151.8,452186.4,433098.1
REC_003828,VIL_043,18-05-2025,6091,32.6,0,36.8,433098.1,444817.6,451167.5,452100.9
REC_003829,VIL_043,19-05-2025,6091,33.2,0,23.3,452100.9,447365.8,450855.3,445922.7
REC_003830,VIL_043,20-05-2025,6091,33.8,0,22.2,445922.7,446282.1,450425.7,439679.9
REC_003831,VIL_043,21-05-2025,6091,33.7,2,37.8,439679.9,446981.4,450107.2,455618.1
REC_003832,VIL_043,22-05-2025,6091,35,0,24,455618.1,446770.3,449941.7,458053.2
REC_003833,VIL_043,23-05-2025,6091,33.6,0,32.9,458053.2,448767.1,449851.1,441060.8
REC_003834,VIL_043,24-05-2025,6091,34,0,25.5,441060.8,446504.8,449241.8,438818.6
REC_003835,VIL_043,25-05-2025,6091,34.8,0,28.5,438818.6,447322,449104,454819.8
REC_003836,VIL_043,26-05-2025,6091,33,0,33,454819.8,447710.4,449151.5,434479.1
REC_003837,VIL_043,27-05-2025,6091,34,0,34.1,434479.1,446075.6,448903.9,440947.2
REC_003838,VIL_043,28-05-2025,6091,32.1,0,28,440947.2,446256.7,448838.6,433660.9
REC_003839,VIL_043,29-05-2025,6091,34.6,0,36.7,433660.9,443119.9,448449.5,459357.2
REC_003840,VIL_043,30-05-2025,6091,33.4,0,38.2,459357.2,443306.2,448449.3,448919.1
REC_003841,VIL_043,31-05-2025,6091,34.3,0.4,39.4,448919.1,444428.8,448318.5,442133.4
REC_003842,VIL_043,01-06-2025,6091,25.4,15.8,90.2,442133.4,444902.4,447545,385751.1
REC_003843,VIL_043,02-06-2025,6091,26.4,6.5,77,385751.1,435035.4,445831.8,383921.7
REC_003844,VIL_043,03-06-2025,6091,25.2,0,87.2,383921.7,427812.9,443777.5,420210.5
REC_003845,VIL_043,04-06-2025,6091,27.9,8.5,92.5,420210.5,424850.6,442334.9,366703.6
REC_003846,VIL_043,05-06-2025,6091,26,0,76.5,366703.6,415285.2,439545.6,437687.6
REC_003847,VIL_043,06-06-2025,6091,26.7,9.7,87.3,437687.6,412189.6,439313.3,374330.8
REC_003848,VIL_043,07-06-2025,6091,26.8,0,81.2,374330.8,401534.1,436312.9,421539.2
REC_003849,VIL_043,08-06-2025,6091,27.4,0,70.8,421539.2,398592.1,435471.5,426123.3
REC_003850,VIL_043,09-06-2025,6091,27.2,8.7,78.8,426123.3,404359.5,434866.7,381345.7
REC_003851,VIL_043,10-06-2025,6091,26.8,0,84.5,381345.7,403991.5,431896.9,417886.6
REC_003852,VIL_043,11-06-2025,6091,26,0,85.5,417886.6,403659.5,431351,433213.1
REC_003853,VIL_043,12-06-2025,6091,26,0,92.7,433213.1,413160.9,430674.5,432751.4
REC_003854,VIL_043,13-06-2025,6091,26.8,0,84.9,432751.4,412455.7,430606.7,427376.6
REC_003855,VIL_043,14-06-2025,6091,26.4,0,72.6,427376.6,420033.7,429616.1,435729.1
REC_003856,VIL_043,15-06-2025,6091,27.4,21.6,79.5,435729.1,422060.8,429337.9,366924.3
REC_003857,VIL_043,16-06-2025,6091,27.3,0,88.8,366924.3,413603.8,426338.8,428812.6
REC_003858,VIL_043,17-06-2025,6091,26.8,0,92.9,428812.6,420384.8,426195.9,425074.1
REC_003859,VIL_043,18-06-2025,6091,26.4,0,91.7,425074.1,421411.6,425295,424382.1
REC_003860,VIL_043,19-06-2025,6091,27,7.1,90.2,424382.1,420150,424577,369635.2
REC_003861,VIL_043,20-06-2025,6091,26,0,78.7,369635.2,411133.4,422242.2,423102.6
REC_003862,VIL_043,21-06-2025,6091,25.2,0,79.4,423102.6,410522.9,421158.3,416345.6
REC_003863,VIL_043,22-06-2025,6091,26.4,0,80,416345.6,407753.8,419768.1,420015.4
REC_003864,VIL_043,23-06-2025,6091,27,8.6,79.9,420015.4,415338.2,419066.6,370072
REC_003865,VIL_043,24-06-2025,6091,27.3,64.6,80.8,370072,406946.7,416775,380173.3
REC_003866,VIL_043,25-06-2025,6091,26.3,26,86.1,380173.3,400532.3,414286.8,365042.4
REC_003867,VIL_043,26-06-2025,6091,25.8,22,82.8,365042.4,392055.2,411972.3,378609.3
REC_003868,VIL_043,27-06-2025,6091,26.4,0,82,378609.3,393337.2,409894.3,419243.1
REC_003869,VIL_043,28-06-2025,6091,26.9,37.9,84.5,419243.1,392785.9,409413.7,365792.3
REC_003870,VIL_043,29-06-2025,6091,27.4,0,93.8,365792.3,385564,406294.9,421274.2
REC_003871,VIL_044,01-04-2025,6347,33.4,0,29.7,422566.3,444357.6,444089.4,454613.2
REC_003872,VIL_044,02-04-2025,6347,33.4,0,23.3,454613.2,444344.1,444841.5,480757.3
REC_003873,VIL_044,03-04-2025,6347,32.8,0,33.3,480757.3,449740.4,445980,451060.1
REC_003874,VIL_044,04-04-2025,6347,32,0,26.5,451060.1,452539.3,446416.9,445154.4
REC_003875,VIL_044,05-04-2025,6347,34.6,0,24.4,445154.4,452430.3,445755.6,470757.7
REC_003876,VIL_044,06-04-2025,6347,31.3,0,29.3,470757.7,453304.6,445951.4,465708.4
REC_003877,VIL_044,07-04-2025,6347,33.4,0,35.8,465708.4,455802.5,446748.7,461868.6
REC_003878,VIL_044,08-04-2025,6347,33.2,0,31.6,461868.6,461417.1,446897.6,463098.4
REC_003879,VIL_044,09-04-2025,6347,33.2,0,26,463098.4,462629.3,448245.4,469361.6
REC_003880,VIL_044,10-04-2025,6347,33.9,0,39.2,469361.6,461001.3,449010.3,456852.9
REC_003881,VIL_044,11-04-2025,6347,34.2,0,29.7,456852.9,461828.9,449068.7,483551.6
REC_003882,VIL_044,12-04-2025,6347,33.2,2.8,29.8,483551.6,467314.2,450796.7,466159.1
REC_003883,VIL_044,13-04-2025,6347,32.2,0,37.6,466159.1,466657.2,452175.5,458037.6
REC_003884,VIL_044,14-04-2025,6347,32.4,0,40.4,458037.6,465561.4,453143.3,470246.7
REC_003885,VIL_044,15-04-2025,6347,34.4,0,22.3,470246.7,466758.3,454094.7,486488.1
REC_003886,VIL_044,16-04-2025,6347,31.8,0,37.1,486488.1,470099.7,455491.9,454189.4
REC_003887,VIL_044,17-04-2025,6347,34,0,24.1,454189.4,467932.2,455998.2,461691.6
REC_003888,VIL_044,18-04-2025,6347,33,0,28.2,461691.6,468623.4,456667.2,473077.8
REC_003889,VIL_044,19-04-2025,6347,34.1,0,37.1,473077.8,467127.2,457670.9,468876.4
REC_003890,VIL_044,20-04-2025,6347,31.7,0,25.6,468876.4,467515.4,458091.4,467526
REC_003891,VIL_044,21-04-2025,6347,32.7,0,34.7,467526,468870.9,459450.5,474762.6
REC_003892,VIL_044,22-04-2025,6347,32.2,0,37.3,474762.6,469516,460068,448345.1
REC_003893,VIL_044,23-04-2025,6347,32.6,0,25.3,448345.1,464067,459923.8,474262.5
REC_003894,VIL_044,24-04-2025,6347,33,0,36.1,474262.5,466934.6,460565,460613.5
REC_003895,VIL_044,25-04-2025,6347,32.3,0,22.9,460613.5,466780.6,460761.9,463651.2
REC_003896,VIL_044,26-04-2025,6347,32.3,0,28.9,463651.2,465433.9,461450.8,446787.8
REC_003897,VIL_044,27-04-2025,6347,33.4,0,24.9,446787.8,462278.4,461961.5,477844.1
REC_003898,VIL_044,28-04-2025,6347,33.6,0,26.5,477844.1,463752.4,463025.7,472260.1
REC_003899,VIL_044,29-04-2025,6347,32.8,0,37,472260.1,463394.9,463279.8,466937.7
REC_003900,VIL_044,30-04-2025,6347,33,0,35.2,466937.7,466051,463903.6,475486.5
REC_003901,VIL_044,01-05-2025,6347,33.6,0,29.9,475486.5,466225.8,465667.6,468516.2
REC_003902,VIL_044,02-05-2025,6347,34,0,33.2,468516.2,467354.8,466131,468418.9
REC_003903,VIL_044,03-05-2025,6347,33.2,0,39.1,468418.9,468035.9,465719.8,475844.4
REC_003904,VIL_044,04-05-2025,6347,32.6,0,22.6,475844.4,472186.8,466545.9,468331.6
REC_003905,VIL_044,05-05-2025,6347,33.2,0,38.4,468331.6,470827.9,467318.5,478158.9
REC_003906,VIL_044,06-05-2025,6347,33.1,0,38.1,478158.9,471670.6,467565.2,477227.6
REC_003907,VIL_044,07-05-2025,6347,31.5,0,39.3,477227.6,473140.6,467949.2,451079.1
REC_003908,VIL_044,08-05-2025,6347,34,0.7,29.8,451079.1,469653.8,467589.5,469449.4
REC_003909,VIL_044,09-05-2025,6347,32.6,0,38.5,469449.4,469787.1,467801.2,454858.8
REC_003910,VIL_044,10-05-2025,6347,31.8,3.3,27.7,454858.8,467850,467317.8,460683.9
REC_003911,VIL_044,11-05-2025,6347,33.4,0,27.7,460683.9,465684.2,467445.5,463153.7
REC_003912,VIL_044,12-05-2025,6347,33.3,0,22.5,463153.7,464944.5,466765.5,474286.6
REC_003913,VIL_044,13-05-2025,6347,33.7,0,26.7,474286.6,464391.3,467036.5,458299.7
REC_003914,VIL_044,14-05-2025,6347,34,0,31.4,458299.7,461687.3,467045.2,460108.2
REC_003915,VIL_044,15-05-2025,6347,33.6,0,30.8,460108.2,462977.2,466707.2,459977.8
REC_003916,VIL_044,16-05-2025,6347,32.8,0,40.6,459977.8,461624.1,465823.6,451403.1
REC_003917,VIL_044,17-05-2025,6347,33.2,0,38.6,451403.1,461130.4,465730.7,468969.2
REC_003918,VIL_044,18-05-2025,6347,33,0,34.9,468969.2,462314,465973.3,454459.4
REC_003919,VIL_044,19-05-2025,6347,34.6,0,35.9,454459.4,461072,465352.7,465256.1
REC_003920,VIL_044,20-05-2025,6347,33.8,0,32.9,465256.1,459781.9,465232,455927
REC_003921,VIL_044,21-05-2025,6347,31.9,0,32.2,455927,459443,464845.4,464686.4
REC_003922,VIL_044,22-05-2025,6347,32.8,0,38.8,464686.4,460097,464509.5,471624.8
REC_003923,VIL_044,23-05-2025,6347,34,0,28.3,471624.8,461760.9,465285.5,461397.2
REC_003924,VIL_044,24-05-2025,6347,32.8,14.1,37.5,461397.2,463188.6,464856.6,413251
REC_003925,VIL_044,25-05-2025,6347,33.1,0,32.9,413251,455228.8,463277.9,463095.6
REC_003926,VIL_044,26-05-2025,6347,33.4,0,39.1,463095.6,456462.6,463259.4,459653
REC_003927,VIL_044,27-05-2025,6347,33.5,14,41,459653,455662.1,463688.2,414498.4
REC_003928,VIL_044,28-05-2025,6347,33.2,0,31.1,414498.4,449743.8,461576.7,456633.7
REC_003929,VIL_044,29-05-2025,6347,32.4,14.2,26.4,456633.7,448593.4,461055.8,411293.4
REC_003930,VIL_044,30-05-2025,6347,34.6,0,41.9,411293.4,439974.6,459201,462054.5
REC_003931,VIL_044,31-05-2025,6347,33,0,36.5,462054.5,440068.5,458753.3,477073.1
REC_003932,VIL_044,01-06-2025,6347,25.5,11.7,73.5,477073.1,449186,459038.5,380932
REC_003933,VIL_044,02-06-2025,6347,24.5,9.7,88.2,380932,437448.3,456122.3,392838.9
REC_003934,VIL_044,03-06-2025,6347,25.6,0,79.6,392838.9,427903.4,453355.4,455011.5
REC_003935,VIL_044,04-06-2025,6347,26.6,7.5,92.6,455011.5,433691,452911.4,379525.2
REC_003936,VIL_044,05-06-2025,6347,24.3,47.9,90.3,379525.2,422675.5,449623.6,390940.4
REC_003937,VIL_044,06-06-2025,6347,26.8,12.4,79.2,390940.4,419767.9,446747.4,387456.6
REC_003938,VIL_044,07-06-2025,6347,26.8,0,89.1,387456.6,409111.1,444626.6,446431.4
REC_003939,VIL_044,08-06-2025,6347,24.2,0,89.8,446431.4,404733.7,443859.4,436971.4
REC_003940,VIL_044,09-06-2025,6347,26,23.2,91.1,436971.4,412739.3,443263.1,380768.4
REC_003941,VIL_044,10-06-2025,6347,25.4,24.2,75.4,380768.4,411015,440599.3,393929.4
REC_003942,VIL_044,11-06-2025,6347,24.6,0,87,393929.4,402289,438291.8,442073.4
REC_003943,VIL_044,12-06-2025,6347,25.8,0,84.9,442073.4,411224.4,437218,447555.1
REC_003944,VIL_044,13-06-2025,6347,26.2,21.1,86.6,447555.1,419312.2,436859.9,384184.9
REC_003945,VIL_044,14-06-2025,6347,26.3,11,83.5,384184.9,418844.9,434329.1,387192.3
REC_003946,VIL_044,15-06-2025,6347,25.6,0,82.5,387192.3,410382.1,431902.9,445934.3
REC_003947,VIL_044,16-06-2025,6347,26.6,0,88.6,445934.3,411662.5,431720.6,446772.1
REC_003948,VIL_044,17-06-2025,6347,26.3,29.7,74.3,446772.1,421091.6,430980.7,387979.9
REC_003949,VIL_044,18-06-2025,6347,25.8,0,72.2,387979.9,420241.7,428764.7,438426.8
REC_003950,VIL_044,19-06-2025,6347,26,0,88,438426.8,419720.8,427870.4,438257.4
REC_003951,VIL_044,20-06-2025,6347,26.2,0,79.6,438257.4,418392.5,427281.4,435618.3
REC_003952,VIL_044,21-06-2025,6347,26.4,31.6,71.1,435618.3,425740.2,426312.5,386879.5
REC_003953,VIL_044,22-06-2025,6347,26,8.1,87.4,386879.5,425695.5,423487.6,383924.5
REC_003954,VIL_044,23-06-2025,6347,26.6,0,76.1,383924.5,416836.9,420905.2,447857.2
REC_003955,VIL_044,24-06-2025,6347,24.5,5.6,85.1,447857.2,416991.9,422058.8,392595.4
REC_003956,VIL_044,25-06-2025,6347,24.5,0,72.9,392595.4,417651.3,419708.7,441160.1
REC_003957,VIL_044,26-06-2025,6347,25.5,12.7,79.3,441160.1,418041.8,419092.3,386889.4
REC_003958,VIL_044,27-06-2025,6347,25.3,2.3,93.1,386889.4,410703.5,418172,437295.5
REC_003959,VIL_044,28-06-2025,6347,26,0,93.6,437295.5,410943.1,417527.4,445235.2
REC_003960,VIL_044,29-06-2025,6347,24.8,20.4,71.7,445235.2,419279.6,418658.8,400802
REC_003961,VIL_045,01-04-2025,6939,33.6,0,37.8,482204.7,475176.2,484883.5,525224.1
REC_003962,VIL_045,02-04-2025,6939,34.4,0,40.8,525224.1,484021,485899.3,511137.3
REC_003963,VIL_045,03-04-2025,6939,34.2,0,26.2,511137.3,489211.5,486350.4,514074.3
REC_003964,VIL_045,04-04-2025,6939,33.5,0,38.6,514074.3,490937.1,486753.9,499020.6
REC_003965,VIL_045,05-04-2025,6939,34.7,0,27.6,499020.6,494265.9,487437.1,519773.4
REC_003966,VIL_045,06-04-2025,6939,33.8,0,25.4,519773.4,502203.9,489279.6,519471.2
REC_003967,VIL_045,07-04-2025,6939,34.7,0,37.8,519471.2,510129.4,490205.9,512834.2
REC_003968,VIL_045,08-04-2025,6939,34.6,0,25.8,512834.2,514505,491613.4,512912
REC_003969,VIL_045,09-04-2025,6939,32.8,0,39.3,512912,512746.1,492407.7,516515.7
REC_003970,VIL_045,10-04-2025,6939,33.8,0,40.6,516515.7,513514.5,493046.1,498333.4
REC_003971,VIL_045,11-04-2025,6939,34.8,0.2,36.9,498333.4,511265.8,493007,524966.2
REC_003972,VIL_045,12-04-2025,6939,33.7,0,23.4,524966.2,514972.3,494635.7,509423.8
REC_003973,VIL_045,13-04-2025,6939,34.8,0,28.4,509423.8,513493.8,495405.4,514403.5
REC_003974,VIL_045,14-04-2025,6939,33.6,0,25.3,514403.5,512769.8,496165.3,516800.3
REC_003975,VIL_045,15-04-2025,6939,33.8,0,37,516800.3,513336.4,496683.7,523726.1
REC_003976,VIL_045,16-04-2025,6939,34.8,0,28.8,523726.1,514881.3,497527,522526.9
REC_003977,VIL_045,17-04-2025,6939,34.4,0,39.6,522526.9,515740,497963.5,503220.6
REC_003978,VIL_045,18-04-2025,6939,34.4,0,38.7,503220.6,516438.2,499343,516589
REC_003979,VIL_045,19-04-2025,6939,34,0,35.3,516589,515241.5,500472.8,513723.4
REC_003980,VIL_045,20-04-2025,6939,33.5,0,31.7,513723.4,515855.7,501800.9,512574.3
REC_003981,VIL_045,21-04-2025,6939,33.7,0,36.7,512574.3,515594.4,503311.2,517946.9
REC_003982,VIL_045,22-04-2025,6939,35,0,36.8,517946.9,515758.2,503718.8,507100.2
REC_003983,VIL_045,23-04-2025,6939,33.4,0,29.5,507100.2,513383,503624.9,510563.9
REC_003984,VIL_045,24-04-2025,6939,32.4,0,30,510563.9,511674,504969.8,505882.6
REC_003985,VIL_045,25-04-2025,6939,34.2,0,25.1,505882.6,512054.3,506388.9,511478.1
REC_003986,VIL_045,26-04-2025,6939,33.6,0,38.6,511478.1,511324.2,507611.4,517131.2
REC_003987,VIL_045,27-04-2025,6939,32.4,0,30.4,517131.2,511811,508115.9,495009.2
REC_003988,VIL_045,28-04-2025,6939,34.5,0,35.3,495009.2,509301.7,508758.9,512835
REC_003989,VIL_045,29-04-2025,6939,33.6,0,32.9,512835,508571.5,510379.8,526174.1
REC_003990,VIL_045,30-04-2025,6939,33.4,0,27.6,526174.1,511296.3,512452.5,505848.6
REC_003991,VIL_045,01-05-2025,6939,34,0,34.9,505848.6,510622.7,513240.7,510131.8
REC_003992,VIL_045,02-05-2025,6939,33.4,0,36.7,510131.8,511229.7,512737.6,513432.9
REC_003993,VIL_045,03-05-2025,6939,34.1,0,41.6,513432.9,511509,512814.1,530172.6
REC_003994,VIL_045,04-05-2025,6939,34.2,0,41.8,530172.6,513372,513350.7,531296.8
REC_003995,VIL_045,05-05-2025,6939,34.2,0,25.8,531296.8,518556,514426.6,518798.8
REC_003996,VIL_045,06-05-2025,6939,33,0,35.1,518798.8,519407.9,514394.1,492393.3
REC_003997,VIL_045,07-05-2025,6939,34.4,0,23.2,492393.3,514582.1,513491.5,530235.5
REC_003998,VIL_045,08-05-2025,6939,33.1,0,22.5,530235.5,518066,514071.6,510458.6
REC_003999,VIL_045,09-05-2025,6939,34.1,0,26.4,510458.6,518112.6,513989.8,511456.8
REC_004000,VIL_045,10-05-2025,6939,35.2,0,28.8,511456.8,517830.3,513821.1,533959.3
REC_004001,VIL_045,11-05-2025,6939,33.2,0,32.5,533959.3,518371.3,515008.7,505985.7
REC_004002,VIL_045,12-05-2025,6939,32.6,0,30.9,505985.7,514755.4,514376,490564.1
REC_004003,VIL_045,13-05-2025,6939,33.2,0,22.1,490564.1,510721.9,513747.3,518851.5
REC_004004,VIL_045,14-05-2025,6939,34.1,0,23,518851.5,514501.6,513895.6,517021.1
REC_004005,VIL_045,15-05-2025,6939,34.6,0,33.5,517021.1,512613.9,513903,514202.8
REC_004006,VIL_045,16-05-2025,6939,33.9,0,41.1,514202.8,513148.8,513585.5,506460.6
REC_004007,VIL_045,17-05-2025,6939,33,0,40,506460.6,512435,513050,510444.5
REC_004008,VIL_045,18-05-2025,6939,32.6,0,36.8,510444.5,509075.8,513290.8,495833.1
REC_004009,VIL_045,19-05-2025,6939,33.2,0,23.3,495833.1,507625.4,512598.9,503665
REC_004010,VIL_045,20-05-2025,6939,33.8,0,22.2,503665,509496.9,512263.6,517622.4
REC_004011,VIL_045,21-05-2025,6939,33.7,2,37.8,517622.4,509321.4,512431.9,524424.8
REC_004012,VIL_045,22-05-2025,6939,35,0,24,524424.8,510379,512647.8,523190.2
REC_004013,VIL_045,23-05-2025,6939,33.6,0,32.9,523190.2,511662.9,513184.2,519918.5
REC_004014,VIL_045,24-05-2025,6939,34,0,25.5,519918.5,513585.5,513496,523000.4
REC_004015,VIL_045,25-05-2025,6939,34.8,0,28.5,523000.4,515379.2,514066.6,525837.3
REC_004016,VIL_045,26-05-2025,6939,33,0,33,525837.3,519665.5,514545.2,499847.3
REC_004017,VIL_045,27-05-2025,6939,34,0,34.1,499847.3,519120.1,513969.1,526204.8
REC_004018,VIL_045,28-05-2025,6939,32.1,0,28,526204.8,520346.2,515008.9,499114.8
REC_004019,VIL_045,29-05-2025,6939,34.6,0,36.7,499114.8,516730.5,514551.6,505045.4
REC_004020,VIL_045,30-05-2025,6939,33.4,0,38.2,505045.4,514138.4,513847.3,502679.7
REC_004021,VIL_045,31-05-2025,6939,34.3,0.4,39.4,502679.7,511675.7,513741.7,525297.8
REC_004022,VIL_045,01-06-2025,6939,25.4,15.8,90.2,525297.8,512003.9,514247.2,416392.2
REC_004023,VIL_045,02-06-2025,6939,26.4,6.5,77,416392.2,496368.9,511012.5,418398.5
REC_004024,VIL_045,03-06-2025,6939,25.2,0,87.2,418398.5,484733.3,507286.7,491390.5
REC_004025,VIL_045,04-06-2025,6939,27.9,8.5,92.5,491390.5,479759.8,505956.5,437511.3
REC_004026,VIL_045,05-06-2025,6939,26,0,76.5,437511.3,470959.3,503246.9,489627.5
REC_004027,VIL_045,06-06-2025,6939,26.7,9.7,87.3,489627.5,468756.8,503154.7,420320.1
REC_004028,VIL_045,07-06-2025,6939,26.8,0,81.2,420320.1,456991.1,499490.9,472714.8
REC_004029,VIL_045,08-06-2025,6939,27.4,0,70.8,472714.8,449479.3,498232.8,489085.2
REC_004030,VIL_045,09-06-2025,6939,27.2,8.7,78.8,489085.2,459864,497487,415834.7
REC_004031,VIL_045,10-06-2025,6939,26.8,0,84.5,415834.7,459497.7,493549.6,489015.1
REC_004032,VIL_045,11-06-2025,6939,26,0,85.5,489015.1,459158.4,492983.9,477732.4
REC_004033,VIL_045,12-06-2025,6939,26,0,92.7,477732.4,464904.3,492556.1,497523.2
REC_004034,VIL_045,13-06-2025,6939,26.8,0,84.9,497523.2,466032.2,491845.2,485004.1
REC_004035,VIL_045,14-06-2025,6939,26.4,0,72.6,485004.1,475272.8,490778,477684.5
REC_004036,VIL_045,15-06-2025,6939,27.4,21.6,79.5,477684.5,475982.7,489560.7,436499.4
REC_004037,VIL_045,16-06-2025,6939,27.3,0,88.8,436499.4,468470.5,487228.7,478561.7
REC_004038,VIL_045,17-06-2025,6939,26.8,0,92.9,478561.7,477431.5,486165.9,480093.6
REC_004039,VIL_045,18-06-2025,6939,26.4,0,91.7,480093.6,476157,485641.2,495472.1
REC_004040,VIL_045,19-06-2025,6939,27,7.1,90.2,495472.1,478691.2,485368.1,422538.6
REC_004041,VIL_045,20-06-2025,6939,26,0,78.7,422538.6,467979.1,482198.7,483111.8
REC_004042,VIL_045,21-06-2025,6939,25.2,0,79.4,483111.8,467708.8,480821.6,481290.4
REC_004043,VIL_045,22-06-2025,6939,26.4,0,80,481290.4,468223.9,479424.9,474550.4
REC_004044,VIL_045,23-06-2025,6939,27,8.6,79.9,474550.4,473659.8,477912.7,415616.7
REC_004045,VIL_045,24-06-2025,6939,27.3,64.6,80.8,415616.7,464667.7,474333.2,433201.1
REC_004046,VIL_045,25-06-2025,6939,26.3,26,86.1,433201.1,457968.7,471245.3,431164.7
REC_004047,VIL_045,26-06-2025,6939,25.8,22,82.8,431164.7,448782,468955.9,421860.8
REC_004048,VIL_045,27-06-2025,6939,26.4,0,82,421860.8,448685.1,465477.8,479773
REC_004049,VIL_045,28-06-2025,6939,26.9,37.9,84.5,479773,448208.2,464833,438855.3
REC_004050,VIL_045,29-06-2025,6939,27.4,0,93.8,438855.3,442146,462626.7,499942.6
