allocation_id,date,village_id,predicted_demand_l,requested_water_l,allocated_water_l,shortage_l,satisfaction_ratio,priority_score
ALC_000001,2025-04-01,VIL_001,590500.1,590500.1,590500.1,0.0,1.0,0.753
ALC_000002,2025-04-02,VIL_001,588278.8,588278.8,305905.0,282373.8,0.52,0.753
ALC_000003,2025-04-03,VIL_001,564960.4,564960.4,564960.4,0.0,1.0,0.753
ALC_000004,2025-04-04,VIL_001,612226.4,612226.4,612226.4,0.0,1.0,0.753
ALC_000005,2025-04-05,VIL_001,573919.0,573919.0,573919.0,0.0,1.0,0.753
ALC_000006,2025-04-06,VIL_001,587176.6,587176.6,587176.6,0.0,1.0,0.753
ALC_000007,2025-04-07,VIL_001,579924.9,579924.9,579924.9,0.0,1.0,0.753
ALC_000008,2025-04-08,VIL_001,565555.2,565555.2,565555.2,0.0,1.0,0.753
ALC_000009,2025-04-09,VIL_001,578471.5,578471.5,456992.5,121479.0,0.79,0.753
ALC_000010,2025-04-10,VIL_001,585317.7,585317.7,585317.7,0.0,1.0,0.753
ALC_000011,2025-04-11,VIL_001,598232.3,598232.3,598232.3,0.0,1.0,0.753
ALC_000012,2025-04-12,VIL_001,604396.6,604396.6,417033.7,187362.9,0.69,0.753
ALC_000013,2025-04-13,VIL_001,612409.4,612409.4,440934.8,171474.6,0.72,0.753
ALC_000014,2025-04-14,VIL_001,603794.6,603794.6,603794.6,0.0,1.0,0.753
ALC_000015,2025-04-15,VIL_001,613972.9,613972.9,613972.9,0.0,1.0,0.753
ALC_000016,2025-04-16,VIL_001,590403.0,590403.0,590403.0,0.0,1.0,0.753
ALC_000017,2025-04-17,VIL_001,579895.9,579895.9,388530.3,191365.6,0.67,0.753
ALC_000018,2025-04-18,VIL_001,614812.9,614812.9,614812.9,0.0,1.0,0.753
ALC_000019,2025-04-19,VIL_001,615322.9,615322.9,535330.9,79992.0,0.87,0.753
ALC_000020,2025-04-20,VIL_001,585979.0,585979.0,585979.0,0.0,1.0,0.753
ALC_000021,2025-04-21,VIL_001,552792.4,552792.4,442233.9,110558.5,0.8,0.753
ALC_000022,2025-04-22,VIL_001,606783.3,606783.3,309459.5,297323.8,0.51,0.753
ALC_000023,2025-04-23,VIL_001,590760.9,590760.9,336733.7,254027.2,0.57,0.753
ALC_000024,2025-04-24,VIL_001,575883.7,575883.7,575883.7,0.0,1.0,0.753
ALC_000025,2025-04-25,VIL_001,573162.3,573162.3,573162.3,0.0,1.0,0.753
ALC_000026,2025-04-26,VIL_001,559454.4,559454.4,324483.6,234970.8,0.58,0.753
ALC_000027,2025-04-27,VIL_001,565951.7,565951.7,379187.6,186764.1,0.67,0.753
ALC_000028,2025-04-28,VIL_001,583131.6,583131.6,332385.0,250746.6,0.57,0.753
ALC_000029,2025-04-29,VIL_001,611845.1,611845.1,611845.1,0.0,1.0,0.753
ALC_000030,2025-04-30,VIL_001,596844.9,596844.9,370043.8,226801.1,0.62,0.753
ALC_000031,2025-05-01,VIL_001,574718.8,574718.8,448280.7,126438.1,0.78,0.753
ALC_000032,2025-05-02,VIL_001,589173.3,589173.3,430096.5,159076.8,0.73,0.753
ALC_000033,2025-05-03,VIL_001,578172.4,578172.4,578172.4,0.0,1.0,0.753
ALC_000034,2025-05-04,VIL_001,586673.7,586673.7,586673.7,0.0,1.0,0.753
ALC_000035,2025-05-05,VIL_001,599466.0,599466.0,599466.0,0.0,1.0,0.753
ALC_000036,2025-05-06,VIL_001,567183.2,567183.2,567183.2,0.0,1.0,0.753
ALC_000037,2025-05-07,VIL_001,591183.5,591183.5,591183.5,0.0,1.0,0.753
ALC_000038,2025-05-08,VIL_001,561172.0,561172.0,561172.0,0.0,1.0,0.753
ALC_000039,2025-05-09,VIL_001,611755.9,611755.9,611755.9,0.0,1.0,0.753
ALC_000040,2025-05-10,VIL_001,592333.4,592333.4,592333.4,0.0,1.0,0.753
ALC_000041,2025-05-11,VIL_001,578496.7,578496.7,578496.7,0.0,1.0,0.753
ALC_000042,2025-05-12,VIL_001,576691.3,576691.3,576691.3,0.0,1.0,0.753
ALC_000043,2025-05-13,VIL_001,598236.9,598236.9,598236.9,0.0,1.0,0.753
ALC_000044,2025-05-14,VIL_001,598416.3,598416.3,598416.3,0.0,1.0,0.753
ALC_000045,2025-05-15,VIL_001,577533.1,577533.1,577533.1,0.0,1.0,0.753
ALC_000046,2025-05-16,VIL_001,597868.6,597868.6,454380.1,143488.5,0.76,0.753
ALC_000047,2025-05-17,VIL_001,577217.7,577217.7,577217.7,0.0,1.0,0.753
ALC_000048,2025-05-18,VIL_001,575832.8,575832.8,454907.9,120924.9,0.79,0.753
ALC_000049,2025-05-19,VIL_001,555621.8,555621.8,555621.8,0.0,1.0,0.753
ALC_000050,2025-05-20,VIL_001,581678.6,581678.6,424625.4,157053.2,0.73,0.753
ALC_000051,2025-05-21,VIL_001,595561.5,595561.5,595561.5,0.0,1.0,0.753
ALC_000052,2025-05-22,VIL_001,586831.1,586831.1,586831.1,0.0,1.0,0.753
ALC_000053,2025-05-23,VIL_001,594757.6,594757.6,594757.6,0.0,1.0,0.753
ALC_000054,2025-05-24,VIL_001,586749.2,586749.2,586749.2,0.0,1.0,0.753
ALC_000055,2025-05-25,VIL_001,611195.9,611195.9,611195.9,0.0,1.0,0.753
ALC_000056,2025-05-26,VIL_001,589590.6,589590.6,495256.1,94334.5,0.84,0.753
ALC_000057,2025-05-27,VIL_001,577128.0,577128.0,352048.1,225079.9,0.61,0.753
ALC_000058,2025-05-28,VIL_001,582212.8,582212.8,582212.8,0.0,1.0,0.753
ALC_000059,2025-05-29,VIL_001,607455.2,607455.2,607455.2,0.0,1.0,0.753
ALC_000060,2025-05-30,VIL_001,571347.9,571347.9,571347.9,0.0,1.0,0.753
ALC_000061,2025-05-31,VIL_001,581551.0,581551.0,581551.0,0.0,1.0,0.753
ALC_000062,2025-06-01,VIL_001,490178.3,490178.3,343124.8,147053.5,0.7,0.753
ALC_000063,2025-06-02,VIL_001,488443.0,488443.0,488443.0,0.0,1.0,0.753
ALC_000064,2025-06-03,VIL_001,562770.6,562770.6,382684.0,180086.6,0.68,0.753
ALC_000065,2025-06-04,VIL_001,484000.1,484000.1,343640.1,140360.0,0.71,0.753
ALC_000066,2025-06-05,VIL_001,552416.6,552416.6,336974.1,215442.5,0.61,0.753
ALC_000067,2025-06-06,VIL_001,494342.8,494342.8,494342.8,0.0,1.0,0.753
ALC_000068,2025-06-07,VIL_001,551026.3,551026.3,551026.3,0.0,1.0,0.753
ALC_000069,2025-06-08,VIL_001,581467.4,581467.4,581467.4,0.0,1.0,0.753
ALC_000070,2025-06-09,VIL_001,505589.6,505589.6,409527.6,96062.0,0.81,0.753
ALC_000071,2025-06-10,VIL_001,550878.7,550878.7,358071.2,192807.5,0.65,0.753
ALC_000072,2025-06-11,VIL_001,562390.2,562390.2,562390.2,0.0,1.0,0.753
ALC_000073,2025-06-12,VIL_001,547472.8,547472.8,361332.0,186140.8,0.66,0.753
ALC_000074,2025-06-13,VIL_001,550372.4,550372.4,390764.4,159608.0,0.71,0.753
ALC_000075,2025-06-14,VIL_001,589227.8,589227.8,589227.8,0.0,1.0,0.753
ALC_000076,2025-06-15,VIL_001,471818.6,471818.6,471818.6,0.0,1.0,0.753
ALC_000077,2025-06-16,VIL_001,584799.6,584799.6,584799.6,0.0,1.0,0.753
ALC_000078,2025-06-17,VIL_001,577792.4,577792.4,577792.4,0.0,1.0,0.753
ALC_000079,2025-06-18,VIL_001,570950.4,570950.4,359698.8,211251.6,0.63,0.753
ALC_000080,2025-06-19,VIL_001,513489.0,513489.0,513489.0,0.0,1.0,0.753
ALC_000081,2025-06-20,VIL_001,549816.3,549816.3,549816.3,0.0,1.0,0.753
ALC_000082,2025-06-21,VIL_001,557573.6,557573.6,557573.6,0.0,1.0,0.753
ALC_000083,2025-06-22,VIL_001,542383.2,542383.2,542383.2,0.0,1.0,0.753
ALC_000084,2025-06-23,VIL_001,489845.6,489845.6,264516.6,225329.0,0.54,0.753
ALC_000085,2025-06-24,VIL_001,521797.7,521797.7,521797.7,0.0,1.0,0.753
ALC_000086,2025-06-25,VIL_001,502479.6,502479.6,502479.6,0.0,1.0,0.753
ALC_000087,2025-06-26,VIL_001,478095.4,478095.4,478095.4,0.0,1.0,0.753
ALC_000088,2025-06-27,VIL_001,536837.7,536837.7,305997.5,230840.2,0.57,0.753
ALC_000089,2025-06-28,VIL_001,483783.6,483783.6,483783.6,0.0,1.0,0.753
ALC_000090,2025-06-29,VIL_001,556663.5,556663.5,556663.5,0.0,1.0,0.753
ALC_000091,2025-04-01,VIL_002,481812.0,481812.0,481812.0,0.0,1.0,0.392
ALC_000092,2025-04-02,VIL_002,500790.0,500790.0,500790.0,0.0,1.0,0.392
ALC_000093,2025-04-03,VIL_002,505669.1,505669.1,318571.5,187097.6,0.63,0.392
ALC_000094,2025-04-04,VIL_002,491722.1,491722.1,491722.1,0.0,1.0,0.392
ALC_000095,2025-04-05,VIL_002,533389.2,533389.2,288030.2,245359.0,0.54,0.392
ALC_000096,2025-04-06,VIL_002,480952.4,480952.4,480952.4,0.0,1.0,0.392
ALC_000097,2025-04-07,VIL_002,504972.2,504972.2,318132.5,186839.7,0.63,0.392
ALC_000098,2025-04-08,VIL_002,506395.3,506395.3,506395.3,0.0,1.0,0.392
ALC_000099,2025-04-09,VIL_002,507992.9,507992.9,340355.2,167637.7,0.67,0.392
ALC_000100,2025-04-10,VIL_002,488115.8,488115.8,331918.7,156197.1,0.68,0.392
ALC_000101,2025-04-11,VIL_002,510816.8,510816.8,510816.8,0.0,1.0,0.392
ALC_000102,2025-04-12,VIL_002,487122.6,487122.6,404311.8,82810.8,0.83,0.392
ALC_000103,2025-04-13,VIL_002,481290.1,481290.1,481290.1,0.0,1.0,0.392
ALC_000104,2025-04-14,VIL_002,513651.5,513651.5,513651.5,0.0,1.0,0.392
ALC_000105,2025-04-15,VIL_002,506354.6,506354.6,506354.6,0.0,1.0,0.392
ALC_000106,2025-04-16,VIL_002,475167.8,475167.8,327865.8,147302.0,0.69,0.392
ALC_000107,2025-04-17,VIL_002,487166.6,487166.6,306915.0,180251.6,0.63,0.392
ALC_000108,2025-04-18,VIL_002,486535.6,486535.6,252998.5,233537.1,0.52,0.392
ALC_000109,2025-04-19,VIL_002,499231.9,499231.9,364439.3,134792.6,0.73,0.392
ALC_000110,2025-04-20,VIL_002,468659.9,468659.9,468659.9,0.0,1.0,0.392
ALC_000111,2025-04-21,VIL_002,493386.7,493386.7,493386.7,0.0,1.0,0.392
ALC_000112,2025-04-22,VIL_002,493094.5,493094.5,251478.2,241616.3,0.51,0.392
ALC_000113,2025-04-23,VIL_002,514400.3,514400.3,442384.3,72016.0,0.86,0.392
ALC_000114,2025-04-24,VIL_002,493756.9,493756.9,340692.3,153064.6,0.69,0.392
ALC_000115,2025-04-25,VIL_002,484571.9,484571.9,310126.0,174445.9,0.64,0.392
ALC_000116,2025-04-26,VIL_002,490993.1,490993.1,490993.1,0.0,1.0,0.392
ALC_000117,2025-04-27,VIL_002,488597.5,488597.5,405535.9,83061.6,0.83,0.392
ALC_000118,2025-04-28,VIL_002,494585.5,494585.5,494585.5,0.0,1.0,0.392
ALC_000119,2025-04-29,VIL_002,519974.4,519974.4,353582.6,166391.8,0.68,0.392
ALC_000120,2025-04-30,VIL_002,495485.0,495485.0,495485.0,0.0,1.0,0.392
ALC_000121,2025-05-01,VIL_002,495760.2,495760.2,381735.4,114024.8,0.77,0.392
ALC_000122,2025-05-02,VIL_002,485626.2,485626.2,485626.2,0.0,1.0,0.392
ALC_000123,2025-05-03,VIL_002,482389.1,482389.1,250842.3,231546.8,0.52,0.392
ALC_000124,2025-05-04,VIL_002,494770.7,494770.7,494770.7,0.0,1.0,0.392
ALC_000125,2025-05-05,VIL_002,509582.8,509582.8,509582.8,0.0,1.0,0.392
ALC_000126,2025-05-06,VIL_002,494856.8,494856.8,405782.6,89074.2,0.82,0.392
ALC_000127,2025-05-07,VIL_002,511645.0,511645.0,511645.0,0.0,1.0,0.392
ALC_000128,2025-05-08,VIL_002,517763.0,517763.0,300302.5,217460.5,0.58,0.392
ALC_000129,2025-05-09,VIL_002,508956.0,508956.0,330821.4,178134.6,0.65,0.392
ALC_000130,2025-05-10,VIL_002,504727.3,504727.3,408829.1,95898.2,0.81,0.392
ALC_000131,2025-05-11,VIL_002,487016.8,487016.8,487016.8,0.0,1.0,0.392
ALC_000132,2025-05-12,VIL_002,492689.9,492689.9,492689.9,0.0,1.0,0.392
ALC_000133,2025-05-13,VIL_002,508960.9,508960.9,346093.4,162867.5,0.68,0.392
ALC_000134,2025-05-14,VIL_002,499000.4,499000.4,499000.4,0.0,1.0,0.392
ALC_000135,2025-05-15,VIL_002,482386.9,482386.9,270136.7,212250.2,0.56,0.392
ALC_000136,2025-05-16,VIL_002,495908.7,495908.7,411604.2,84304.5,0.83,0.392
ALC_000137,2025-05-17,VIL_002,498143.9,498143.9,498143.9,0.0,1.0,0.392
ALC_000138,2025-05-18,VIL_002,509949.8,509949.8,413059.3,96890.5,0.81,0.392
ALC_000139,2025-05-19,VIL_002,499520.5,499520.5,499520.5,0.0,1.0,0.392
ALC_000140,2025-05-20,VIL_002,505560.6,505560.6,328614.4,176946.2,0.65,0.392
ALC_000141,2025-05-21,VIL_002,478183.0,478183.0,478183.0,0.0,1.0,0.392
ALC_000142,2025-05-22,VIL_002,488574.9,488574.9,312687.9,175887.0,0.64,0.392
ALC_000143,2025-05-23,VIL_002,510275.7,510275.7,510275.7,0.0,1.0,0.392
ALC_000144,2025-05-24,VIL_002,439621.7,439621.7,439621.7,0.0,1.0,0.392
ALC_000145,2025-05-25,VIL_002,465657.9,465657.9,311990.8,153667.1,0.67,0.392
ALC_000146,2025-05-26,VIL_002,499964.7,499964.7,349975.3,149989.4,0.7,0.392
ALC_000147,2025-05-27,VIL_002,464701.4,464701.4,464701.4,0.0,1.0,0.392
ALC_000148,2025-05-28,VIL_002,485954.8,485954.8,301292.0,184662.8,0.62,0.392
ALC_000149,2025-05-29,VIL_002,438301.4,438301.4,438301.4,0.0,1.0,0.392
ALC_000150,2025-05-30,VIL_002,476664.0,476664.0,400397.8,76266.2,0.84,0.392
ALC_000151,2025-05-31,VIL_002,512816.9,512816.9,512816.9,0.0,1.0,0.392
ALC_000152,2025-06-01,VIL_002,414958.4,414958.4,414958.4,0.0,1.0,0.392
ALC_000153,2025-06-02,VIL_002,399488.5,399488.5,287631.7,111856.8,0.72,0.392
ALC_000154,2025-06-03,VIL_002,458531.8,458531.8,385166.7,73365.1,0.84,0.392
ALC_000155,2025-06-04,VIL_002,404777.6,404777.6,404777.6,0.0,1.0,0.392
ALC_000156,2025-06-05,VIL_002,418735.3,418735.3,418735.3,0.0,1.0,0.392
ALC_000157,2025-06-06,VIL_002,413833.4,413833.4,413833.4,0.0,1.0,0.392
ALC_000158,2025-06-07,VIL_002,462244.1,462244.1,462244.1,0.0,1.0,0.392
ALC_000159,2025-06-08,VIL_002,490157.6,490157.6,298996.1,191161.5,0.61,0.392
ALC_000160,2025-06-09,VIL_002,419972.3,419972.3,419972.3,0.0,1.0,0.392
ALC_000161,2025-06-10,VIL_002,404631.1,404631.1,218500.8,186130.3,0.54,0.392
ALC_000162,2025-06-11,VIL_002,467140.1,467140.1,467140.1,0.0,1.0,0.392
ALC_000163,2025-06-12,VIL_002,468072.5,468072.5,468072.5,0.0,1.0,0.392
ALC_000164,2025-06-13,VIL_002,443795.9,443795.9,443795.9,0.0,1.0,0.392
ALC_000165,2025-06-14,VIL_002,415350.9,415350.9,269978.1,145372.8,0.65,0.392
ALC_000166,2025-06-15,VIL_002,472902.7,472902.7,283741.6,189161.1,0.6,0.392
ALC_000167,2025-06-16,VIL_002,466507.1,466507.1,326555.0,139952.1,0.7,0.392
ALC_000168,2025-06-17,VIL_002,423234.1,423234.1,253940.5,169293.6,0.6,0.392
ALC_000169,2025-06-18,VIL_002,486191.8,486191.8,340334.3,145857.5,0.7,0.392
ALC_000170,2025-06-19,VIL_002,473562.8,473562.8,374114.6,99448.2,0.79,0.392
ALC_000171,2025-06-20,VIL_002,494733.8,494733.8,252314.2,242419.6,0.51,0.392
ALC_000172,2025-06-21,VIL_002,434401.4,434401.4,351865.1,82536.3,0.81,0.392
ALC_000173,2025-06-22,VIL_002,419054.2,419054.2,230479.8,188574.4,0.55,0.392
ALC_000174,2025-06-23,VIL_002,488242.0,488242.0,488242.0,0.0,1.0,0.392
ALC_000175,2025-06-24,VIL_002,430476.1,430476.1,430476.1,0.0,1.0,0.392
ALC_000176,2025-06-25,VIL_002,475116.4,475116.4,394346.6,80769.8,0.83,0.392
ALC_000177,2025-06-26,VIL_002,435451.4,435451.4,435451.4,0.0,1.0,0.392
ALC_000178,2025-06-27,VIL_002,461610.9,461610.9,461610.9,0.0,1.0,0.392
ALC_000179,2025-06-28,VIL_002,464594.2,464594.2,408842.9,55751.3,0.88,0.392
ALC_000180,2025-06-29,VIL_002,399955.1,399955.1,335962.3,63992.8,0.84,0.392
ALC_000181,2025-04-01,VIL_003,273337.4,273337.4,273337.4,0.0,1.0,0.423
ALC_000182,2025-04-02,VIL_003,295010.9,295010.9,194707.2,100303.7,0.66,0.423
ALC_000183,2025-04-03,VIL_003,289647.5,289647.5,289647.5,0.0,1.0,0.423
ALC_000184,2025-04-04,VIL_003,290233.3,290233.3,290233.3,0.0,1.0,0.423
ALC_000185,2025-04-05,VIL_003,280473.7,280473.7,241207.4,39266.3,0.86,0.423
ALC_000186,2025-04-06,VIL_003,276151.0,276151.0,223682.3,52468.7,0.81,0.423
ALC_000187,2025-04-07,VIL_003,290047.0,290047.0,290047.0,0.0,1.0,0.423
ALC_000188,2025-04-08,VIL_003,275914.5,275914.5,275914.5,0.0,1.0,0.423
ALC_000189,2025-04-09,VIL_003,287653.9,287653.9,287653.9,0.0,1.0,0.423
ALC_000190,2025-04-10,VIL_003,291388.7,291388.7,291388.7,0.0,1.0,0.423
ALC_000191,2025-04-11,VIL_003,292042.9,292042.9,292042.9,0.0,1.0,0.423
ALC_000192,2025-04-12,VIL_003,270626.1,270626.1,224619.7,46006.4,0.83,0.423
ALC_000193,2025-04-13,VIL_003,267857.9,267857.9,150000.4,117857.5,0.56,0.423
ALC_000194,2025-04-14,VIL_003,274440.1,274440.1,170152.9,104287.2,0.62,0.423
ALC_000195,2025-04-15,VIL_003,310345.5,310345.5,310345.5,0.0,1.0,0.423
ALC_000196,2025-04-16,VIL_003,275904.6,275904.6,215205.6,60699.0,0.78,0.423
ALC_000197,2025-04-17,VIL_003,296612.3,296612.3,296612.3,0.0,1.0,0.423
ALC_000198,2025-04-18,VIL_003,272379.5,272379.5,272379.5,0.0,1.0,0.423
ALC_000199,2025-04-19,VIL_003,304550.6,304550.6,304550.6,0.0,1.0,0.423
ALC_000200,2025-04-20,VIL_003,277508.3,277508.3,277508.3,0.0,1.0,0.423
ALC_000201,2025-04-21,VIL_003,289890.2,289890.2,289890.2,0.0,1.0,0.423
ALC_000202,2025-04-22,VIL_003,273370.4,273370.4,273370.4,0.0,1.0,0.423
ALC_000203,2025-04-23,VIL_003,285370.4,285370.4,285370.4,0.0,1.0,0.423
ALC_000204,2025-04-24,VIL_003,286400.1,286400.1,214800.1,71600.0,0.75,0.423
ALC_000205,2025-04-25,VIL_003,290993.7,290993.7,290993.7,0.0,1.0,0.423
ALC_000206,2025-04-26,VIL_003,278291.8,278291.8,214284.7,64007.1,0.77,0.423
ALC_000207,2025-04-27,VIL_003,295482.7,295482.7,295482.7,0.0,1.0,0.423
ALC_000208,2025-04-28,VIL_003,289646.4,289646.4,289646.4,0.0,1.0,0.423
ALC_000209,2025-04-29,VIL_003,281963.7,281963.7,281963.7,0.0,1.0,0.423
ALC_000210,2025-04-30,VIL_003,288528.5,288528.5,181773.0,106755.5,0.63,0.423
ALC_000211,2025-05-01,VIL_003,298364.0,298364.0,298364.0,0.0,1.0,0.423
ALC_000212,2025-05-02,VIL_003,282272.2,282272.2,282272.2,0.0,1.0,0.423
ALC_000213,2025-05-03,VIL_003,294050.6,294050.6,294050.6,0.0,1.0,0.423
ALC_000214,2025-05-04,VIL_003,279055.6,279055.6,279055.6,0.0,1.0,0.423
ALC_000215,2025-05-05,VIL_003,272676.1,272676.1,160878.9,111797.2,0.59,0.423
ALC_000216,2025-05-06,VIL_003,301170.6,301170.6,240936.5,60234.1,0.8,0.423
ALC_000217,2025-05-07,VIL_003,270994.7,270994.7,270994.7,0.0,1.0,0.423
ALC_000218,2025-05-08,VIL_003,292340.2,292340.2,292340.2,0.0,1.0,0.423
ALC_000219,2025-05-09,VIL_003,291663.5,291663.5,291663.5,0.0,1.0,0.423
ALC_000220,2025-05-10,VIL_003,288473.8,288473.8,155775.9,132697.9,0.54,0.423
ALC_000221,2025-05-11,VIL_003,280441.7,280441.7,280441.7,0.0,1.0,0.423
ALC_000222,2025-05-12,VIL_003,288879.8,288879.8,288879.8,0.0,1.0,0.423
ALC_000223,2025-05-13,VIL_003,281865.3,281865.3,281865.3,0.0,1.0,0.423
ALC_000224,2025-05-14,VIL_003,276238.5,276238.5,276238.5,0.0,1.0,0.423
ALC_000225,2025-05-15,VIL_003,302264.1,302264.1,302264.1,0.0,1.0,0.423
ALC_000226,2025-05-16,VIL_003,278639.4,278639.4,278639.4,0.0,1.0,0.423
ALC_000227,2025-05-17,VIL_003,287703.9,287703.9,287703.9,0.0,1.0,0.423
ALC_000228,2025-05-18,VIL_003,285508.2,285508.2,285508.2,0.0,1.0,0.423
ALC_000229,2025-05-19,VIL_003,300590.5,300590.5,300590.5,0.0,1.0,0.423
ALC_000230,2025-05-20,VIL_003,275310.5,275310.5,275310.5,0.0,1.0,0.423
ALC_000231,2025-05-21,VIL_003,284906.3,284906.3,284906.3,0.0,1.0,0.423
ALC_000232,2025-05-22,VIL_003,283324.8,283324.8,283324.8,0.0,1.0,0.423
ALC_000233,2025-05-23,VIL_003,299801.1,299801.1,299801.1,0.0,1.0,0.423
ALC_000234,2025-05-24,VIL_003,247792.3,247792.3,247792.3,0.0,1.0,0.423
ALC_000235,2025-05-25,VIL_003,289575.5,289575.5,289575.5,0.0,1.0,0.423
ALC_000236,2025-05-26,VIL_003,283155.0,283155.0,283155.0,0.0,1.0,0.423
ALC_000237,2025-05-27,VIL_003,258681.1,258681.1,152621.8,106059.3,0.59,0.423
ALC_000238,2025-05-28,VIL_003,271809.5,271809.5,271809.5,0.0,1.0,0.423
ALC_000239,2025-05-29,VIL_003,241648.1,241648.1,132906.5,108741.6,0.55,0.423
ALC_000240,2025-05-30,VIL_003,294317.1,294317.1,200135.6,94181.5,0.68,0.423
ALC_000241,2025-05-31,VIL_003,274068.1,274068.1,274068.1,0.0,1.0,0.423
ALC_000242,2025-06-01,VIL_003,250884.1,250884.1,250884.1,0.0,1.0,0.423
ALC_000243,2025-06-02,VIL_003,234440.2,234440.2,234440.2,0.0,1.0,0.423
ALC_000244,2025-06-03,VIL_003,269878.5,269878.5,180818.6,89059.9,0.67,0.423
ALC_000245,2025-06-04,VIL_003,234452.8,234452.8,234452.8,0.0,1.0,0.423
ALC_000246,2025-06-05,VIL_003,234659.3,234659.3,234659.3,0.0,1.0,0.423
ALC_000247,2025-06-06,VIL_003,238034.6,238034.6,238034.6,0.0,1.0,0.423
ALC_000248,2025-06-07,VIL_003,273682.6,273682.6,273682.6,0.0,1.0,0.423
ALC_000249,2025-06-08,VIL_003,270680.4,270680.4,270680.4,0.0,1.0,0.423
ALC_000250,2025-06-09,VIL_003,225069.0,225069.0,225069.0,0.0,1.0,0.423
ALC_000251,2025-06-10,VIL_003,242301.6,242301.6,242301.6,0.0,1.0,0.423
ALC_000252,2025-06-11,VIL_003,278266.9,278266.9,150264.1,128002.8,0.54,0.423
ALC_000253,2025-06-12,VIL_003,276802.0,276802.0,276802.0,0.0,1.0,0.423
ALC_000254,2025-06-13,VIL_003,240762.8,240762.8,240762.8,0.0,1.0,0.423
ALC_000255,2025-06-14,VIL_003,239343.9,239343.9,129245.7,110098.2,0.54,0.423
ALC_000256,2025-06-15,VIL_003,256400.6,256400.6,256400.6,0.0,1.0,0.423
ALC_000257,2025-06-16,VIL_003,264917.0,264917.0,264917.0,0.0,1.0,0.423
ALC_000258,2025-06-17,VIL_003,236441.7,236441.7,134771.8,101669.9,0.57,0.423
ALC_000259,2025-06-18,VIL_003,270244.5,270244.5,270244.5,0.0,1.0,0.423
ALC_000260,2025-06-19,VIL_003,274037.5,274037.5,227451.1,46586.4,0.83,0.423
ALC_000261,2025-06-20,VIL_003,282417.2,282417.2,282417.2,0.0,1.0,0.423
ALC_000262,2025-06-21,VIL_003,249900.7,249900.7,249900.7,0.0,1.0,0.423
ALC_000263,2025-06-22,VIL_003,242796.9,242796.9,242796.9,0.0,1.0,0.423
ALC_000264,2025-06-23,VIL_003,269989.1,269989.1,269989.1,0.0,1.0,0.423
ALC_000265,2025-06-24,VIL_003,235512.2,235512.2,235512.2,0.0,1.0,0.423
ALC_000266,2025-06-25,VIL_003,280164.9,280164.9,280164.9,0.0,1.0,0.423
ALC_000267,2025-06-26,VIL_003,241054.3,241054.3,144632.6,96421.7,0.6,0.423
ALC_000268,2025-06-27,VIL_003,270290.1,270290.1,154065.4,116224.7,0.57,0.423
ALC_000269,2025-06-28,VIL_003,269300.2,269300.2,148115.1,121185.1,0.55,0.423
ALC_000270,2025-06-29,VIL_003,230812.8,230812.8,230812.8,0.0,1.0,0.423
ALC_000271,2025-04-01,VIL_004,356327.1,356327.1,292188.2,64138.9,0.82,0.632
ALC_000272,2025-04-02,VIL_004,365773.8,365773.8,193860.1,171913.7,0.53,0.632
ALC_000273,2025-04-03,VIL_004,381467.8,381467.8,198363.3,183104.5,0.52,0.632
ALC_000274,2025-04-04,VIL_004,355292.5,355292.5,255810.6,99481.9,0.72,0.632
ALC_000275,2025-04-05,VIL_004,384513.2,384513.2,384513.2,0.0,1.0,0.632
ALC_000276,2025-04-06,VIL_004,363620.1,363620.1,363620.1,0.0,1.0,0.632
ALC_000277,2025-04-07,VIL_004,375786.5,375786.5,375786.5,0.0,1.0,0.632
ALC_000278,2025-04-08,VIL_004,366458.0,366458.0,366458.0,0.0,1.0,0.632
ALC_000279,2025-04-09,VIL_004,364898.2,364898.2,299216.5,65681.7,0.82,0.632
ALC_000280,2025-04-10,VIL_004,368846.1,368846.1,368846.1,0.0,1.0,0.632
ALC_000281,2025-04-11,VIL_004,359477.7,359477.7,359477.7,0.0,1.0,0.632
ALC_000282,2025-04-12,VIL_004,398378.5,398378.5,398378.5,0.0,1.0,0.632
ALC_000283,2025-04-13,VIL_004,376226.3,376226.3,270882.9,105343.4,0.72,0.632
ALC_000284,2025-04-14,VIL_004,366990.4,366990.4,366990.4,0.0,1.0,0.632
ALC_000285,2025-04-15,VIL_004,391054.5,391054.5,391054.5,0.0,1.0,0.632
ALC_000286,2025-04-16,VIL_004,367239.6,367239.6,187292.2,179947.4,0.51,0.632
ALC_000287,2025-04-17,VIL_004,368988.3,368988.3,368988.3,0.0,1.0,0.632
ALC_000288,2025-04-18,VIL_004,375324.8,375324.8,375324.8,0.0,1.0,0.632
ALC_000289,2025-04-19,VIL_004,358211.2,358211.2,358211.2,0.0,1.0,0.632
ALC_000290,2025-04-20,VIL_004,383107.9,383107.9,383107.9,0.0,1.0,0.632
ALC_000291,2025-04-21,VIL_004,353612.8,353612.8,353612.8,0.0,1.0,0.632
ALC_000292,2025-04-22,VIL_004,382261.0,382261.0,382261.0,0.0,1.0,0.632
ALC_000293,2025-04-23,VIL_004,384202.7,384202.7,207469.5,176733.2,0.54,0.632
ALC_000294,2025-04-24,VIL_004,355189.4,355189.4,355189.4,0.0,1.0,0.632
ALC_000295,2025-04-25,VIL_004,357988.6,357988.6,357988.6,0.0,1.0,0.632
ALC_000296,2025-04-26,VIL_004,358813.1,358813.1,358813.1,0.0,1.0,0.632
ALC_000297,2025-04-27,VIL_004,374675.8,374675.8,310980.9,63694.9,0.83,0.632
ALC_000298,2025-04-28,VIL_004,370603.9,370603.9,222362.3,148241.6,0.6,0.632
ALC_000299,2025-04-29,VIL_004,379793.2,379793.2,379793.2,0.0,1.0,0.632
ALC_000300,2025-04-30,VIL_004,370782.4,370782.4,370782.4,0.0,1.0,0.632
ALC_000301,2025-05-01,VIL_004,382192.5,382192.5,382192.5,0.0,1.0,0.632
ALC_000302,2025-05-02,VIL_004,360036.1,360036.1,360036.1,0.0,1.0,0.632
ALC_000303,2025-05-03,VIL_004,388771.1,388771.1,248813.5,139957.6,0.64,0.632
ALC_000304,2025-05-04,VIL_004,370299.0,370299.0,318457.1,51841.9,0.86,0.632
ALC_000305,2025-05-05,VIL_004,350868.1,350868.1,350868.1,0.0,1.0,0.632
ALC_000306,2025-05-06,VIL_004,354507.1,354507.1,216249.3,138257.8,0.61,0.632
ALC_000307,2025-05-07,VIL_004,365829.4,365829.4,365829.4,0.0,1.0,0.632
ALC_000308,2025-05-08,VIL_004,350486.0,350486.0,259359.6,91126.4,0.74,0.632
ALC_000309,2025-05-09,VIL_004,376047.6,376047.6,376047.6,0.0,1.0,0.632
ALC_000310,2025-05-10,VIL_004,356088.6,356088.6,356088.6,0.0,1.0,0.632
ALC_000311,2025-05-11,VIL_004,386705.7,386705.7,386705.7,0.0,1.0,0.632
ALC_000312,2025-05-12,VIL_004,378731.1,378731.1,204514.8,174216.3,0.54,0.632
ALC_000313,2025-05-13,VIL_004,370270.9,370270.9,370270.9,0.0,1.0,0.632
ALC_000314,2025-05-14,VIL_004,387685.5,387685.5,387685.5,0.0,1.0,0.632
ALC_000315,2025-05-15,VIL_004,369825.7,369825.7,369825.7,0.0,1.0,0.632
ALC_000316,2025-05-16,VIL_004,375776.2,375776.2,191645.9,184130.3,0.51,0.632
ALC_000317,2025-05-17,VIL_004,383550.9,383550.9,222459.5,161091.4,0.58,0.632
ALC_000318,2025-05-18,VIL_004,373922.6,373922.6,190700.5,183222.1,0.51,0.632
ALC_000319,2025-05-19,VIL_004,370821.2,370821.2,370821.2,0.0,1.0,0.632
ALC_000320,2025-05-20,VIL_004,377041.5,377041.5,377041.5,0.0,1.0,0.632
ALC_000321,2025-05-21,VIL_004,378374.5,378374.5,249727.2,128647.3,0.66,0.632
ALC_000322,2025-05-22,VIL_004,372002.6,372002.6,372002.6,0.0,1.0,0.632
ALC_000323,2025-05-23,VIL_004,373654.1,373654.1,373654.1,0.0,1.0,0.632
ALC_000324,2025-05-24,VIL_004,365597.4,365597.4,365597.4,0.0,1.0,0.632
ALC_000325,2025-05-25,VIL_004,373199.8,373199.8,268703.9,104495.9,0.72,0.632
ALC_000326,2025-05-26,VIL_004,381253.3,381253.3,221126.9,160126.4,0.58,0.632
ALC_000327,2025-05-27,VIL_004,376540.9,376540.9,199566.7,176974.2,0.53,0.632
ALC_000328,2025-05-28,VIL_004,370491.2,370491.2,288983.1,81508.1,0.78,0.632
ALC_000329,2025-05-29,VIL_004,345574.2,345574.2,345574.2,0.0,1.0,0.632
ALC_000330,2025-05-30,VIL_004,365703.5,365703.5,365703.5,0.0,1.0,0.632
ALC_000331,2025-05-31,VIL_004,376141.0,376141.0,236968.8,139172.2,0.63,0.632
ALC_000332,2025-06-01,VIL_004,357732.5,357732.5,225371.5,132361.0,0.63,0.632
ALC_000333,2025-06-02,VIL_004,307286.4,307286.4,165934.7,141351.7,0.54,0.632
ALC_000334,2025-06-03,VIL_004,359406.8,359406.8,359406.8,0.0,1.0,0.632
ALC_000335,2025-06-04,VIL_004,305992.2,305992.2,305992.2,0.0,1.0,0.632
ALC_000336,2025-06-05,VIL_004,353765.2,353765.2,353765.2,0.0,1.0,0.632
ALC_000337,2025-06-06,VIL_004,360285.5,360285.5,360285.5,0.0,1.0,0.632
ALC_000338,2025-06-07,VIL_004,371591.9,371591.9,371591.9,0.0,1.0,0.632
ALC_000339,2025-06-08,VIL_004,366850.2,366850.2,231115.6,135734.6,0.63,0.632
ALC_000340,2025-06-09,VIL_004,316812.8,316812.8,316812.8,0.0,1.0,0.632
ALC_000341,2025-06-10,VIL_004,352757.8,352757.8,352757.8,0.0,1.0,0.632
ALC_000342,2025-06-11,VIL_004,313113.7,313113.7,313113.7,0.0,1.0,0.632
ALC_000343,2025-06-12,VIL_004,303968.0,303968.0,212777.6,91190.4,0.7,0.632
ALC_000344,2025-06-13,VIL_004,298070.4,298070.4,298070.4,0.0,1.0,0.632
ALC_000345,2025-06-14,VIL_004,357287.3,357287.3,285829.8,71457.5,0.8,0.632
ALC_000346,2025-06-15,VIL_004,360311.6,360311.6,212583.8,147727.8,0.59,0.632
ALC_000347,2025-06-16,VIL_004,364051.9,364051.9,364051.9,0.0,1.0,0.632
ALC_000348,2025-06-17,VIL_004,307727.0,307727.0,249258.9,58468.1,0.81,0.632
ALC_000349,2025-06-18,VIL_004,314864.2,314864.2,226702.2,88162.0,0.72,0.632
ALC_000350,2025-06-19,VIL_004,360892.5,360892.5,360892.5,0.0,1.0,0.632
ALC_000351,2025-06-20,VIL_004,335361.8,335361.8,335361.8,0.0,1.0,0.632
ALC_000352,2025-06-21,VIL_004,334992.1,334992.1,334992.1,0.0,1.0,0.632
ALC_000353,2025-06-22,VIL_004,311172.7,311172.7,311172.7,0.0,1.0,0.632
ALC_000354,2025-06-23,VIL_004,362255.1,362255.1,362255.1,0.0,1.0,0.632
ALC_000355,2025-06-24,VIL_004,367933.1,367933.1,298025.8,69907.3,0.81,0.632
ALC_000356,2025-06-25,VIL_004,352872.8,352872.8,247011.0,105861.8,0.7,0.632
ALC_000357,2025-06-26,VIL_004,321920.4,321920.4,321920.4,0.0,1.0,0.632
ALC_000358,2025-06-27,VIL_004,355341.3,355341.3,355341.3,0.0,1.0,0.632
ALC_000359,2025-06-28,VIL_004,376185.1,376185.1,304709.9,71475.2,0.81,0.632
ALC_000360,2025-06-29,VIL_004,350967.1,350967.1,175483.5,175483.6,0.5,0.632
ALC_000361,2025-04-01,VIL_005,166599.6,166599.6,89963.8,76635.8,0.54,0.732
ALC_000362,2025-04-02,VIL_005,158381.0,158381.0,115618.1,42762.9,0.73,0.732
ALC_000363,2025-04-03,VIL_005,174219.9,174219.9,114985.1,59234.8,0.66,0.732
ALC_000364,2025-04-04,VIL_005,159187.8,159187.8,159187.8,0.0,1.0,0.732
ALC_000365,2025-04-05,VIL_005,169410.2,169410.2,169410.2,0.0,1.0,0.732
ALC_000366,2025-04-06,VIL_005,170303.2,170303.2,170303.2,0.0,1.0,0.732
ALC_000367,2025-04-07,VIL_005,164331.4,164331.4,164331.4,0.0,1.0,0.732
ALC_000368,2025-04-08,VIL_005,173392.2,173392.2,173392.2,0.0,1.0,0.732
ALC_000369,2025-04-09,VIL_005,163207.7,163207.7,163207.7,0.0,1.0,0.732
ALC_000370,2025-04-10,VIL_005,161747.7,161747.7,161747.7,0.0,1.0,0.732
ALC_000371,2025-04-11,VIL_005,162959.0,162959.0,84738.7,78220.3,0.52,0.732
ALC_000372,2025-04-12,VIL_005,167475.4,167475.4,167475.4,0.0,1.0,0.732
ALC_000373,2025-04-13,VIL_005,175148.3,175148.3,175148.3,0.0,1.0,0.732
ALC_000374,2025-04-14,VIL_005,161672.1,161672.1,161672.1,0.0,1.0,0.732
ALC_000375,2025-04-15,VIL_005,170946.8,170946.8,170946.8,0.0,1.0,0.732
ALC_000376,2025-04-16,VIL_005,158703.0,158703.0,158703.0,0.0,1.0,0.732
ALC_000377,2025-04-17,VIL_005,173797.3,173797.3,173797.3,0.0,1.0,0.732
ALC_000378,2025-04-18,VIL_005,172767.9,172767.9,172767.9,0.0,1.0,0.732
ALC_000379,2025-04-19,VIL_005,169286.5,169286.5,169286.5,0.0,1.0,0.732
ALC_000380,2025-04-20,VIL_005,171568.0,171568.0,126960.3,44607.7,0.74,0.732
ALC_000381,2025-04-21,VIL_005,168600.7,168600.7,168600.7,0.0,1.0,0.732
ALC_000382,2025-04-22,VIL_005,169636.3,169636.3,84818.1,84818.2,0.5,0.732
ALC_000383,2025-04-23,VIL_005,168377.6,168377.6,168377.6,0.0,1.0,0.732
ALC_000384,2025-04-24,VIL_005,157021.7,157021.7,106774.8,50246.9,0.68,0.732
ALC_000385,2025-04-25,VIL_005,161994.1,161994.1,103676.2,58317.9,0.64,0.732
ALC_000386,2025-04-26,VIL_005,160961.4,160961.4,160961.4,0.0,1.0,0.732
ALC_000387,2025-04-27,VIL_005,155049.6,155049.6,155049.6,0.0,1.0,0.732
ALC_000388,2025-04-28,VIL_005,169494.9,169494.9,96612.1,72882.8,0.57,0.732
ALC_000389,2025-04-29,VIL_005,163238.5,163238.5,83251.6,79986.9,0.51,0.732
ALC_000390,2025-04-30,VIL_005,164608.2,164608.2,164608.2,0.0,1.0,0.732
ALC_000391,2025-05-01,VIL_005,163602.7,163602.7,163602.7,0.0,1.0,0.732
ALC_000392,2025-05-02,VIL_005,158855.1,158855.1,158855.1,0.0,1.0,0.732
ALC_000393,2025-05-03,VIL_005,155859.5,155859.5,155859.5,0.0,1.0,0.732
ALC_000394,2025-05-04,VIL_005,157009.7,157009.7,157009.7,0.0,1.0,0.732
ALC_000395,2025-05-05,VIL_005,161276.8,161276.8,117732.1,43544.7,0.73,0.732
ALC_000396,2025-05-06,VIL_005,156570.1,156570.1,156570.1,0.0,1.0,0.732
ALC_000397,2025-05-07,VIL_005,169271.8,169271.8,108334.0,60937.8,0.64,0.732
ALC_000398,2025-05-08,VIL_005,152669.8,152669.8,152669.8,0.0,1.0,0.732
ALC_000399,2025-05-09,VIL_005,165369.2,165369.2,165369.2,0.0,1.0,0.732
ALC_000400,2025-05-10,VIL_005,171448.8,171448.8,150874.9,20573.9,0.88,0.732
ALC_000401,2025-05-11,VIL_005,167017.1,167017.1,111901.5,55115.6,0.67,0.732
ALC_000402,2025-05-12,VIL_005,169934.9,169934.9,169934.9,0.0,1.0,0.732
ALC_000403,2025-05-13,VIL_005,159613.4,159613.4,127690.7,31922.7,0.8,0.732
ALC_000404,2025-05-14,VIL_005,171368.1,171368.1,171368.1,0.0,1.0,0.732
ALC_000405,2025-05-15,VIL_005,166652.3,166652.3,166652.3,0.0,1.0,0.732
ALC_000406,2025-05-16,VIL_005,171032.4,171032.4,90647.2,80385.2,0.53,0.732
ALC_000407,2025-05-17,VIL_005,170033.7,170033.7,170033.7,0.0,1.0,0.732
ALC_000408,2025-05-18,VIL_005,167025.6,167025.6,167025.6,0.0,1.0,0.732
ALC_000409,2025-05-19,VIL_005,163938.1,163938.1,127871.7,36066.4,0.78,0.732
ALC_000410,2025-05-20,VIL_005,164383.8,164383.8,164383.8,0.0,1.0,0.732
ALC_000411,2025-05-21,VIL_005,165158.1,165158.1,165158.1,0.0,1.0,0.732
ALC_000412,2025-05-22,VIL_005,173742.3,173742.3,111195.1,62547.2,0.64,0.732
ALC_000413,2025-05-23,VIL_005,166632.4,166632.4,166632.4,0.0,1.0,0.732
ALC_000414,2025-05-24,VIL_005,166457.2,166457.2,166457.2,0.0,1.0,0.732
ALC_000415,2025-05-25,VIL_005,166212.8,166212.8,166212.8,0.0,1.0,0.732
ALC_000416,2025-05-26,VIL_005,166079.0,166079.0,166079.0,0.0,1.0,0.732
ALC_000417,2025-05-27,VIL_005,165883.2,165883.2,165883.2,0.0,1.0,0.732
ALC_000418,2025-05-28,VIL_005,159477.3,159477.3,98875.9,60601.4,0.62,0.732
ALC_000419,2025-05-29,VIL_005,165106.9,165106.9,165106.9,0.0,1.0,0.732
ALC_000420,2025-05-30,VIL_005,170738.2,170738.2,170738.2,0.0,1.0,0.732
ALC_000421,2025-05-31,VIL_005,166186.6,166186.6,166186.6,0.0,1.0,0.732
ALC_000422,2025-06-01,VIL_005,141004.9,141004.9,114214.0,26790.9,0.81,0.732
ALC_000423,2025-06-02,VIL_005,142516.8,142516.8,142516.8,0.0,1.0,0.732
ALC_000424,2025-06-03,VIL_005,153102.2,153102.2,153102.2,0.0,1.0,0.732
ALC_000425,2025-06-04,VIL_005,131145.7,131145.7,87867.6,43278.1,0.67,0.732
ALC_000426,2025-06-05,VIL_005,165583.3,165583.3,165583.3,0.0,1.0,0.732
ALC_000427,2025-06-06,VIL_005,139051.4,139051.4,139051.4,0.0,1.0,0.732
ALC_000428,2025-06-07,VIL_005,147742.9,147742.9,147742.9,0.0,1.0,0.732
ALC_000429,2025-06-08,VIL_005,150504.3,150504.3,108363.1,42141.2,0.72,0.732
ALC_000430,2025-06-09,VIL_005,142264.9,142264.9,142264.9,0.0,1.0,0.732
ALC_000431,2025-06-10,VIL_005,147300.0,147300.0,81015.0,66285.0,0.55,0.732
ALC_000432,2025-06-11,VIL_005,148843.2,148843.2,113120.8,35722.4,0.76,0.732
ALC_000433,2025-06-12,VIL_005,155917.2,155917.2,155917.2,0.0,1.0,0.732
ALC_000434,2025-06-13,VIL_005,160322.5,160322.5,139480.6,20841.9,0.87,0.732
ALC_000435,2025-06-14,VIL_005,151668.1,151668.1,151668.1,0.0,1.0,0.732
ALC_000436,2025-06-15,VIL_005,141185.4,141185.4,141185.4,0.0,1.0,0.732
ALC_000437,2025-06-16,VIL_005,150049.8,150049.8,150049.8,0.0,1.0,0.732
ALC_000438,2025-06-17,VIL_005,154770.5,154770.5,80480.7,74289.8,0.52,0.732
ALC_000439,2025-06-18,VIL_005,160294.9,160294.9,160294.9,0.0,1.0,0.732
ALC_000440,2025-06-19,VIL_005,131377.0,131377.0,131377.0,0.0,1.0,0.732
ALC_000441,2025-06-20,VIL_005,161873.1,161873.1,161873.1,0.0,1.0,0.732
ALC_000442,2025-06-21,VIL_005,158927.5,158927.5,158927.5,0.0,1.0,0.732
ALC_000443,2025-06-22,VIL_005,160612.1,160612.1,160612.1,0.0,1.0,0.732
ALC_000444,2025-06-23,VIL_005,144425.8,144425.8,144425.8,0.0,1.0,0.732
ALC_000445,2025-06-24,VIL_005,137275.1,137275.1,72755.8,64519.3,0.53,0.732
ALC_000446,2025-06-25,VIL_005,133395.6,133395.6,108050.4,25345.2,0.81,0.732
ALC_000447,2025-06-26,VIL_005,137669.0,137669.0,137669.0,0.0,1.0,0.732
ALC_000448,2025-06-27,VIL_005,159562.3,159562.3,159562.3,0.0,1.0,0.732
ALC_000449,2025-06-28,VIL_005,142710.3,142710.3,142710.3,0.0,1.0,0.732
ALC_000450,2025-06-29,VIL_005,149774.8,149774.8,149774.8,0.0,1.0,0.732
ALC_000451,2025-04-01,VIL_006,130939.8,130939.8,130939.8,0.0,1.0,0.603
ALC_000452,2025-04-02,VIL_006,129922.0,129922.0,129922.0,0.0,1.0,0.603
ALC_000453,2025-04-03,VIL_006,125165.9,125165.9,125165.9,0.0,1.0,0.603
ALC_000454,2025-04-04,VIL_006,121726.4,121726.4,86425.7,35300.7,0.71,0.603
ALC_000455,2025-04-05,VIL_006,125799.8,125799.8,101897.8,23902.0,0.81,0.603
ALC_000456,2025-04-06,VIL_006,129895.3,129895.3,129895.3,0.0,1.0,0.603
ALC_000457,2025-04-07,VIL_006,131638.0,131638.0,131638.0,0.0,1.0,0.603
ALC_000458,2025-04-08,VIL_006,124943.4,124943.4,124943.4,0.0,1.0,0.603
ALC_000459,2025-04-09,VIL_006,121695.9,121695.9,87621.0,34074.9,0.72,0.603
ALC_000460,2025-04-10,VIL_006,126323.0,126323.0,75793.8,50529.2,0.6,0.603
ALC_000461,2025-04-11,VIL_006,129980.8,129980.8,129980.8,0.0,1.0,0.603
ALC_000462,2025-04-12,VIL_006,129045.9,129045.9,91622.6,37423.3,0.71,0.603
ALC_000463,2025-04-13,VIL_006,123183.1,123183.1,88691.8,34491.3,0.72,0.603
ALC_000464,2025-04-14,VIL_006,127312.3,127312.3,70021.8,57290.5,0.55,0.603
ALC_000465,2025-04-15,VIL_006,125028.8,125028.8,81268.7,43760.1,0.65,0.603
ALC_000466,2025-04-16,VIL_006,124869.6,124869.6,62434.8,62434.8,0.5,0.603
ALC_000467,2025-04-17,VIL_006,126876.5,126876.5,126876.5,0.0,1.0,0.603
ALC_000468,2025-04-18,VIL_006,127277.5,127277.5,127277.5,0.0,1.0,0.603
ALC_000469,2025-04-19,VIL_006,128734.3,128734.3,128734.3,0.0,1.0,0.603
ALC_000470,2025-04-20,VIL_006,123257.4,123257.4,88745.3,34512.1,0.72,0.603
ALC_000471,2025-04-21,VIL_006,123543.9,123543.9,123543.9,0.0,1.0,0.603
ALC_000472,2025-04-22,VIL_006,131191.1,131191.1,131191.1,0.0,1.0,0.603
ALC_000473,2025-04-23,VIL_006,127448.9,127448.9,66273.4,61175.5,0.52,0.603
ALC_000474,2025-04-24,VIL_006,123476.1,123476.1,76555.2,46920.9,0.62,0.603
ALC_000475,2025-04-25,VIL_006,124582.1,124582.1,108386.4,16195.7,0.87,0.603
ALC_000476,2025-04-26,VIL_006,124912.4,124912.4,68701.8,56210.6,0.55,0.603
ALC_000477,2025-04-27,VIL_006,121239.5,121239.5,88504.8,32734.7,0.73,0.603
ALC_000478,2025-04-28,VIL_006,126038.6,126038.6,126038.6,0.0,1.0,0.603
ALC_000479,2025-04-29,VIL_006,125887.8,125887.8,83085.9,42801.9,0.66,0.603
ALC_000480,2025-04-30,VIL_006,125994.4,125994.4,125994.4,0.0,1.0,0.603
ALC_000481,2025-05-01,VIL_006,124763.6,124763.6,124763.6,0.0,1.0,0.603
ALC_000482,2025-05-02,VIL_006,130036.1,130036.1,130036.1,0.0,1.0,0.603
ALC_000483,2025-05-03,VIL_006,125406.8,125406.8,97817.3,27589.5,0.78,0.603
ALC_000484,2025-05-04,VIL_006,130033.3,130033.3,130033.3,0.0,1.0,0.603
ALC_000485,2025-05-05,VIL_006,128370.2,128370.2,128370.2,0.0,1.0,0.603
ALC_000486,2025-05-06,VIL_006,126964.1,126964.1,126964.1,0.0,1.0,0.603
ALC_000487,2025-05-07,VIL_006,129911.4,129911.4,129911.4,0.0,1.0,0.603
ALC_000488,2025-05-08,VIL_006,125577.2,125577.2,99206.0,26371.2,0.79,0.603
ALC_000489,2025-05-09,VIL_006,122674.6,122674.6,71151.3,51523.3,0.58,0.603
ALC_000490,2025-05-10,VIL_006,131142.1,131142.1,131142.1,0.0,1.0,0.603
ALC_000491,2025-05-11,VIL_006,128518.7,128518.7,128518.7,0.0,1.0,0.603
ALC_000492,2025-05-12,VIL_006,123123.9,123123.9,82493.0,40630.9,0.67,0.603
ALC_000493,2025-05-13,VIL_006,129053.1,129053.1,83884.5,45168.6,0.65,0.603
ALC_000494,2025-05-14,VIL_006,124576.9,124576.9,124576.9,0.0,1.0,0.603
ALC_000495,2025-05-15,VIL_006,125272.4,125272.4,125272.4,0.0,1.0,0.603
ALC_000496,2025-05-16,VIL_006,126191.9,126191.9,126191.9,0.0,1.0,0.603
ALC_000497,2025-05-17,VIL_006,124847.0,124847.0,87392.9,37454.1,0.7,0.603
ALC_000498,2025-05-18,VIL_006,124554.5,124554.5,92170.3,32384.2,0.74,0.603
ALC_000499,2025-05-19,VIL_006,130715.7,130715.7,96729.6,33986.1,0.74,0.603
ALC_000500,2025-05-20,VIL_006,127517.4,127517.4,127517.4,0.0,1.0,0.603
ALC_000501,2025-05-21,VIL_006,126025.1,126025.1,78135.6,47889.5,0.62,0.603
ALC_000502,2025-05-22,VIL_006,128673.1,128673.1,128673.1,0.0,1.0,0.603
ALC_000503,2025-05-23,VIL_006,127446.7,127446.7,86663.8,40782.9,0.68,0.603
ALC_000504,2025-05-24,VIL_006,125216.8,125216.8,81390.9,43825.9,0.65,0.603
ALC_000505,2025-05-25,VIL_006,127313.3,127313.3,77661.1,49652.2,0.61,0.603
ALC_000506,2025-05-26,VIL_006,122984.5,122984.5,122984.5,0.0,1.0,0.603
ALC_000507,2025-05-27,VIL_006,128297.3,128297.3,106486.8,21810.5,0.83,0.603
ALC_000508,2025-05-28,VIL_006,127251.9,127251.9,127251.9,0.0,1.0,0.603
ALC_000509,2025-05-29,VIL_006,122195.2,122195.2,122195.2,0.0,1.0,0.603
ALC_000510,2025-05-30,VIL_006,131271.1,131271.1,111580.4,19690.7,0.85,0.603
ALC_000511,2025-05-31,VIL_006,133296.1,133296.1,133296.1,0.0,1.0,0.603
ALC_000512,2025-06-01,VIL_006,103036.4,103036.4,64912.9,38123.5,0.63,0.603
ALC_000513,2025-06-02,VIL_006,108987.1,108987.1,77380.8,31606.3,0.71,0.603
ALC_000514,2025-06-03,VIL_006,121374.7,121374.7,69183.6,52191.1,0.57,0.603
ALC_000515,2025-06-04,VIL_006,103338.9,103338.9,103338.9,0.0,1.0,0.603
ALC_000516,2025-06-05,VIL_006,114984.8,114984.8,114984.8,0.0,1.0,0.603
ALC_000517,2025-06-06,VIL_006,106070.0,106070.0,106070.0,0.0,1.0,0.603
ALC_000518,2025-06-07,VIL_006,118595.5,118595.5,78273.0,40322.5,0.66,0.603
ALC_000519,2025-06-08,VIL_006,124324.5,124324.5,84540.7,39783.8,0.68,0.603
ALC_000520,2025-06-09,VIL_006,103231.2,103231.2,103231.2,0.0,1.0,0.603
ALC_000521,2025-06-10,VIL_006,120357.7,120357.7,120357.7,0.0,1.0,0.603
ALC_000522,2025-06-11,VIL_006,113357.0,113357.0,113357.0,0.0,1.0,0.603
ALC_000523,2025-06-12,VIL_006,114349.9,114349.9,114349.9,0.0,1.0,0.603
ALC_000524,2025-06-13,VIL_006,120673.0,120673.0,120673.0,0.0,1.0,0.603
ALC_000525,2025-06-14,VIL_006,114061.1,114061.1,114061.1,0.0,1.0,0.603
ALC_000526,2025-06-15,VIL_006,104934.7,104934.7,104934.7,0.0,1.0,0.603
ALC_000527,2025-06-16,VIL_006,121006.7,121006.7,121006.7,0.0,1.0,0.603
ALC_000528,2025-06-17,VIL_006,121909.7,121909.7,121909.7,0.0,1.0,0.603
ALC_000529,2025-06-18,VIL_006,117725.8,117725.8,117725.8,0.0,1.0,0.603
ALC_000530,2025-06-19,VIL_006,101275.2,101275.2,101275.2,0.0,1.0,0.603
ALC_000531,2025-06-20,VIL_006,117447.6,117447.6,117447.6,0.0,1.0,0.603
ALC_000532,2025-06-21,VIL_006,115969.9,115969.9,115969.9,0.0,1.0,0.603
ALC_000533,2025-06-22,VIL_006,116086.7,116086.7,62686.8,53399.9,0.54,0.603
ALC_000534,2025-06-23,VIL_006,106406.6,106406.6,59587.7,46818.9,0.56,0.603
ALC_000535,2025-06-24,VIL_006,103066.1,103066.1,84514.2,18551.9,0.82,0.603
ALC_000536,2025-06-25,VIL_006,109991.4,109991.4,81393.6,28597.8,0.74,0.603
ALC_000537,2025-06-26,VIL_006,109407.1,109407.1,109407.1,0.0,1.0,0.603
ALC_000538,2025-06-27,VIL_006,119180.2,119180.2,82234.3,36945.9,0.69,0.603
ALC_000539,2025-06-28,VIL_006,101253.5,101253.5,74927.6,26325.9,0.74,0.603
ALC_000540,2025-06-29,VIL_006,117991.5,117991.5,80234.2,37757.3,0.68,0.603
ALC_000541,2025-04-01,VIL_007,619951.6,619951.6,619951.6,0.0,1.0,0.522
ALC_000542,2025-04-02,VIL_007,614601.5,614601.5,614601.5,0.0,1.0,0.522
ALC_000543,2025-04-03,VIL_007,601985.8,601985.8,331092.2,270893.6,0.55,0.522
ALC_000544,2025-04-04,VIL_007,602990.5,602990.5,602990.5,0.0,1.0,0.522
ALC_000545,2025-04-05,VIL_007,608413.9,608413.9,608413.9,0.0,1.0,0.522
ALC_000546,2025-04-06,VIL_007,624264.4,624264.4,355830.7,268433.7,0.57,0.522
ALC_000547,2025-04-07,VIL_007,581443.4,581443.4,581443.4,0.0,1.0,0.522
ALC_000548,2025-04-08,VIL_007,601068.3,601068.3,601068.3,0.0,1.0,0.522
ALC_000549,2025-04-09,VIL_007,607968.2,607968.2,607968.2,0.0,1.0,0.522
ALC_000550,2025-04-10,VIL_007,599908.7,599908.7,599908.7,0.0,1.0,0.522
ALC_000551,2025-04-11,VIL_007,630211.5,630211.5,630211.5,0.0,1.0,0.522
ALC_000552,2025-04-12,VIL_007,594347.4,594347.4,594347.4,0.0,1.0,0.522
ALC_000553,2025-04-13,VIL_007,609972.7,609972.7,317185.8,292786.9,0.52,0.522
ALC_000554,2025-04-14,VIL_007,610731.6,610731.6,610731.6,0.0,1.0,0.522
ALC_000555,2025-04-15,VIL_007,563895.3,563895.3,349615.1,214280.2,0.62,0.522
ALC_000556,2025-04-16,VIL_007,623765.3,623765.3,336833.3,286932.0,0.54,0.522
ALC_000557,2025-04-17,VIL_007,591463.4,591463.4,485000.0,106463.4,0.82,0.522
ALC_000558,2025-04-18,VIL_007,598561.3,598561.3,598561.3,0.0,1.0,0.522
ALC_000559,2025-04-19,VIL_007,605868.5,605868.5,605868.5,0.0,1.0,0.522
ALC_000560,2025-04-20,VIL_007,599826.2,599826.2,311909.6,287916.6,0.52,0.522
ALC_000561,2025-04-21,VIL_007,570715.4,570715.4,570715.4,0.0,1.0,0.522
ALC_000562,2025-04-22,VIL_007,581568.9,581568.9,482702.2,98866.7,0.83,0.522
ALC_000563,2025-04-23,VIL_007,614153.5,614153.5,319359.8,294793.7,0.52,0.522
ALC_000564,2025-04-24,VIL_007,576079.8,576079.8,576079.8,0.0,1.0,0.522
ALC_000565,2025-04-25,VIL_007,602402.0,602402.0,602402.0,0.0,1.0,0.522
ALC_000566,2025-04-26,VIL_007,619293.6,619293.6,619293.6,0.0,1.0,0.522
ALC_000567,2025-04-27,VIL_007,577272.0,577272.0,577272.0,0.0,1.0,0.522
ALC_000568,2025-04-28,VIL_007,612963.5,612963.5,612963.5,0.0,1.0,0.522
ALC_000569,2025-04-29,VIL_007,588012.6,588012.6,588012.6,0.0,1.0,0.522
ALC_000570,2025-04-30,VIL_007,623993.0,623993.0,517914.2,106078.8,0.83,0.522
ALC_000571,2025-05-01,VIL_007,575097.9,575097.9,575097.9,0.0,1.0,0.522
ALC_000572,2025-05-02,VIL_007,593673.4,593673.4,593673.4,0.0,1.0,0.522
ALC_000573,2025-05-03,VIL_007,616445.5,616445.5,511649.8,104795.7,0.83,0.522
ALC_000574,2025-05-04,VIL_007,608073.0,608073.0,608073.0,0.0,1.0,0.522
ALC_000575,2025-05-05,VIL_007,578981.7,578981.7,578981.7,0.0,1.0,0.522
ALC_000576,2025-05-06,VIL_007,569956.4,569956.4,313476.0,256480.4,0.55,0.522
ALC_000577,2025-05-07,VIL_007,601640.9,601640.9,601640.9,0.0,1.0,0.522
ALC_000578,2025-05-08,VIL_007,590004.5,590004.5,483803.7,106200.8,0.82,0.522
ALC_000579,2025-05-09,VIL_007,603142.4,603142.4,603142.4,0.0,1.0,0.522
ALC_000580,2025-05-10,VIL_007,601926.7,601926.7,601926.7,0.0,1.0,0.522
ALC_000581,2025-05-11,VIL_007,577881.5,577881.5,577881.5,0.0,1.0,0.522
ALC_000582,2025-05-12,VIL_007,585715.0,585715.0,585715.0,0.0,1.0,0.522
ALC_000583,2025-05-13,VIL_007,560343.7,560343.7,308189.0,252154.7,0.55,0.522
ALC_000584,2025-05-14,VIL_007,579539.5,579539.5,452040.8,127498.7,0.78,0.522
ALC_000585,2025-05-15,VIL_007,578252.2,578252.2,578252.2,0.0,1.0,0.522
ALC_000586,2025-05-16,VIL_007,575819.4,575819.4,460655.5,115163.9,0.8,0.522
ALC_000587,2025-05-17,VIL_007,617514.5,617514.5,617514.5,0.0,1.0,0.522
ALC_000588,2025-05-18,VIL_007,578788.4,578788.4,578788.4,0.0,1.0,0.522
ALC_000589,2025-05-19,VIL_007,582260.6,582260.6,430872.8,151387.8,0.74,0.522
ALC_000590,2025-05-20,VIL_007,587865.3,587865.3,499685.5,88179.8,0.85,0.522
ALC_000591,2025-05-21,VIL_007,602535.5,602535.5,421774.8,180760.7,0.7,0.522
ALC_000592,2025-05-22,VIL_007,584246.7,584246.7,584246.7,0.0,1.0,0.522
ALC_000593,2025-05-23,VIL_007,603700.3,603700.3,307887.2,295813.1,0.51,0.522
ALC_000594,2025-05-24,VIL_007,577080.4,577080.4,577080.4,0.0,1.0,0.522
ALC_000595,2025-05-25,VIL_007,609505.1,609505.1,353513.0,255992.1,0.58,0.522
ALC_000596,2025-05-26,VIL_007,572076.1,572076.1,371849.5,200226.6,0.65,0.522
ALC_000597,2025-05-27,VIL_007,586949.3,586949.3,586949.3,0.0,1.0,0.522
ALC_000598,2025-05-28,VIL_007,594699.8,594699.8,594699.8,0.0,1.0,0.522
ALC_000599,2025-05-29,VIL_007,617795.4,617795.4,617795.4,0.0,1.0,0.522
ALC_000600,2025-05-30,VIL_007,608665.3,608665.3,304332.7,304332.6,0.5,0.522
ALC_000601,2025-05-31,VIL_007,580489.0,580489.0,580489.0,0.0,1.0,0.522
ALC_000602,2025-06-01,VIL_007,512874.7,512874.7,364141.0,148733.7,0.71,0.522
ALC_000603,2025-06-02,VIL_007,511840.7,511840.7,317341.2,194499.5,0.62,0.522
ALC_000604,2025-06-03,VIL_007,558610.7,558610.7,452474.7,106136.0,0.81,0.522
ALC_000605,2025-06-04,VIL_007,520301.3,520301.3,520301.3,0.0,1.0,0.522
ALC_000606,2025-06-05,VIL_007,561880.4,561880.4,561880.4,0.0,1.0,0.522
ALC_000607,2025-06-06,VIL_007,508690.5,508690.5,508690.5,0.0,1.0,0.522
ALC_000608,2025-06-07,VIL_007,585193.2,585193.2,585193.2,0.0,1.0,0.522
ALC_000609,2025-06-08,VIL_007,545231.4,545231.4,545231.4,0.0,1.0,0.522
ALC_000610,2025-06-09,VIL_007,492994.0,492994.0,492994.0,0.0,1.0,0.522
ALC_000611,2025-06-10,VIL_007,576794.5,576794.5,501811.2,74983.3,0.87,0.522
ALC_000612,2025-06-11,VIL_007,555878.4,555878.4,311291.9,244586.5,0.56,0.522
ALC_000613,2025-06-12,VIL_007,565040.9,565040.9,565040.9,0.0,1.0,0.522
ALC_000614,2025-06-13,VIL_007,556027.3,556027.3,556027.3,0.0,1.0,0.522
ALC_000615,2025-06-14,VIL_007,557762.2,557762.2,323502.1,234260.1,0.58,0.522
ALC_000616,2025-06-15,VIL_007,498339.5,498339.5,498339.5,0.0,1.0,0.522
ALC_000617,2025-06-16,VIL_007,559833.0,559833.0,307908.2,251924.8,0.55,0.522
ALC_000618,2025-06-17,VIL_007,580688.9,580688.9,296151.3,284537.6,0.51,0.522
ALC_000619,2025-06-18,VIL_007,551808.8,551808.8,551808.8,0.0,1.0,0.522
ALC_000620,2025-06-19,VIL_007,519198.8,519198.8,519198.8,0.0,1.0,0.522
ALC_000621,2025-06-20,VIL_007,574368.9,574368.9,574368.9,0.0,1.0,0.522
ALC_000622,2025-06-21,VIL_007,576730.8,576730.8,421013.5,155717.3,0.73,0.522
ALC_000623,2025-06-22,VIL_007,576296.7,576296.7,449511.4,126785.3,0.78,0.522
ALC_000624,2025-06-23,VIL_007,499139.7,499139.7,319449.4,179690.3,0.64,0.522
ALC_000625,2025-06-24,VIL_007,493442.7,493442.7,493442.7,0.0,1.0,0.522
ALC_000626,2025-06-25,VIL_007,509083.1,509083.1,509083.1,0.0,1.0,0.522
ALC_000627,2025-06-26,VIL_007,517435.8,517435.8,377728.1,139707.7,0.73,0.522
ALC_000628,2025-06-27,VIL_007,599125.1,599125.1,407405.1,191720.0,0.68,0.522
ALC_000629,2025-06-28,VIL_007,507560.2,507560.2,507560.2,0.0,1.0,0.522
ALC_000630,2025-06-29,VIL_007,557724.4,557724.4,384829.8,172894.6,0.69,0.522
ALC_000631,2025-04-01,VIL_008,437751.1,437751.1,380843.5,56907.6,0.87,0.252
ALC_000632,2025-04-02,VIL_008,405684.3,405684.3,267751.6,137932.7,0.66,0.252
ALC_000633,2025-04-03,VIL_008,417176.9,417176.9,254477.9,162699.0,0.61,0.252
ALC_000634,2025-04-04,VIL_008,423432.8,423432.8,423432.8,0.0,1.0,0.252
ALC_000635,2025-04-05,VIL_008,422301.2,422301.2,337841.0,84460.2,0.8,0.252
ALC_000636,2025-04-06,VIL_008,404002.7,404002.7,347442.3,56560.4,0.86,0.252
ALC_000637,2025-04-07,VIL_008,402268.4,402268.4,402268.4,0.0,1.0,0.252
ALC_000638,2025-04-08,VIL_008,422029.4,422029.4,422029.4,0.0,1.0,0.252
ALC_000639,2025-04-09,VIL_008,418859.1,418859.1,418859.1,0.0,1.0,0.252
ALC_000640,2025-04-10,VIL_008,446832.3,446832.3,446832.3,0.0,1.0,0.252
ALC_000641,2025-04-11,VIL_008,426031.0,426031.0,357866.0,68165.0,0.84,0.252
ALC_000642,2025-04-12,VIL_008,431048.3,431048.3,431048.3,0.0,1.0,0.252
ALC_000643,2025-04-13,VIL_008,408929.4,408929.4,408929.4,0.0,1.0,0.252
ALC_000644,2025-04-14,VIL_008,392390.5,392390.5,392390.5,0.0,1.0,0.252
ALC_000645,2025-04-15,VIL_008,416031.1,416031.1,416031.1,0.0,1.0,0.252
ALC_000646,2025-04-16,VIL_008,423908.7,423908.7,423908.7,0.0,1.0,0.252
ALC_000647,2025-04-17,VIL_008,403897.8,403897.8,254455.6,149442.2,0.63,0.252
ALC_000648,2025-04-18,VIL_008,412467.2,412467.2,222732.3,189734.9,0.54,0.252
ALC_000649,2025-04-19,VIL_008,441019.4,441019.4,441019.4,0.0,1.0,0.252
ALC_000650,2025-04-20,VIL_008,414866.5,414866.5,414866.5,0.0,1.0,0.252
ALC_000651,2025-04-21,VIL_008,415022.0,415022.0,340318.0,74704.0,0.82,0.252
ALC_000652,2025-04-22,VIL_008,398533.2,398533.2,398533.2,0.0,1.0,0.252
ALC_000653,2025-04-23,VIL_008,417075.2,417075.2,417075.2,0.0,1.0,0.252
ALC_000654,2025-04-24,VIL_008,417137.0,417137.0,296167.3,120969.7,0.71,0.252
ALC_000655,2025-04-25,VIL_008,398171.5,398171.5,398171.5,0.0,1.0,0.252
ALC_000656,2025-04-26,VIL_008,414025.8,414025.8,414025.8,0.0,1.0,0.252
ALC_000657,2025-04-27,VIL_008,439963.8,439963.8,439963.8,0.0,1.0,0.252
ALC_000658,2025-04-28,VIL_008,421291.0,421291.0,290690.8,130600.2,0.69,0.252
ALC_000659,2025-04-29,VIL_008,439169.5,439169.5,439169.5,0.0,1.0,0.252
ALC_000660,2025-04-30,VIL_008,440261.6,440261.6,264157.0,176104.6,0.6,0.252
ALC_000661,2025-05-01,VIL_008,407502.8,407502.8,407502.8,0.0,1.0,0.252
ALC_000662,2025-05-02,VIL_008,402397.2,402397.2,285702.0,116695.2,0.71,0.252
ALC_000663,2025-05-03,VIL_008,404722.8,404722.8,404722.8,0.0,1.0,0.252
ALC_000664,2025-05-04,VIL_008,402566.0,402566.0,402566.0,0.0,1.0,0.252
ALC_000665,2025-05-05,VIL_008,419297.3,419297.3,419297.3,0.0,1.0,0.252
ALC_000666,2025-05-06,VIL_008,421175.9,421175.9,265340.8,155835.1,0.63,0.252
ALC_000667,2025-05-07,VIL_008,397793.4,397793.4,397793.4,0.0,1.0,0.252
ALC_000668,2025-05-08,VIL_008,399512.1,399512.1,399512.1,0.0,1.0,0.252
ALC_000669,2025-05-09,VIL_008,407745.4,407745.4,407745.4,0.0,1.0,0.252
ALC_000670,2025-05-10,VIL_008,429741.0,429741.0,429741.0,0.0,1.0,0.252
ALC_000671,2025-05-11,VIL_008,426998.6,426998.6,307439.0,119559.6,0.72,0.252
ALC_000672,2025-05-12,VIL_008,418926.2,418926.2,418926.2,0.0,1.0,0.252
ALC_000673,2025-05-13,VIL_008,437268.7,437268.7,358560.3,78708.4,0.82,0.252
ALC_000674,2025-05-14,VIL_008,429069.9,429069.9,429069.9,0.0,1.0,0.252
ALC_000675,2025-05-15,VIL_008,441931.5,441931.5,441931.5,0.0,1.0,0.252
ALC_000676,2025-05-16,VIL_008,426327.6,426327.6,426327.6,0.0,1.0,0.252
ALC_000677,2025-05-17,VIL_008,424722.2,424722.2,310047.2,114675.0,0.73,0.252
ALC_000678,2025-05-18,VIL_008,402216.2,402216.2,221218.9,180997.3,0.55,0.252
ALC_000679,2025-05-19,VIL_008,420486.3,420486.3,420486.3,0.0,1.0,0.252
ALC_000680,2025-05-20,VIL_008,424298.5,424298.5,424298.5,0.0,1.0,0.252
ALC_000681,2025-05-21,VIL_008,423031.2,423031.2,258049.0,164982.2,0.61,0.252
ALC_000682,2025-05-22,VIL_008,405641.3,405641.3,405641.3,0.0,1.0,0.252
ALC_000683,2025-05-23,VIL_008,416351.9,416351.9,416351.9,0.0,1.0,0.252
ALC_000684,2025-05-24,VIL_008,374611.0,374611.0,374611.0,0.0,1.0,0.252
ALC_000685,2025-05-25,VIL_008,422422.9,422422.9,422422.9,0.0,1.0,0.252
ALC_000686,2025-05-26,VIL_008,419681.7,419681.7,344139.0,75542.7,0.82,0.252
ALC_000687,2025-05-27,VIL_008,371798.6,371798.6,371798.6,0.0,1.0,0.252
ALC_000688,2025-05-28,VIL_008,404576.2,404576.2,404576.2,0.0,1.0,0.252
ALC_000689,2025-05-29,VIL_008,341426.7,341426.7,211684.6,129742.1,0.62,0.252
ALC_000690,2025-05-30,VIL_008,428426.9,428426.9,235634.8,192792.1,0.55,0.252
ALC_000691,2025-05-31,VIL_008,418597.2,418597.2,418597.2,0.0,1.0,0.252
ALC_000692,2025-06-01,VIL_008,353441.5,353441.5,353441.5,0.0,1.0,0.252
ALC_000693,2025-06-02,VIL_008,366053.7,366053.7,208650.6,157403.1,0.57,0.252
ALC_000694,2025-06-03,VIL_008,408515.7,408515.7,294131.3,114384.4,0.72,0.252
ALC_000695,2025-06-04,VIL_008,357778.0,357778.0,357778.0,0.0,1.0,0.252
ALC_000696,2025-06-05,VIL_008,361758.2,361758.2,361758.2,0.0,1.0,0.252
ALC_000697,2025-06-06,VIL_008,336402.1,336402.1,336402.1,0.0,1.0,0.252
ALC_000698,2025-06-07,VIL_008,394514.4,394514.4,394514.4,0.0,1.0,0.252
ALC_000699,2025-06-08,VIL_008,400900.0,400900.0,296666.0,104234.0,0.74,0.252
ALC_000700,2025-06-09,VIL_008,338285.4,338285.4,287542.6,50742.8,0.85,0.252
ALC_000701,2025-06-10,VIL_008,339455.9,339455.9,227435.5,112020.4,0.67,0.252
ALC_000702,2025-06-11,VIL_008,418416.2,418416.2,267786.4,150629.8,0.64,0.252
ALC_000703,2025-06-12,VIL_008,409575.2,409575.2,253936.6,155638.6,0.62,0.252
ALC_000704,2025-06-13,VIL_008,356049.9,356049.9,356049.9,0.0,1.0,0.252
ALC_000705,2025-06-14,VIL_008,364112.7,364112.7,309495.8,54616.9,0.85,0.252
ALC_000706,2025-06-15,VIL_008,414910.0,414910.0,211604.1,203305.9,0.51,0.252
ALC_000707,2025-06-16,VIL_008,404367.5,404367.5,404367.5,0.0,1.0,0.252
ALC_000708,2025-06-17,VIL_008,352883.8,352883.8,352883.8,0.0,1.0,0.252
ALC_000709,2025-06-18,VIL_008,413505.7,413505.7,413505.7,0.0,1.0,0.252
ALC_000710,2025-06-19,VIL_008,400229.8,400229.8,332190.7,68039.1,0.83,0.252
ALC_000711,2025-06-20,VIL_008,411863.4,411863.4,411863.4,0.0,1.0,0.252
ALC_000712,2025-06-21,VIL_008,361730.4,361730.4,361730.4,0.0,1.0,0.252
ALC_000713,2025-06-22,VIL_008,337085.5,337085.5,337085.5,0.0,1.0,0.252
ALC_000714,2025-06-23,VIL_008,404645.4,404645.4,250880.1,153765.3,0.62,0.252
ALC_000715,2025-06-24,VIL_008,364841.2,364841.2,364841.2,0.0,1.0,0.252
ALC_000716,2025-06-25,VIL_008,385124.9,385124.9,273438.7,111686.2,0.71,0.252
ALC_000717,2025-06-26,VIL_008,352977.0,352977.0,352977.0,0.0,1.0,0.252
ALC_000718,2025-06-27,VIL_008,405590.2,405590.2,405590.2,0.0,1.0,0.252
ALC_000719,2025-06-28,VIL_008,385954.6,385954.6,385954.6,0.0,1.0,0.252
ALC_000720,2025-06-29,VIL_008,339831.7,339831.7,339831.7,0.0,1.0,0.252
ALC_000721,2025-04-01,VIL_009,148884.7,148884.7,148884.7,0.0,1.0,0.474
ALC_000722,2025-04-02,VIL_009,147500.8,147500.8,147500.8,0.0,1.0,0.474
ALC_000723,2025-04-03,VIL_009,151469.5,151469.5,90881.7,60587.8,0.6,0.474
ALC_000724,2025-04-04,VIL_009,160980.1,160980.1,125564.5,35415.6,0.78,0.474
ALC_000725,2025-04-05,VIL_009,152491.6,152491.6,152491.6,0.0,1.0,0.474
ALC_000726,2025-04-06,VIL_009,154784.3,154784.3,154784.3,0.0,1.0,0.474
ALC_000727,2025-04-07,VIL_009,153068.4,153068.4,130108.1,22960.3,0.85,0.474
ALC_000728,2025-04-08,VIL_009,148308.4,148308.4,148308.4,0.0,1.0,0.474
ALC_000729,2025-04-09,VIL_009,143729.5,143729.5,143729.5,0.0,1.0,0.474
ALC_000730,2025-04-10,VIL_009,151997.8,151997.8,151997.8,0.0,1.0,0.474
ALC_000731,2025-04-11,VIL_009,152170.7,152170.7,83693.9,68476.8,0.55,0.474
ALC_000732,2025-04-12,VIL_009,158554.0,158554.0,158554.0,0.0,1.0,0.474
ALC_000733,2025-04-13,VIL_009,149929.5,149929.5,107949.2,41980.3,0.72,0.474
ALC_000734,2025-04-14,VIL_009,147068.3,147068.3,82358.2,64710.1,0.56,0.474
ALC_000735,2025-04-15,VIL_009,159237.1,159237.1,159237.1,0.0,1.0,0.474
ALC_000736,2025-04-16,VIL_009,151653.3,151653.3,151653.3,0.0,1.0,0.474
ALC_000737,2025-04-17,VIL_009,144741.2,144741.2,99871.4,44869.8,0.69,0.474
ALC_000738,2025-04-18,VIL_009,153925.9,153925.9,153925.9,0.0,1.0,0.474
ALC_000739,2025-04-19,VIL_009,158574.2,158574.2,158574.2,0.0,1.0,0.474
ALC_000740,2025-04-20,VIL_009,148542.6,148542.6,129232.1,19310.5,0.87,0.474
ALC_000741,2025-04-21,VIL_009,147768.9,147768.9,147768.9,0.0,1.0,0.474
ALC_000742,2025-04-22,VIL_009,150346.0,150346.0,85697.2,64648.8,0.57,0.474
ALC_000743,2025-04-23,VIL_009,160984.4,160984.4,160984.4,0.0,1.0,0.474
ALC_000744,2025-04-24,VIL_009,146240.0,146240.0,146240.0,0.0,1.0,0.474
ALC_000745,2025-04-25,VIL_009,151974.0,151974.0,120059.5,31914.5,0.79,0.474
ALC_000746,2025-04-26,VIL_009,157392.1,157392.1,94435.3,62956.8,0.6,0.474
ALC_000747,2025-04-27,VIL_009,156743.0,156743.0,156743.0,0.0,1.0,0.474
ALC_000748,2025-04-28,VIL_009,158875.6,158875.6,125511.7,33363.9,0.79,0.474
ALC_000749,2025-04-29,VIL_009,148182.4,148182.4,148182.4,0.0,1.0,0.474
ALC_000750,2025-04-30,VIL_009,145324.2,145324.2,95914.0,49410.2,0.66,0.474
ALC_000751,2025-05-01,VIL_009,157416.9,157416.9,157416.9,0.0,1.0,0.474
ALC_000752,2025-05-02,VIL_009,154480.1,154480.1,154480.1,0.0,1.0,0.474
ALC_000753,2025-05-03,VIL_009,158725.2,158725.2,126980.2,31745.0,0.8,0.474
ALC_000754,2025-05-04,VIL_009,156267.3,156267.3,81259.0,75008.3,0.52,0.474
ALC_000755,2025-05-05,VIL_009,146897.3,146897.3,99890.2,47007.1,0.68,0.474
ALC_000756,2025-05-06,VIL_009,148336.7,148336.7,148336.7,0.0,1.0,0.474
ALC_000757,2025-05-07,VIL_009,146416.2,146416.2,146416.2,0.0,1.0,0.474
ALC_000758,2025-05-08,VIL_009,148861.1,148861.1,148861.1,0.0,1.0,0.474
ALC_000759,2025-05-09,VIL_009,151995.8,151995.8,151995.8,0.0,1.0,0.474
ALC_000760,2025-05-10,VIL_009,153520.5,153520.5,153520.5,0.0,1.0,0.474
ALC_000761,2025-05-11,VIL_009,152930.2,152930.2,126932.1,25998.1,0.83,0.474
ALC_000762,2025-05-12,VIL_009,148814.6,148814.6,148814.6,0.0,1.0,0.474
ALC_000763,2025-05-13,VIL_009,159197.1,159197.1,114621.9,44575.2,0.72,0.474
ALC_000764,2025-05-14,VIL_009,147279.9,147279.9,113405.5,33874.4,0.77,0.474
ALC_000765,2025-05-15,VIL_009,148156.2,148156.2,120006.5,28149.7,0.81,0.474
ALC_000766,2025-05-16,VIL_009,145661.5,145661.5,145661.5,0.0,1.0,0.474
ALC_000767,2025-05-17,VIL_009,151328.8,151328.8,130142.8,21186.0,0.86,0.474
ALC_000768,2025-05-18,VIL_009,160943.7,160943.7,160943.7,0.0,1.0,0.474
ALC_000769,2025-05-19,VIL_009,147912.4,147912.4,94663.9,53248.5,0.64,0.474
ALC_000770,2025-05-20,VIL_009,156348.5,156348.5,156348.5,0.0,1.0,0.474
ALC_000771,2025-05-21,VIL_009,160121.9,160121.9,105680.5,54441.4,0.66,0.474
ALC_000772,2025-05-22,VIL_009,148919.9,148919.9,101265.5,47654.4,0.68,0.474
ALC_000773,2025-05-23,VIL_009,149445.5,149445.5,110589.7,38855.8,0.74,0.474
ALC_000774,2025-05-24,VIL_009,159012.4,159012.4,125619.8,33392.6,0.79,0.474
ALC_000775,2025-05-25,VIL_009,147143.4,147143.4,147143.4,0.0,1.0,0.474
ALC_000776,2025-05-26,VIL_009,156809.9,156809.9,156809.9,0.0,1.0,0.474
ALC_000777,2025-05-27,VIL_009,159998.2,159998.2,115198.7,44799.5,0.72,0.474
ALC_000778,2025-05-28,VIL_009,155440.9,155440.9,155440.9,0.0,1.0,0.474
ALC_000779,2025-05-29,VIL_009,139611.7,139611.7,139611.7,0.0,1.0,0.474
ALC_000780,2025-05-30,VIL_009,150155.6,150155.6,97601.1,52554.5,0.65,0.474
ALC_000781,2025-05-31,VIL_009,152245.8,152245.8,152245.8,0.0,1.0,0.474
ALC_000782,2025-06-01,VIL_009,150325.7,150325.7,94705.2,55620.5,0.63,0.474
ALC_000783,2025-06-02,VIL_009,126861.7,126861.7,126861.7,0.0,1.0,0.474
ALC_000784,2025-06-03,VIL_009,154094.3,154094.3,81670.0,72424.3,0.53,0.474
ALC_000785,2025-06-04,VIL_009,130005.1,130005.1,113104.4,16900.7,0.87,0.474
ALC_000786,2025-06-05,VIL_009,147305.7,147305.7,94275.6,53030.1,0.64,0.474
ALC_000787,2025-06-06,VIL_009,143031.2,143031.2,143031.2,0.0,1.0,0.474
ALC_000788,2025-06-07,VIL_009,141650.6,141650.6,123236.0,18414.6,0.87,0.474
ALC_000789,2025-06-08,VIL_009,144283.8,144283.8,144283.8,0.0,1.0,0.474
ALC_000790,2025-06-09,VIL_009,128697.3,128697.3,128697.3,0.0,1.0,0.474
ALC_000791,2025-06-10,VIL_009,139537.0,139537.0,96280.5,43256.5,0.69,0.474
ALC_000792,2025-06-11,VIL_009,121873.2,121873.2,121873.2,0.0,1.0,0.474
ALC_000793,2025-06-12,VIL_009,121479.4,121479.4,121479.4,0.0,1.0,0.474
ALC_000794,2025-06-13,VIL_009,132245.5,132245.5,76702.4,55543.1,0.58,0.474
ALC_000795,2025-06-14,VIL_009,150166.7,150166.7,150166.7,0.0,1.0,0.474
ALC_000796,2025-06-15,VIL_009,142955.4,142955.4,142955.4,0.0,1.0,0.474
ALC_000797,2025-06-16,VIL_009,139773.5,139773.5,120205.2,19568.3,0.86,0.474
ALC_000798,2025-06-17,VIL_009,127582.6,127582.6,127582.6,0.0,1.0,0.474
ALC_000799,2025-06-18,VIL_009,123942.5,123942.5,102872.3,21070.2,0.83,0.474
ALC_000800,2025-06-19,VIL_009,137949.5,137949.5,84149.2,53800.3,0.61,0.474
ALC_000801,2025-06-20,VIL_009,142502.5,142502.5,88351.6,54150.9,0.62,0.474
ALC_000802,2025-06-21,VIL_009,150497.4,150497.4,150497.4,0.0,1.0,0.474
ALC_000803,2025-06-22,VIL_009,123962.2,123962.2,123962.2,0.0,1.0,0.474
ALC_000804,2025-06-23,VIL_009,143386.3,143386.3,143386.3,0.0,1.0,0.474
ALC_000805,2025-06-24,VIL_009,145303.8,145303.8,94447.5,50856.3,0.65,0.474
ALC_000806,2025-06-25,VIL_009,146070.6,146070.6,146070.6,0.0,1.0,0.474
ALC_000807,2025-06-26,VIL_009,127600.0,127600.0,80388.0,47212.0,0.63,0.474
ALC_000808,2025-06-27,VIL_009,146979.6,146979.6,98476.3,48503.3,0.67,0.474
ALC_000809,2025-06-28,VIL_009,142398.6,142398.6,85439.2,56959.4,0.6,0.474
ALC_000810,2025-06-29,VIL_009,147640.5,147640.5,129923.6,17716.9,0.88,0.474
ALC_000811,2025-04-01,VIL_010,609510.9,609510.9,609510.9,0.0,1.0,0.763
ALC_000812,2025-04-02,VIL_010,607629.5,607629.5,607629.5,0.0,1.0,0.763
ALC_000813,2025-04-03,VIL_010,580307.8,580307.8,580307.8,0.0,1.0,0.763
ALC_000814,2025-04-04,VIL_010,562823.6,562823.6,371463.6,191360.0,0.66,0.763
ALC_000815,2025-04-05,VIL_010,606877.8,606877.8,370195.5,236682.3,0.61,0.763
ALC_000816,2025-04-06,VIL_010,575923.4,575923.4,575923.4,0.0,1.0,0.763
ALC_000817,2025-04-07,VIL_010,580271.5,580271.5,580271.5,0.0,1.0,0.763
ALC_000818,2025-04-08,VIL_010,604468.0,604468.0,604468.0,0.0,1.0,0.763
ALC_000819,2025-04-09,VIL_010,612209.6,612209.6,612209.6,0.0,1.0,0.763
ALC_000820,2025-04-10,VIL_010,589611.4,589611.4,589611.4,0.0,1.0,0.763
ALC_000821,2025-04-11,VIL_010,603946.6,603946.6,603946.6,0.0,1.0,0.763
ALC_000822,2025-04-12,VIL_010,584123.7,584123.7,490663.9,93459.8,0.84,0.763
ALC_000823,2025-04-13,VIL_010,583751.6,583751.6,373601.0,210150.6,0.64,0.763
ALC_000824,2025-04-14,VIL_010,579195.5,579195.5,579195.5,0.0,1.0,0.763
ALC_000825,2025-04-15,VIL_010,627016.0,627016.0,627016.0,0.0,1.0,0.763
ALC_000826,2025-04-16,VIL_010,561129.1,561129.1,561129.1,0.0,1.0,0.763
ALC_000827,2025-04-17,VIL_010,629223.2,629223.2,629223.2,0.0,1.0,0.763
ALC_000828,2025-04-18,VIL_010,631907.2,631907.2,631907.2,0.0,1.0,0.763
ALC_000829,2025-04-19,VIL_010,629601.6,629601.6,472201.2,157400.4,0.75,0.763
ALC_000830,2025-04-20,VIL_010,590883.0,590883.0,484524.1,106358.9,0.82,0.763
ALC_000831,2025-04-21,VIL_010,596587.0,596587.0,596587.0,0.0,1.0,0.763
ALC_000832,2025-04-22,VIL_010,587086.8,587086.8,587086.8,0.0,1.0,0.763
ALC_000833,2025-04-23,VIL_010,613314.3,613314.3,367988.6,245325.7,0.6,0.763
ALC_000834,2025-04-24,VIL_010,605221.4,605221.4,411550.6,193670.8,0.68,0.763
ALC_000835,2025-04-25,VIL_010,550296.3,550296.3,418225.2,132071.1,0.76,0.763
ALC_000836,2025-04-26,VIL_010,616585.0,616585.0,363785.1,252799.9,0.59,0.763
ALC_000837,2025-04-27,VIL_010,564839.8,564839.8,564839.8,0.0,1.0,0.763
ALC_000838,2025-04-28,VIL_010,589040.4,589040.4,589040.4,0.0,1.0,0.763
ALC_000839,2025-04-29,VIL_010,614946.4,614946.4,614946.4,0.0,1.0,0.763
ALC_000840,2025-04-30,VIL_010,595201.2,595201.2,595201.2,0.0,1.0,0.763
ALC_000841,2025-05-01,VIL_010,607385.5,607385.5,382652.9,224732.6,0.63,0.763
ALC_000842,2025-05-02,VIL_010,605380.1,605380.1,454035.1,151345.0,0.75,0.763
ALC_000843,2025-05-03,VIL_010,624986.5,624986.5,624986.5,0.0,1.0,0.763
ALC_000844,2025-05-04,VIL_010,593268.5,593268.5,593268.5,0.0,1.0,0.763
ALC_000845,2025-05-05,VIL_010,573857.6,573857.6,482040.4,91817.2,0.84,0.763
ALC_000846,2025-05-06,VIL_010,608668.6,608668.6,608668.6,0.0,1.0,0.763
ALC_000847,2025-05-07,VIL_010,600790.0,600790.0,354466.1,246323.9,0.59,0.763
ALC_000848,2025-05-08,VIL_010,612171.9,612171.9,495859.2,116312.7,0.81,0.763
ALC_000849,2025-05-09,VIL_010,613147.1,613147.1,613147.1,0.0,1.0,0.763
ALC_000850,2025-05-10,VIL_010,589585.2,589585.2,341959.4,247625.8,0.58,0.763
ALC_000851,2025-05-11,VIL_010,588789.7,588789.7,588789.7,0.0,1.0,0.763
ALC_000852,2025-05-12,VIL_010,593901.6,593901.6,593901.6,0.0,1.0,0.763
ALC_000853,2025-05-13,VIL_010,600328.4,600328.4,330180.6,270147.8,0.55,0.763
ALC_000854,2025-05-14,VIL_010,604407.7,604407.7,483526.2,120881.5,0.8,0.763
ALC_000855,2025-05-15,VIL_010,602508.6,602508.6,409705.8,192802.8,0.68,0.763
ALC_000856,2025-05-16,VIL_010,593855.0,593855.0,593855.0,0.0,1.0,0.763
ALC_000857,2025-05-17,VIL_010,572937.4,572937.4,572937.4,0.0,1.0,0.763
ALC_000858,2025-05-18,VIL_010,596674.1,596674.1,596674.1,0.0,1.0,0.763
ALC_000859,2025-05-19,VIL_010,580809.0,580809.0,580809.0,0.0,1.0,0.763
ALC_000860,2025-05-20,VIL_010,597016.7,597016.7,597016.7,0.0,1.0,0.763
ALC_000861,2025-05-21,VIL_010,614558.2,614558.2,614558.2,0.0,1.0,0.763
ALC_000862,2025-05-22,VIL_010,611339.6,611339.6,495185.1,116154.5,0.81,0.763
ALC_000863,2025-05-23,VIL_010,571171.0,571171.0,571171.0,0.0,1.0,0.763
ALC_000864,2025-05-24,VIL_010,525169.8,525169.8,367618.9,157550.9,0.7,0.763
ALC_000865,2025-05-25,VIL_010,620831.8,620831.8,428373.9,192457.9,0.69,0.763
ALC_000866,2025-05-26,VIL_010,582140.4,582140.4,582140.4,0.0,1.0,0.763
ALC_000867,2025-05-27,VIL_010,553484.8,553484.8,553484.8,0.0,1.0,0.763
ALC_000868,2025-05-28,VIL_010,588421.3,588421.3,588421.3,0.0,1.0,0.763
ALC_000869,2025-05-29,VIL_010,526762.7,526762.7,526762.7,0.0,1.0,0.763
ALC_000870,2025-05-30,VIL_010,625322.1,625322.1,625322.1,0.0,1.0,0.763
ALC_000871,2025-05-31,VIL_010,608547.2,608547.2,608547.2,0.0,1.0,0.763
ALC_000872,2025-06-01,VIL_010,497057.6,497057.6,387704.9,109352.7,0.78,0.763
ALC_000873,2025-06-02,VIL_010,490486.0,490486.0,358054.8,132431.2,0.73,0.763
ALC_000874,2025-06-03,VIL_010,574944.1,574944.1,574944.1,0.0,1.0,0.763
ALC_000875,2025-06-04,VIL_010,502720.2,502720.2,502720.2,0.0,1.0,0.763
ALC_000876,2025-06-05,VIL_010,505821.3,505821.3,505821.3,0.0,1.0,0.763
ALC_000877,2025-06-06,VIL_010,481582.9,481582.9,481582.9,0.0,1.0,0.763
ALC_000878,2025-06-07,VIL_010,579030.6,579030.6,579030.6,0.0,1.0,0.763
ALC_000879,2025-06-08,VIL_010,579602.8,579602.8,307189.5,272413.3,0.53,0.763
ALC_000880,2025-06-09,VIL_010,503730.8,503730.8,503730.8,0.0,1.0,0.763
ALC_000881,2025-06-10,VIL_010,495288.8,495288.8,495288.8,0.0,1.0,0.763
ALC_000882,2025-06-11,VIL_010,577754.1,577754.1,450648.2,127105.9,0.78,0.763
ALC_000883,2025-06-12,VIL_010,558882.5,558882.5,558882.5,0.0,1.0,0.763
ALC_000884,2025-06-13,VIL_010,504275.7,504275.7,504275.7,0.0,1.0,0.763
ALC_000885,2025-06-14,VIL_010,485582.7,485582.7,369042.9,116539.8,0.76,0.763
ALC_000886,2025-06-15,VIL_010,556715.4,556715.4,467640.9,89074.5,0.84,0.763
ALC_000887,2025-06-16,VIL_010,553058.0,553058.0,553058.0,0.0,1.0,0.763
ALC_000888,2025-06-17,VIL_010,484079.5,484079.5,334014.9,150064.6,0.69,0.763
ALC_000889,2025-06-18,VIL_010,571704.2,571704.2,571704.2,0.0,1.0,0.763
ALC_000890,2025-06-19,VIL_010,570053.0,570053.0,570053.0,0.0,1.0,0.763
ALC_000891,2025-06-20,VIL_010,548814.6,548814.6,274407.3,274407.3,0.5,0.763
ALC_000892,2025-06-21,VIL_010,526033.0,526033.0,526033.0,0.0,1.0,0.763
ALC_000893,2025-06-22,VIL_010,508542.6,508542.6,508542.6,0.0,1.0,0.763
ALC_000894,2025-06-23,VIL_010,600757.8,600757.8,600757.8,0.0,1.0,0.763
ALC_000895,2025-06-24,VIL_010,495724.6,495724.6,342050.0,153674.6,0.69,0.763
ALC_000896,2025-06-25,VIL_010,564414.4,564414.4,434599.1,129815.3,0.77,0.763
ALC_000897,2025-06-26,VIL_010,497394.8,497394.8,497394.8,0.0,1.0,0.763
ALC_000898,2025-06-27,VIL_010,559713.9,559713.9,559713.9,0.0,1.0,0.763
ALC_000899,2025-06-28,VIL_010,553523.4,553523.4,431748.3,121775.1,0.78,0.763
ALC_000900,2025-06-29,VIL_010,494989.5,494989.5,287093.9,207895.6,0.58,0.763
ALC_000901,2025-04-01,VIL_011,423757.9,423757.9,258492.3,165265.6,0.61,0.361
ALC_000902,2025-04-02,VIL_011,432358.9,432358.9,432358.9,0.0,1.0,0.361
ALC_000903,2025-04-03,VIL_011,444287.9,444287.9,288787.1,155500.8,0.65,0.361
ALC_000904,2025-04-04,VIL_011,418470.8,418470.8,347330.8,71140.0,0.83,0.361
ALC_000905,2025-04-05,VIL_011,430536.9,430536.9,344429.5,86107.4,0.8,0.361
ALC_000906,2025-04-06,VIL_011,394149.6,394149.6,394149.6,0.0,1.0,0.361
ALC_000907,2025-04-07,VIL_011,441944.0,441944.0,441944.0,0.0,1.0,0.361
ALC_000908,2025-04-08,VIL_011,415517.5,415517.5,253465.7,162051.8,0.61,0.361
ALC_000909,2025-04-09,VIL_011,415823.8,415823.8,415823.8,0.0,1.0,0.361
ALC_000910,2025-04-10,VIL_011,435970.7,435970.7,435970.7,0.0,1.0,0.361
ALC_000911,2025-04-11,VIL_011,421375.1,421375.1,421375.1,0.0,1.0,0.361
ALC_000912,2025-04-12,VIL_011,427718.5,427718.5,278017.0,149701.5,0.65,0.361
ALC_000913,2025-04-13,VIL_011,440626.5,440626.5,440626.5,0.0,1.0,0.361
ALC_000914,2025-04-14,VIL_011,427217.6,427217.6,427217.6,0.0,1.0,0.361
ALC_000915,2025-04-15,VIL_011,406845.9,406845.9,406845.9,0.0,1.0,0.361
ALC_000916,2025-04-16,VIL_011,418758.9,418758.9,418758.9,0.0,1.0,0.361
ALC_000917,2025-04-17,VIL_011,428438.8,428438.8,428438.8,0.0,1.0,0.361
ALC_000918,2025-04-18,VIL_011,439268.6,439268.6,439268.6,0.0,1.0,0.361
ALC_000919,2025-04-19,VIL_011,411456.0,411456.0,337393.9,74062.1,0.82,0.361
ALC_000920,2025-04-20,VIL_011,414480.3,414480.3,240398.6,174081.7,0.58,0.361
ALC_000921,2025-04-21,VIL_011,415198.5,415198.5,357070.7,58127.8,0.86,0.361
ALC_000922,2025-04-22,VIL_011,450302.5,450302.5,450302.5,0.0,1.0,0.361
ALC_000923,2025-04-23,VIL_011,392641.4,392641.4,392641.4,0.0,1.0,0.361
ALC_000924,2025-04-24,VIL_011,438289.5,438289.5,438289.5,0.0,1.0,0.361
ALC_000925,2025-04-25,VIL_011,429020.9,429020.9,429020.9,0.0,1.0,0.361
ALC_000926,2025-04-26,VIL_011,405477.0,405477.0,405477.0,0.0,1.0,0.361
ALC_000927,2025-04-27,VIL_011,400613.0,400613.0,352539.4,48073.6,0.88,0.361
ALC_000928,2025-04-28,VIL_011,425542.2,425542.2,370221.7,55320.5,0.87,0.361
ALC_000929,2025-04-29,VIL_011,426290.5,426290.5,353821.1,72469.4,0.83,0.361
ALC_000930,2025-04-30,VIL_011,421175.0,421175.0,252705.0,168470.0,0.6,0.361
ALC_000931,2025-05-01,VIL_011,401209.7,401209.7,208629.0,192580.7,0.52,0.361
ALC_000932,2025-05-02,VIL_011,443185.9,443185.9,443185.9,0.0,1.0,0.361
ALC_000933,2025-05-03,VIL_011,444028.9,444028.9,444028.9,0.0,1.0,0.361
ALC_000934,2025-05-04,VIL_011,406970.8,406970.8,406970.8,0.0,1.0,0.361
ALC_000935,2025-05-05,VIL_011,444849.2,444849.2,240218.6,204630.6,0.54,0.361
ALC_000936,2025-05-06,VIL_011,419229.0,419229.0,419229.0,0.0,1.0,0.361
ALC_000937,2025-05-07,VIL_011,427427.9,427427.9,235085.3,192342.6,0.55,0.361
ALC_000938,2025-05-08,VIL_011,431587.7,431587.7,431587.7,0.0,1.0,0.361
ALC_000939,2025-05-09,VIL_011,410602.7,410602.7,295633.9,114968.8,0.72,0.361
ALC_000940,2025-05-10,VIL_011,436233.6,436233.6,296638.8,139594.8,0.68,0.361
ALC_000941,2025-05-11,VIL_011,425131.7,425131.7,425131.7,0.0,1.0,0.361
ALC_000942,2025-05-12,VIL_011,400505.8,400505.8,344435.0,56070.8,0.86,0.361
ALC_000943,2025-05-13,VIL_011,425750.3,425750.3,425750.3,0.0,1.0,0.361
ALC_000944,2025-05-14,VIL_011,417097.2,417097.2,312822.9,104274.3,0.75,0.361
ALC_000945,2025-05-15,VIL_011,426141.8,426141.8,426141.8,0.0,1.0,0.361
ALC_000946,2025-05-16,VIL_011,407599.4,407599.4,407599.4,0.0,1.0,0.361
ALC_000947,2025-05-17,VIL_011,412217.6,412217.6,412217.6,0.0,1.0,0.361
ALC_000948,2025-05-18,VIL_011,425722.4,425722.4,425722.4,0.0,1.0,0.361
ALC_000949,2025-05-19,VIL_011,418120.7,418120.7,418120.7,0.0,1.0,0.361
ALC_000950,2025-05-20,VIL_011,407240.9,407240.9,407240.9,0.0,1.0,0.361
ALC_000951,2025-05-21,VIL_011,427509.3,427509.3,218029.7,209479.6,0.51,0.361
ALC_000952,2025-05-22,VIL_011,453016.9,453016.9,453016.9,0.0,1.0,0.361
ALC_000953,2025-05-23,VIL_011,425415.1,425415.1,238232.5,187182.6,0.56,0.361
ALC_000954,2025-05-24,VIL_011,415036.4,415036.4,415036.4,0.0,1.0,0.361
ALC_000955,2025-05-25,VIL_011,437099.0,437099.0,227291.5,209807.5,0.52,0.361
ALC_000956,2025-05-26,VIL_011,428545.7,428545.7,428545.7,0.0,1.0,0.361
ALC_000957,2025-05-27,VIL_011,418466.8,418466.8,418466.8,0.0,1.0,0.361
ALC_000958,2025-05-28,VIL_011,395112.0,395112.0,395112.0,0.0,1.0,0.361
ALC_000959,2025-05-29,VIL_011,431494.2,431494.2,431494.2,0.0,1.0,0.361
ALC_000960,2025-05-30,VIL_011,409142.8,409142.8,343680.0,65462.8,0.84,0.361
ALC_000961,2025-05-31,VIL_011,411123.3,411123.3,411123.3,0.0,1.0,0.361
ALC_000962,2025-06-01,VIL_011,369239.4,369239.4,369239.4,0.0,1.0,0.361
ALC_000963,2025-06-02,VIL_011,354184.7,354184.7,354184.7,0.0,1.0,0.361
ALC_000964,2025-06-03,VIL_011,423085.5,423085.5,253851.3,169234.2,0.6,0.361
ALC_000965,2025-06-04,VIL_011,331066.3,331066.3,271474.4,59591.9,0.82,0.361
ALC_000966,2025-06-05,VIL_011,410972.7,410972.7,410972.7,0.0,1.0,0.361
ALC_000967,2025-06-06,VIL_011,354049.4,354049.4,354049.4,0.0,1.0,0.361
ALC_000968,2025-06-07,VIL_011,401417.7,401417.7,333176.7,68241.0,0.83,0.361
ALC_000969,2025-06-08,VIL_011,394086.2,394086.2,394086.2,0.0,1.0,0.361
ALC_000970,2025-06-09,VIL_011,342244.1,342244.1,342244.1,0.0,1.0,0.361
ALC_000971,2025-06-10,VIL_011,409023.9,409023.9,409023.9,0.0,1.0,0.361
ALC_000972,2025-06-11,VIL_011,411284.4,411284.4,411284.4,0.0,1.0,0.361
ALC_000973,2025-06-12,VIL_011,400100.3,400100.3,304076.2,96024.1,0.76,0.361
ALC_000974,2025-06-13,VIL_011,394169.2,394169.2,394169.2,0.0,1.0,0.361
ALC_000975,2025-06-14,VIL_011,387692.8,387692.8,220984.9,166707.9,0.57,0.361
ALC_000976,2025-06-15,VIL_011,353686.5,353686.5,244043.7,109642.8,0.69,0.361
ALC_000977,2025-06-16,VIL_011,410546.3,410546.3,410546.3,0.0,1.0,0.361
ALC_000978,2025-06-17,VIL_011,377623.3,377623.3,377623.3,0.0,1.0,0.361
ALC_000979,2025-06-18,VIL_011,382068.7,382068.7,382068.7,0.0,1.0,0.361
ALC_000980,2025-06-19,VIL_011,343274.8,343274.8,343274.8,0.0,1.0,0.361
ALC_000981,2025-06-20,VIL_011,393391.9,393391.9,243903.0,149488.9,0.62,0.361
ALC_000982,2025-06-21,VIL_011,410593.5,410593.5,234038.3,176555.2,0.57,0.361
ALC_000983,2025-06-22,VIL_011,393601.7,393601.7,275521.2,118080.5,0.7,0.361
ALC_000984,2025-06-23,VIL_011,350167.3,350167.3,185588.7,164578.6,0.53,0.361
ALC_000985,2025-06-24,VIL_011,358111.8,358111.8,358111.8,0.0,1.0,0.361
ALC_000986,2025-06-25,VIL_011,374565.3,374565.3,374565.3,0.0,1.0,0.361
ALC_000987,2025-06-26,VIL_011,357001.3,357001.3,357001.3,0.0,1.0,0.361
ALC_000988,2025-06-27,VIL_011,410481.9,410481.9,303756.6,106725.3,0.74,0.361
ALC_000989,2025-06-28,VIL_011,338874.7,338874.7,338874.7,0.0,1.0,0.361
ALC_000990,2025-06-29,VIL_011,399238.3,399238.3,399238.3,0.0,1.0,0.361
ALC_000991,2025-04-01,VIL_012,102277.3,102277.3,102277.3,0.0,1.0,0.461
ALC_000992,2025-04-02,VIL_012,103539.6,103539.6,67300.7,36238.9,0.65,0.461
ALC_000993,2025-04-03,VIL_012,97427.5,97427.5,97427.5,0.0,1.0,0.461
ALC_000994,2025-04-04,VIL_012,103189.7,103189.7,103189.7,0.0,1.0,0.461
ALC_000995,2025-04-05,VIL_012,104204.3,104204.3,91699.8,12504.5,0.88,0.461
ALC_000996,2025-04-06,VIL_012,99862.0,99862.0,99862.0,0.0,1.0,0.461
ALC_000997,2025-04-07,VIL_012,104925.0,104925.0,104925.0,0.0,1.0,0.461
ALC_000998,2025-04-08,VIL_012,99261.3,99261.3,78416.4,20844.9,0.79,0.461
ALC_000999,2025-04-09,VIL_012,96922.3,96922.3,96922.3,0.0,1.0,0.461
ALC_001000,2025-04-10,VIL_012,103272.3,103272.3,103272.3,0.0,1.0,0.461
ALC_001001,2025-04-11,VIL_012,106427.2,106427.2,89398.8,17028.4,0.84,0.461
ALC_001002,2025-04-12,VIL_012,109640.9,109640.9,109640.9,0.0,1.0,0.461
ALC_001003,2025-04-13,VIL_012,102861.5,102861.5,86403.7,16457.8,0.84,0.461
ALC_001004,2025-04-14,VIL_012,98152.0,98152.0,57909.7,40242.3,0.59,0.461
ALC_001005,2025-04-15,VIL_012,101193.1,101193.1,85002.2,16190.9,0.84,0.461
ALC_001006,2025-04-16,VIL_012,101360.9,101360.9,55748.5,45612.4,0.55,0.461
ALC_001007,2025-04-17,VIL_012,104588.2,104588.2,58569.4,46018.8,0.56,0.461
ALC_001008,2025-04-18,VIL_012,103924.0,103924.0,103924.0,0.0,1.0,0.461
ALC_001009,2025-04-19,VIL_012,101706.4,101706.4,101706.4,0.0,1.0,0.461
ALC_001010,2025-04-20,VIL_012,103602.8,103602.8,88062.4,15540.4,0.85,0.461
ALC_001011,2025-04-21,VIL_012,105925.9,105925.9,61437.0,44488.9,0.58,0.461
ALC_001012,2025-04-22,VIL_012,99648.8,99648.8,99648.8,0.0,1.0,0.461
ALC_001013,2025-04-23,VIL_012,96599.1,96599.1,96599.1,0.0,1.0,0.461
ALC_001014,2025-04-24,VIL_012,97587.4,97587.4,97587.4,0.0,1.0,0.461
ALC_001015,2025-04-25,VIL_012,106519.5,106519.5,106519.5,0.0,1.0,0.461
ALC_001016,2025-04-26,VIL_012,103452.5,103452.5,103452.5,0.0,1.0,0.461
ALC_001017,2025-04-27,VIL_012,106622.9,106622.9,71437.3,35185.6,0.67,0.461
ALC_001018,2025-04-28,VIL_012,109010.2,109010.2,67586.3,41423.9,0.62,0.461
ALC_001019,2025-04-29,VIL_012,105835.5,105835.5,105835.5,0.0,1.0,0.461
ALC_001020,2025-04-30,VIL_012,107851.4,107851.4,60396.8,47454.6,0.56,0.461
ALC_001021,2025-05-01,VIL_012,107862.9,107862.9,58246.0,49616.9,0.54,0.461
ALC_001022,2025-05-02,VIL_012,103288.3,103288.3,103288.3,0.0,1.0,0.461
ALC_001023,2025-05-03,VIL_012,108330.3,108330.3,108330.3,0.0,1.0,0.461
ALC_001024,2025-05-04,VIL_012,99608.9,99608.9,60761.4,38847.5,0.61,0.461
ALC_001025,2025-05-05,VIL_012,103347.4,103347.4,103347.4,0.0,1.0,0.461
ALC_001026,2025-05-06,VIL_012,99946.9,99946.9,99946.9,0.0,1.0,0.461
ALC_001027,2025-05-07,VIL_012,100263.1,100263.1,100263.1,0.0,1.0,0.461
ALC_001028,2025-05-08,VIL_012,110167.3,110167.3,64998.7,45168.6,0.59,0.461
ALC_001029,2025-05-09,VIL_012,101243.2,101243.2,54671.3,46571.9,0.54,0.461
ALC_001030,2025-05-10,VIL_012,101742.2,101742.2,86480.9,15261.3,0.85,0.461
ALC_001031,2025-05-11,VIL_012,103914.4,103914.4,63387.8,40526.6,0.61,0.461
ALC_001032,2025-05-12,VIL_012,107420.3,107420.3,107420.3,0.0,1.0,0.461
ALC_001033,2025-05-13,VIL_012,107369.8,107369.8,107369.8,0.0,1.0,0.461
ALC_001034,2025-05-14,VIL_012,106569.0,106569.0,106569.0,0.0,1.0,0.461
ALC_001035,2025-05-15,VIL_012,99257.2,99257.2,99257.2,0.0,1.0,0.461
ALC_001036,2025-05-16,VIL_012,107230.2,107230.2,107230.2,0.0,1.0,0.461
ALC_001037,2025-05-17,VIL_012,97482.6,97482.6,97482.6,0.0,1.0,0.461
ALC_001038,2025-05-18,VIL_012,98910.7,98910.7,77150.3,21760.4,0.78,0.461
ALC_001039,2025-05-19,VIL_012,110633.4,110633.4,110633.4,0.0,1.0,0.461
ALC_001040,2025-05-20,VIL_012,106819.4,106819.4,54477.9,52341.5,0.51,0.461
ALC_001041,2025-05-21,VIL_012,101410.9,101410.9,85185.2,16225.7,0.84,0.461
ALC_001042,2025-05-22,VIL_012,98818.4,98818.4,98818.4,0.0,1.0,0.461
ALC_001043,2025-05-23,VIL_012,104193.3,104193.3,88564.3,15629.0,0.85,0.461
ALC_001044,2025-05-24,VIL_012,91452.8,91452.8,91452.8,0.0,1.0,0.461
ALC_001045,2025-05-25,VIL_012,104379.3,104379.3,84547.2,19832.1,0.81,0.461
ALC_001046,2025-05-26,VIL_012,97336.7,97336.7,83709.6,13627.1,0.86,0.461
ALC_001047,2025-05-27,VIL_012,94600.8,94600.8,70004.6,24596.2,0.74,0.461
ALC_001048,2025-05-28,VIL_012,109827.9,109827.9,57110.5,52717.4,0.52,0.461
ALC_001049,2025-05-29,VIL_012,90573.4,90573.4,51626.8,38946.6,0.57,0.461
ALC_001050,2025-05-30,VIL_012,106032.1,106032.1,85886.0,20146.1,0.81,0.461
ALC_001051,2025-05-31,VIL_012,101880.7,101880.7,101880.7,0.0,1.0,0.461
ALC_001052,2025-06-01,VIL_012,89736.5,89736.5,89736.5,0.0,1.0,0.461
ALC_001053,2025-06-02,VIL_012,82599.3,82599.3,65253.4,17345.9,0.79,0.461
ALC_001054,2025-06-03,VIL_012,96845.3,96845.3,84255.4,12589.9,0.87,0.461
ALC_001055,2025-06-04,VIL_012,89412.9,89412.9,45600.6,43812.3,0.51,0.461
ALC_001056,2025-06-05,VIL_012,86638.5,86638.5,86638.5,0.0,1.0,0.461
ALC_001057,2025-06-06,VIL_012,85591.2,85591.2,69328.9,16262.3,0.81,0.461
ALC_001058,2025-06-07,VIL_012,103224.3,103224.3,103224.3,0.0,1.0,0.461
ALC_001059,2025-06-08,VIL_012,96995.1,96995.1,96995.1,0.0,1.0,0.461
ALC_001060,2025-06-09,VIL_012,85927.2,85927.2,49837.8,36089.4,0.58,0.461
ALC_001061,2025-06-10,VIL_012,83051.8,83051.8,83051.8,0.0,1.0,0.461
ALC_001062,2025-06-11,VIL_012,98955.2,98955.2,98955.2,0.0,1.0,0.461
ALC_001063,2025-06-12,VIL_012,100735.5,100735.5,100735.5,0.0,1.0,0.461
ALC_001064,2025-06-13,VIL_012,87253.8,87253.8,54969.9,32283.9,0.63,0.461
ALC_001065,2025-06-14,VIL_012,84306.5,84306.5,70817.5,13489.0,0.84,0.461
ALC_001066,2025-06-15,VIL_012,92446.6,92446.6,66561.6,25885.0,0.72,0.461
ALC_001067,2025-06-16,VIL_012,101474.5,101474.5,101474.5,0.0,1.0,0.461
ALC_001068,2025-06-17,VIL_012,88277.2,88277.2,51200.8,37076.4,0.58,0.461
ALC_001069,2025-06-18,VIL_012,104199.6,104199.6,63561.8,40637.8,0.61,0.461
ALC_001070,2025-06-19,VIL_012,95946.4,95946.4,66203.0,29743.4,0.69,0.461
ALC_001071,2025-06-20,VIL_012,102475.0,102475.0,102475.0,0.0,1.0,0.461
ALC_001072,2025-06-21,VIL_012,86186.3,86186.3,57744.8,28441.5,0.67,0.461
ALC_001073,2025-06-22,VIL_012,83458.0,83458.0,55916.9,27541.1,0.67,0.461
ALC_001074,2025-06-23,VIL_012,98383.3,98383.3,98383.3,0.0,1.0,0.461
ALC_001075,2025-06-24,VIL_012,87368.8,87368.8,87368.8,0.0,1.0,0.461
ALC_001076,2025-06-25,VIL_012,100019.4,100019.4,64012.4,36007.0,0.64,0.461
ALC_001077,2025-06-26,VIL_012,83139.8,83139.8,46558.3,36581.5,0.56,0.461
ALC_001078,2025-06-27,VIL_012,93097.4,93097.4,93097.4,0.0,1.0,0.461
ALC_001079,2025-06-28,VIL_012,100873.7,100873.7,100873.7,0.0,1.0,0.461
ALC_001080,2025-06-29,VIL_012,87178.3,87178.3,87178.3,0.0,1.0,0.461
ALC_001081,2025-04-01,VIL_013,471736.5,471736.5,471736.5,0.0,1.0,0.758
ALC_001082,2025-04-02,VIL_013,454094.5,454094.5,454094.5,0.0,1.0,0.758
ALC_001083,2025-04-03,VIL_013,465091.5,465091.5,241847.6,223243.9,0.52,0.758
ALC_001084,2025-04-04,VIL_013,449756.5,449756.5,449756.5,0.0,1.0,0.758
ALC_001085,2025-04-05,VIL_013,493679.4,493679.4,315954.8,177724.6,0.64,0.758
ALC_001086,2025-04-06,VIL_013,469964.1,469964.1,253780.6,216183.5,0.54,0.758
ALC_001087,2025-04-07,VIL_013,463438.6,463438.6,463438.6,0.0,1.0,0.758
ALC_001088,2025-04-08,VIL_013,463234.8,463234.8,463234.8,0.0,1.0,0.758
ALC_001089,2025-04-09,VIL_013,493356.6,493356.6,493356.6,0.0,1.0,0.758
ALC_001090,2025-04-10,VIL_013,439939.3,439939.3,439939.3,0.0,1.0,0.758
ALC_001091,2025-04-11,VIL_013,449248.5,449248.5,449248.5,0.0,1.0,0.758
ALC_001092,2025-04-12,VIL_013,459940.6,459940.6,459940.6,0.0,1.0,0.758
ALC_001093,2025-04-13,VIL_013,439677.9,439677.9,439677.9,0.0,1.0,0.758
ALC_001094,2025-04-14,VIL_013,444730.6,444730.6,444730.6,0.0,1.0,0.758
ALC_001095,2025-04-15,VIL_013,467037.3,467037.3,467037.3,0.0,1.0,0.758
ALC_001096,2025-04-16,VIL_013,467263.4,467263.4,401846.5,65416.9,0.86,0.758
ALC_001097,2025-04-17,VIL_013,471272.6,471272.6,471272.6,0.0,1.0,0.758
ALC_001098,2025-04-18,VIL_013,481193.3,481193.3,413826.2,67367.1,0.86,0.758
ALC_001099,2025-04-19,VIL_013,454432.9,454432.9,372635.0,81797.9,0.82,0.758
ALC_001100,2025-04-20,VIL_013,448714.3,448714.3,242305.7,206408.6,0.54,0.758
ALC_001101,2025-04-21,VIL_013,474618.5,474618.5,403425.7,71192.8,0.85,0.758
ALC_001102,2025-04-22,VIL_013,461298.4,461298.4,295231.0,166067.4,0.64,0.758
ALC_001103,2025-04-23,VIL_013,464395.3,464395.3,371516.2,92879.1,0.8,0.758
ALC_001104,2025-04-24,VIL_013,470845.2,470845.2,470845.2,0.0,1.0,0.758
ALC_001105,2025-04-25,VIL_013,455848.2,455848.2,341886.2,113962.0,0.75,0.758
ALC_001106,2025-04-26,VIL_013,465609.8,465609.8,465609.8,0.0,1.0,0.758
ALC_001107,2025-04-27,VIL_013,450647.4,450647.4,450647.4,0.0,1.0,0.758
ALC_001108,2025-04-28,VIL_013,461634.5,461634.5,461634.5,0.0,1.0,0.758
ALC_001109,2025-04-29,VIL_013,471482.5,471482.5,471482.5,0.0,1.0,0.758
ALC_001110,2025-04-30,VIL_013,454824.3,454824.3,454824.3,0.0,1.0,0.758
ALC_001111,2025-05-01,VIL_013,438550.9,438550.9,438550.9,0.0,1.0,0.758
ALC_001112,2025-05-02,VIL_013,443723.6,443723.6,239610.7,204112.9,0.54,0.758
ALC_001113,2025-05-03,VIL_013,475296.3,475296.3,475296.3,0.0,1.0,0.758
ALC_001114,2025-05-04,VIL_013,463662.4,463662.4,463662.4,0.0,1.0,0.758
ALC_001115,2025-05-05,VIL_013,477822.9,477822.9,358367.2,119455.7,0.75,0.758
ALC_001116,2025-05-06,VIL_013,461320.2,461320.2,267565.7,193754.5,0.58,0.758
ALC_001117,2025-05-07,VIL_013,449942.6,449942.6,283463.8,166478.8,0.63,0.758
ALC_001118,2025-05-08,VIL_013,462081.3,462081.3,462081.3,0.0,1.0,0.758
ALC_001119,2025-05-09,VIL_013,444608.3,444608.3,377917.1,66691.2,0.85,0.758
ALC_001120,2025-05-10,VIL_013,447064.0,447064.0,326356.7,120707.3,0.73,0.758
ALC_001121,2025-05-11,VIL_013,444395.6,444395.6,226641.8,217753.8,0.51,0.758
ALC_001122,2025-05-12,VIL_013,485499.0,485499.0,485499.0,0.0,1.0,0.758
ALC_001123,2025-05-13,VIL_013,477603.0,477603.0,477603.0,0.0,1.0,0.758
ALC_001124,2025-05-14,VIL_013,477110.1,477110.1,477110.1,0.0,1.0,0.758
ALC_001125,2025-05-15,VIL_013,478935.4,478935.4,258625.1,220310.3,0.54,0.758
ALC_001126,2025-05-16,VIL_013,454925.2,454925.2,454925.2,0.0,1.0,0.758
ALC_001127,2025-05-17,VIL_013,483041.9,483041.9,483041.9,0.0,1.0,0.758
ALC_001128,2025-05-18,VIL_013,471170.9,471170.9,471170.9,0.0,1.0,0.758
ALC_001129,2025-05-19,VIL_013,468205.5,468205.5,468205.5,0.0,1.0,0.758
ALC_001130,2025-05-20,VIL_013,457606.6,457606.6,457606.6,0.0,1.0,0.758
ALC_001131,2025-05-21,VIL_013,467130.0,467130.0,317648.4,149481.6,0.68,0.758
ALC_001132,2025-05-22,VIL_013,471581.4,471581.4,471581.4,0.0,1.0,0.758
ALC_001133,2025-05-23,VIL_013,461559.7,461559.7,263089.0,198470.7,0.57,0.758
ALC_001134,2025-05-24,VIL_013,393126.6,393126.6,393126.6,0.0,1.0,0.758
ALC_001135,2025-05-25,VIL_013,465567.2,465567.2,465567.2,0.0,1.0,0.758
ALC_001136,2025-05-26,VIL_013,461923.2,461923.2,309488.5,152434.7,0.67,0.758
ALC_001137,2025-05-27,VIL_013,416832.2,416832.2,416832.2,0.0,1.0,0.758
ALC_001138,2025-05-28,VIL_013,477634.7,477634.7,477634.7,0.0,1.0,0.758
ALC_001139,2025-05-29,VIL_013,399757.8,399757.8,399757.8,0.0,1.0,0.758
ALC_001140,2025-05-30,VIL_013,445574.9,445574.9,445574.9,0.0,1.0,0.758
ALC_001141,2025-05-31,VIL_013,456622.3,456622.3,456622.3,0.0,1.0,0.758
ALC_001142,2025-06-01,VIL_013,392310.0,392310.0,278540.1,113769.9,0.71,0.758
ALC_001143,2025-06-02,VIL_013,387088.0,387088.0,274832.5,112255.5,0.71,0.758
ALC_001144,2025-06-03,VIL_013,440840.7,440840.7,440840.7,0.0,1.0,0.758
ALC_001145,2025-06-04,VIL_013,384915.8,384915.8,384915.8,0.0,1.0,0.758
ALC_001146,2025-06-05,VIL_013,389496.4,389496.4,389496.4,0.0,1.0,0.758
ALC_001147,2025-06-06,VIL_013,394942.7,394942.7,394942.7,0.0,1.0,0.758
ALC_001148,2025-06-07,VIL_013,466843.9,466843.9,266101.0,200742.9,0.57,0.758
ALC_001149,2025-06-08,VIL_013,448358.6,448358.6,313851.0,134507.6,0.7,0.758
ALC_001150,2025-06-09,VIL_013,375531.7,375531.7,375531.7,0.0,1.0,0.758
ALC_001151,2025-06-10,VIL_013,401400.6,401400.6,325134.5,76266.1,0.81,0.758
ALC_001152,2025-06-11,VIL_013,429356.7,429356.7,279081.9,150274.8,0.65,0.758
ALC_001153,2025-06-12,VIL_013,458553.9,458553.9,458553.9,0.0,1.0,0.758
ALC_001154,2025-06-13,VIL_013,393211.7,393211.7,342094.2,51117.5,0.87,0.758
ALC_001155,2025-06-14,VIL_013,401560.5,401560.5,313217.2,88343.3,0.78,0.758
ALC_001156,2025-06-15,VIL_013,445967.3,445967.3,254201.4,191765.9,0.57,0.758
ALC_001157,2025-06-16,VIL_013,416705.4,416705.4,416705.4,0.0,1.0,0.758
ALC_001158,2025-06-17,VIL_013,386868.7,386868.7,212777.8,174090.9,0.55,0.758
ALC_001159,2025-06-18,VIL_013,455666.3,455666.3,455666.3,0.0,1.0,0.758
ALC_001160,2025-06-19,VIL_013,462997.5,462997.5,462997.5,0.0,1.0,0.758
ALC_001161,2025-06-20,VIL_013,436321.7,436321.7,436321.7,0.0,1.0,0.758
ALC_001162,2025-06-21,VIL_013,397612.0,397612.0,397612.0,0.0,1.0,0.758
ALC_001163,2025-06-22,VIL_013,387313.8,387313.8,302104.8,85209.0,0.78,0.758
ALC_001164,2025-06-23,VIL_013,429038.9,429038.9,317488.8,111550.1,0.74,0.758
ALC_001165,2025-06-24,VIL_013,369876.3,369876.3,251515.9,118360.4,0.68,0.758
ALC_001166,2025-06-25,VIL_013,451227.1,451227.1,388055.3,63171.8,0.86,0.758
ALC_001167,2025-06-26,VIL_013,377245.4,377245.4,377245.4,0.0,1.0,0.758
ALC_001168,2025-06-27,VIL_013,437644.6,437644.6,437644.6,0.0,1.0,0.758
ALC_001169,2025-06-28,VIL_013,440532.5,440532.5,242292.9,198239.6,0.55,0.758
ALC_001170,2025-06-29,VIL_013,396467.0,396467.0,396467.0,0.0,1.0,0.758
ALC_001171,2025-04-01,VIL_014,527948.8,527948.8,527948.8,0.0,1.0,0.652
ALC_001172,2025-04-02,VIL_014,522171.6,522171.6,522171.6,0.0,1.0,0.652
ALC_001173,2025-04-03,VIL_014,522117.6,522117.6,522117.6,0.0,1.0,0.652
ALC_001174,2025-04-04,VIL_014,554861.0,554861.0,554861.0,0.0,1.0,0.652
ALC_001175,2025-04-05,VIL_014,521489.5,521489.5,411976.7,109512.8,0.79,0.652
ALC_001176,2025-04-06,VIL_014,523839.7,523839.7,293350.2,230489.5,0.56,0.652
ALC_001177,2025-04-07,VIL_014,518701.1,518701.1,435708.9,82992.2,0.84,0.652
ALC_001178,2025-04-08,VIL_014,552974.3,552974.3,552974.3,0.0,1.0,0.652
ALC_001179,2025-04-09,VIL_014,504381.3,504381.3,504381.3,0.0,1.0,0.652
ALC_001180,2025-04-10,VIL_014,544158.0,544158.0,544158.0,0.0,1.0,0.652
ALC_001181,2025-04-11,VIL_014,521525.1,521525.1,521525.1,0.0,1.0,0.652
ALC_001182,2025-04-12,VIL_014,518841.7,518841.7,518841.7,0.0,1.0,0.652
ALC_001183,2025-04-13,VIL_014,508884.8,508884.8,274797.8,234087.0,0.54,0.652
ALC_001184,2025-04-14,VIL_014,540740.7,540740.7,443407.4,97333.3,0.82,0.652
ALC_001185,2025-04-15,VIL_014,560245.1,560245.1,560245.1,0.0,1.0,0.652
ALC_001186,2025-04-16,VIL_014,554533.5,554533.5,554533.5,0.0,1.0,0.652
ALC_001187,2025-04-17,VIL_014,542611.6,542611.6,412384.8,130226.8,0.76,0.652
ALC_001188,2025-04-18,VIL_014,547193.8,547193.8,470586.7,76607.1,0.86,0.652
ALC_001189,2025-04-19,VIL_014,513323.6,513323.6,282328.0,230995.6,0.55,0.652
ALC_001190,2025-04-20,VIL_014,520615.2,520615.2,520615.2,0.0,1.0,0.652
ALC_001191,2025-04-21,VIL_014,557356.5,557356.5,557356.5,0.0,1.0,0.652
ALC_001192,2025-04-22,VIL_014,554761.5,554761.5,305118.8,249642.7,0.55,0.652
ALC_001193,2025-04-23,VIL_014,535904.6,535904.6,535904.6,0.0,1.0,0.652
ALC_001194,2025-04-24,VIL_014,506062.0,506062.0,506062.0,0.0,1.0,0.652
ALC_001195,2025-04-25,VIL_014,553240.2,553240.2,553240.2,0.0,1.0,0.652
ALC_001196,2025-04-26,VIL_014,537352.1,537352.1,537352.1,0.0,1.0,0.652
ALC_001197,2025-04-27,VIL_014,540203.2,540203.2,540203.2,0.0,1.0,0.652
ALC_001198,2025-04-28,VIL_014,531882.2,531882.2,531882.2,0.0,1.0,0.652
ALC_001199,2025-04-29,VIL_014,537693.7,537693.7,295731.5,241962.2,0.55,0.652
ALC_001200,2025-04-30,VIL_014,538804.0,538804.0,538804.0,0.0,1.0,0.652
ALC_001201,2025-05-01,VIL_014,539056.5,539056.5,404292.4,134764.1,0.75,0.652
ALC_001202,2025-05-02,VIL_014,525644.7,525644.7,373207.7,152437.0,0.71,0.652
ALC_001203,2025-05-03,VIL_014,517811.4,517811.4,372824.2,144987.2,0.72,0.652
ALC_001204,2025-05-04,VIL_014,565615.2,565615.2,361993.7,203621.5,0.64,0.652
ALC_001205,2025-05-05,VIL_014,512601.2,512601.2,333190.8,179410.4,0.65,0.652
ALC_001206,2025-05-06,VIL_014,532072.2,532072.2,457582.1,74490.1,0.86,0.652
ALC_001207,2025-05-07,VIL_014,515872.0,515872.0,515872.0,0.0,1.0,0.652
ALC_001208,2025-05-08,VIL_014,527260.5,527260.5,527260.5,0.0,1.0,0.652
ALC_001209,2025-05-09,VIL_014,508347.6,508347.6,508347.6,0.0,1.0,0.652
ALC_001210,2025-05-10,VIL_014,557876.2,557876.2,557876.2,0.0,1.0,0.652
ALC_001211,2025-05-11,VIL_014,539140.1,539140.1,539140.1,0.0,1.0,0.652
ALC_001212,2025-05-12,VIL_014,529432.5,529432.5,529432.5,0.0,1.0,0.652
ALC_001213,2025-05-13,VIL_014,544597.1,544597.1,544597.1,0.0,1.0,0.652
ALC_001214,2025-05-14,VIL_014,546264.3,546264.3,546264.3,0.0,1.0,0.652
ALC_001215,2025-05-15,VIL_014,542454.3,542454.3,542454.3,0.0,1.0,0.652
ALC_001216,2025-05-16,VIL_014,531977.7,531977.7,531977.7,0.0,1.0,0.652
ALC_001217,2025-05-17,VIL_014,543592.6,543592.6,342463.3,201129.3,0.63,0.652
ALC_001218,2025-05-18,VIL_014,531622.3,531622.3,531622.3,0.0,1.0,0.652
ALC_001219,2025-05-19,VIL_014,503698.1,503698.1,503698.1,0.0,1.0,0.652
ALC_001220,2025-05-20,VIL_014,561810.1,561810.1,561810.1,0.0,1.0,0.652
ALC_001221,2025-05-21,VIL_014,521147.9,521147.9,521147.9,0.0,1.0,0.652
ALC_001222,2025-05-22,VIL_014,543403.2,543403.2,293437.7,249965.5,0.54,0.652
ALC_001223,2025-05-23,VIL_014,529303.3,529303.3,529303.3,0.0,1.0,0.652
ALC_001224,2025-05-24,VIL_014,518722.2,518722.2,518722.2,0.0,1.0,0.652
ALC_001225,2025-05-25,VIL_014,546770.5,546770.5,546770.5,0.0,1.0,0.652
ALC_001226,2025-05-26,VIL_014,523000.8,523000.8,523000.8,0.0,1.0,0.652
ALC_001227,2025-05-27,VIL_014,543824.2,543824.2,331732.8,212091.4,0.61,0.652
ALC_001228,2025-05-28,VIL_014,536227.9,536227.9,439706.9,96521.0,0.82,0.652
ALC_001229,2025-05-29,VIL_014,521004.8,521004.8,437644.0,83360.8,0.84,0.652
ALC_001230,2025-05-30,VIL_014,521250.9,521250.9,521250.9,0.0,1.0,0.652
ALC_001231,2025-05-31,VIL_014,525351.7,525351.7,430788.4,94563.3,0.82,0.652
ALC_001232,2025-06-01,VIL_014,445535.6,445535.6,445535.6,0.0,1.0,0.652
ALC_001233,2025-06-02,VIL_014,413375.4,413375.4,326566.6,86808.8,0.79,0.652
ALC_001234,2025-06-03,VIL_014,519348.1,519348.1,519348.1,0.0,1.0,0.652
ALC_001235,2025-06-04,VIL_014,444849.0,444849.0,444849.0,0.0,1.0,0.652
ALC_001236,2025-06-05,VIL_014,497661.7,497661.7,497661.7,0.0,1.0,0.652
ALC_001237,2025-06-06,VIL_014,430374.1,430374.1,370121.7,60252.4,0.86,0.652
ALC_001238,2025-06-07,VIL_014,478825.2,478825.2,344754.1,134071.1,0.72,0.652
ALC_001239,2025-06-08,VIL_014,522154.2,522154.2,522154.2,0.0,1.0,0.652
ALC_001240,2025-06-09,VIL_014,431072.5,431072.5,431072.5,0.0,1.0,0.652
ALC_001241,2025-06-10,VIL_014,517725.7,517725.7,517725.7,0.0,1.0,0.652
ALC_001242,2025-06-11,VIL_014,472125.6,472125.6,302160.4,169965.2,0.64,0.652
ALC_001243,2025-06-12,VIL_014,502894.5,502894.5,296707.8,206186.7,0.59,0.652
ALC_001244,2025-06-13,VIL_014,507438.8,507438.8,507438.8,0.0,1.0,0.652
ALC_001245,2025-06-14,VIL_014,519771.0,519771.0,343048.9,176722.1,0.66,0.652
ALC_001246,2025-06-15,VIL_014,423546.2,423546.2,423546.2,0.0,1.0,0.652
ALC_001247,2025-06-16,VIL_014,497100.7,497100.7,497100.7,0.0,1.0,0.652
ALC_001248,2025-06-17,VIL_014,509590.4,509590.4,509590.4,0.0,1.0,0.652
ALC_001249,2025-06-18,VIL_014,521065.7,521065.7,521065.7,0.0,1.0,0.652
ALC_001250,2025-06-19,VIL_014,448095.3,448095.3,448095.3,0.0,1.0,0.652
ALC_001251,2025-06-20,VIL_014,508905.5,508905.5,508905.5,0.0,1.0,0.652
ALC_001252,2025-06-21,VIL_014,518585.1,518585.1,394124.7,124460.4,0.76,0.652
ALC_001253,2025-06-22,VIL_014,515833.4,515833.4,515833.4,0.0,1.0,0.652
ALC_001254,2025-06-23,VIL_014,431342.5,431342.5,349387.4,81955.1,0.81,0.652
ALC_001255,2025-06-24,VIL_014,463163.1,463163.1,379793.7,83369.4,0.82,0.652
ALC_001256,2025-06-25,VIL_014,460584.7,460584.7,377679.5,82905.2,0.82,0.652
ALC_001257,2025-06-26,VIL_014,435605.5,435605.5,435605.5,0.0,1.0,0.652
ALC_001258,2025-06-27,VIL_014,500416.2,500416.2,500416.2,0.0,1.0,0.652
ALC_001259,2025-06-28,VIL_014,443094.1,443094.1,443094.1,0.0,1.0,0.652
ALC_001260,2025-06-29,VIL_014,528086.0,528086.0,528086.0,0.0,1.0,0.652
ALC_001261,2025-04-01,VIL_015,638664.4,638664.4,638664.4,0.0,1.0,0.699
ALC_001262,2025-04-02,VIL_015,580738.1,580738.1,580738.1,0.0,1.0,0.699
ALC_001263,2025-04-03,VIL_015,638990.5,638990.5,555921.7,83068.8,0.87,0.699
ALC_001264,2025-04-04,VIL_015,606440.2,606440.2,606440.2,0.0,1.0,0.699
ALC_001265,2025-04-05,VIL_015,634454.0,634454.0,634454.0,0.0,1.0,0.699
ALC_001266,2025-04-06,VIL_015,614382.6,614382.6,614382.6,0.0,1.0,0.699
ALC_001267,2025-04-07,VIL_015,641024.3,641024.3,641024.3,0.0,1.0,0.699
ALC_001268,2025-04-08,VIL_015,624795.0,624795.0,624795.0,0.0,1.0,0.699
ALC_001269,2025-04-09,VIL_015,568702.0,568702.0,454961.6,113740.4,0.8,0.699
ALC_001270,2025-04-10,VIL_015,594212.5,594212.5,594212.5,0.0,1.0,0.699
ALC_001271,2025-04-11,VIL_015,600875.3,600875.3,312455.2,288420.1,0.52,0.699
ALC_001272,2025-04-12,VIL_015,627246.1,627246.1,627246.1,0.0,1.0,0.699
ALC_001273,2025-04-13,VIL_015,602080.3,602080.3,602080.3,0.0,1.0,0.699
ALC_001274,2025-04-14,VIL_015,592659.5,592659.5,468201.0,124458.5,0.79,0.699
ALC_001275,2025-04-15,VIL_015,637160.0,637160.0,637160.0,0.0,1.0,0.699
ALC_001276,2025-04-16,VIL_015,653228.5,653228.5,653228.5,0.0,1.0,0.699
ALC_001277,2025-04-17,VIL_015,604088.5,604088.5,489311.7,114776.8,0.81,0.699
ALC_001278,2025-04-18,VIL_015,621750.7,621750.7,497400.6,124350.1,0.8,0.699
ALC_001279,2025-04-19,VIL_015,594370.7,594370.7,594370.7,0.0,1.0,0.699
ALC_001280,2025-04-20,VIL_015,578315.4,578315.4,578315.4,0.0,1.0,0.699
ALC_001281,2025-04-21,VIL_015,613026.8,613026.8,386206.9,226819.9,0.63,0.699
ALC_001282,2025-04-22,VIL_015,639248.4,639248.4,639248.4,0.0,1.0,0.699
ALC_001283,2025-04-23,VIL_015,644046.7,644046.7,502356.4,141690.3,0.78,0.699
ALC_001284,2025-04-24,VIL_015,593748.7,593748.7,593748.7,0.0,1.0,0.699
ALC_001285,2025-04-25,VIL_015,610902.5,610902.5,482613.0,128289.5,0.79,0.699
ALC_001286,2025-04-26,VIL_015,578319.5,578319.5,422173.2,156146.3,0.73,0.699
ALC_001287,2025-04-27,VIL_015,629829.5,629829.5,472372.1,157457.4,0.75,0.699
ALC_001288,2025-04-28,VIL_015,610789.4,610789.4,610789.4,0.0,1.0,0.699
ALC_001289,2025-04-29,VIL_015,598163.2,598163.2,358897.9,239265.3,0.6,0.699
ALC_001290,2025-04-30,VIL_015,601980.7,601980.7,319049.8,282930.9,0.53,0.699
ALC_001291,2025-05-01,VIL_015,626735.6,626735.6,626735.6,0.0,1.0,0.699
ALC_001292,2025-05-02,VIL_015,627139.3,627139.3,457811.7,169327.6,0.73,0.699
ALC_001293,2025-05-03,VIL_015,591585.5,591585.5,420025.7,171559.8,0.71,0.699
ALC_001294,2025-05-04,VIL_015,606191.7,606191.7,606191.7,0.0,1.0,0.699
ALC_001295,2025-05-05,VIL_015,621809.1,621809.1,621809.1,0.0,1.0,0.699
ALC_001296,2025-05-06,VIL_015,595669.6,595669.6,411012.0,184657.6,0.69,0.699
ALC_001297,2025-05-07,VIL_015,632522.5,632522.5,316261.2,316261.3,0.5,0.699
ALC_001298,2025-05-08,VIL_015,584676.6,584676.6,584676.6,0.0,1.0,0.699
ALC_001299,2025-05-09,VIL_015,582503.2,582503.2,582503.2,0.0,1.0,0.699
ALC_001300,2025-05-10,VIL_015,621527.7,621527.7,621527.7,0.0,1.0,0.699
ALC_001301,2025-05-11,VIL_015,584445.7,584445.7,584445.7,0.0,1.0,0.699
ALC_001302,2025-05-12,VIL_015,589145.2,589145.2,388835.8,200309.4,0.66,0.699
ALC_001303,2025-05-13,VIL_015,605278.9,605278.9,490275.9,115003.0,0.81,0.699
ALC_001304,2025-05-14,VIL_015,643751.1,643751.1,527875.9,115875.2,0.82,0.699
ALC_001305,2025-05-15,VIL_015,606786.7,606786.7,527904.4,78882.3,0.87,0.699
ALC_001306,2025-05-16,VIL_015,619138.2,619138.2,619138.2,0.0,1.0,0.699
ALC_001307,2025-05-17,VIL_015,592424.2,592424.2,408772.7,183651.5,0.69,0.699
ALC_001308,2025-05-18,VIL_015,588549.9,588549.9,488496.4,100053.5,0.83,0.699
ALC_001309,2025-05-19,VIL_015,613897.7,613897.7,613897.7,0.0,1.0,0.699
ALC_001310,2025-05-20,VIL_015,626658.2,626658.2,626658.2,0.0,1.0,0.699
ALC_001311,2025-05-21,VIL_015,583204.0,583204.0,583204.0,0.0,1.0,0.699
ALC_001312,2025-05-22,VIL_015,622678.8,622678.8,510596.6,112082.2,0.82,0.699
ALC_001313,2025-05-23,VIL_015,619212.2,619212.2,619212.2,0.0,1.0,0.699
ALC_001314,2025-05-24,VIL_015,621538.3,621538.3,621538.3,0.0,1.0,0.699
ALC_001315,2025-05-25,VIL_015,657012.7,657012.7,519040.0,137972.7,0.79,0.699
ALC_001316,2025-05-26,VIL_015,628434.6,628434.6,446188.6,182246.0,0.71,0.699
ALC_001317,2025-05-27,VIL_015,612235.9,612235.9,612235.9,0.0,1.0,0.699
ALC_001318,2025-05-28,VIL_015,589481.5,589481.5,589481.5,0.0,1.0,0.699
ALC_001319,2025-05-29,VIL_015,599264.6,599264.6,599264.6,0.0,1.0,0.699
ALC_001320,2025-05-30,VIL_015,616522.1,616522.1,616522.1,0.0,1.0,0.699
ALC_001321,2025-05-31,VIL_015,599220.5,599220.5,455407.6,143812.9,0.76,0.699
ALC_001322,2025-06-01,VIL_015,540602.6,540602.6,540602.6,0.0,1.0,0.699
ALC_001323,2025-06-02,VIL_015,505951.4,505951.4,298511.3,207440.1,0.59,0.699
ALC_001324,2025-06-03,VIL_015,564693.9,564693.9,333169.4,231524.5,0.59,0.699
ALC_001325,2025-06-04,VIL_015,498560.3,498560.3,498560.3,0.0,1.0,0.699
ALC_001326,2025-06-05,VIL_015,576256.9,576256.9,576256.9,0.0,1.0,0.699
ALC_001327,2025-06-06,VIL_015,525428.5,525428.5,525428.5,0.0,1.0,0.699
ALC_001328,2025-06-07,VIL_015,580020.8,580020.8,580020.8,0.0,1.0,0.699
ALC_001329,2025-06-08,VIL_015,557363.0,557363.0,289828.8,267534.2,0.52,0.699
ALC_001330,2025-06-09,VIL_015,502044.7,502044.7,502044.7,0.0,1.0,0.699
ALC_001331,2025-06-10,VIL_015,603025.2,603025.2,603025.2,0.0,1.0,0.699
ALC_001332,2025-06-11,VIL_015,556897.3,556897.3,556897.3,0.0,1.0,0.699
ALC_001333,2025-06-12,VIL_015,576391.1,576391.1,576391.1,0.0,1.0,0.699
ALC_001334,2025-06-13,VIL_015,549624.9,549624.9,351759.9,197865.0,0.64,0.699
ALC_001335,2025-06-14,VIL_015,606610.5,606610.5,339701.9,266908.6,0.56,0.699
ALC_001336,2025-06-15,VIL_015,526496.7,526496.7,526496.7,0.0,1.0,0.699
ALC_001337,2025-06-16,VIL_015,541567.7,541567.7,541567.7,0.0,1.0,0.699
ALC_001338,2025-06-17,VIL_015,566354.6,566354.6,385121.1,181233.5,0.68,0.699
ALC_001339,2025-06-18,VIL_015,584929.3,584929.3,584929.3,0.0,1.0,0.699
ALC_001340,2025-06-19,VIL_015,522798.5,522798.5,522798.5,0.0,1.0,0.699
ALC_001341,2025-06-20,VIL_015,577473.9,577473.9,577473.9,0.0,1.0,0.699
ALC_001342,2025-06-21,VIL_015,580971.8,580971.8,429919.1,151052.7,0.74,0.699
ALC_001343,2025-06-22,VIL_015,574900.3,574900.3,574900.3,0.0,1.0,0.699
ALC_001344,2025-06-23,VIL_015,496552.1,496552.1,372414.1,124138.0,0.75,0.699
ALC_001345,2025-06-24,VIL_015,502388.1,502388.1,502388.1,0.0,1.0,0.699
ALC_001346,2025-06-25,VIL_015,519517.1,519517.1,353271.6,166245.5,0.68,0.699
ALC_001347,2025-06-26,VIL_015,530593.3,530593.3,371415.3,159178.0,0.7,0.699
ALC_001348,2025-06-27,VIL_015,579129.8,579129.8,579129.8,0.0,1.0,0.699
ALC_001349,2025-06-28,VIL_015,479414.0,479414.0,479414.0,0.0,1.0,0.699
ALC_001350,2025-06-29,VIL_015,594727.3,594727.3,594727.3,0.0,1.0,0.699
ALC_001351,2025-04-01,VIL_016,201459.6,201459.6,201459.6,0.0,1.0,0.715
ALC_001352,2025-04-02,VIL_016,197335.0,197335.0,197335.0,0.0,1.0,0.715
ALC_001353,2025-04-03,VIL_016,202636.6,202636.6,131713.8,70922.8,0.65,0.715
ALC_001354,2025-04-04,VIL_016,192751.4,192751.4,192751.4,0.0,1.0,0.715
ALC_001355,2025-04-05,VIL_016,209054.5,209054.5,209054.5,0.0,1.0,0.715
ALC_001356,2025-04-06,VIL_016,201926.9,201926.9,127213.9,74713.0,0.63,0.715
ALC_001357,2025-04-07,VIL_016,202517.7,202517.7,133661.7,68856.0,0.66,0.715
ALC_001358,2025-04-08,VIL_016,198364.7,198364.7,198364.7,0.0,1.0,0.715
ALC_001359,2025-04-09,VIL_016,196290.5,196290.5,196290.5,0.0,1.0,0.715
ALC_001360,2025-04-10,VIL_016,190352.0,190352.0,190352.0,0.0,1.0,0.715
ALC_001361,2025-04-11,VIL_016,200608.1,200608.1,112340.5,88267.6,0.56,0.715
ALC_001362,2025-04-12,VIL_016,188158.5,188158.5,109131.9,79026.6,0.58,0.715
ALC_001363,2025-04-13,VIL_016,194518.3,194518.3,194518.3,0.0,1.0,0.715
ALC_001364,2025-04-14,VIL_016,209688.4,209688.4,209688.4,0.0,1.0,0.715
ALC_001365,2025-04-15,VIL_016,195840.3,195840.3,195840.3,0.0,1.0,0.715
ALC_001366,2025-04-16,VIL_016,207438.0,207438.0,170099.2,37338.8,0.82,0.715
ALC_001367,2025-04-17,VIL_016,202552.7,202552.7,202552.7,0.0,1.0,0.715
ALC_001368,2025-04-18,VIL_016,208405.5,208405.5,208405.5,0.0,1.0,0.715
ALC_001369,2025-04-19,VIL_016,207250.0,207250.0,111915.0,95335.0,0.54,0.715
ALC_001370,2025-04-20,VIL_016,197615.1,197615.1,106712.2,90902.9,0.54,0.715
ALC_001371,2025-04-21,VIL_016,195867.8,195867.8,195867.8,0.0,1.0,0.715
ALC_001372,2025-04-22,VIL_016,188513.5,188513.5,124418.9,64094.6,0.66,0.715
ALC_001373,2025-04-23,VIL_016,192659.9,192659.9,167614.1,25045.8,0.87,0.715
ALC_001374,2025-04-24,VIL_016,196778.8,196778.8,196778.8,0.0,1.0,0.715
ALC_001375,2025-04-25,VIL_016,196890.8,196890.8,196890.8,0.0,1.0,0.715
ALC_001376,2025-04-26,VIL_016,207849.5,207849.5,130945.2,76904.3,0.63,0.715
ALC_001377,2025-04-27,VIL_016,192597.9,192597.9,192597.9,0.0,1.0,0.715
ALC_001378,2025-04-28,VIL_016,193932.1,193932.1,193932.1,0.0,1.0,0.715
ALC_001379,2025-04-29,VIL_016,198432.8,198432.8,198432.8,0.0,1.0,0.715
ALC_001380,2025-04-30,VIL_016,204385.3,204385.3,136938.2,67447.1,0.67,0.715
ALC_001381,2025-05-01,VIL_016,198116.3,198116.3,162455.4,35660.9,0.82,0.715
ALC_001382,2025-05-02,VIL_016,188436.0,188436.0,188436.0,0.0,1.0,0.715
ALC_001383,2025-05-03,VIL_016,196114.4,196114.4,147085.8,49028.6,0.75,0.715
ALC_001384,2025-05-04,VIL_016,205221.9,205221.9,141603.1,63618.8,0.69,0.715
ALC_001385,2025-05-05,VIL_016,193297.0,193297.0,193297.0,0.0,1.0,0.715
ALC_001386,2025-05-06,VIL_016,198327.6,198327.6,156678.8,41648.8,0.79,0.715
ALC_001387,2025-05-07,VIL_016,189429.2,189429.2,121234.7,68194.5,0.64,0.715
ALC_001388,2025-05-08,VIL_016,205662.4,205662.4,205662.4,0.0,1.0,0.715
ALC_001389,2025-05-09,VIL_016,204477.8,204477.8,204477.8,0.0,1.0,0.715
ALC_001390,2025-05-10,VIL_016,207880.4,207880.4,207880.4,0.0,1.0,0.715
ALC_001391,2025-05-11,VIL_016,193001.1,193001.1,193001.1,0.0,1.0,0.715
ALC_001392,2025-05-12,VIL_016,194112.4,194112.4,163054.4,31058.0,0.84,0.715
ALC_001393,2025-05-13,VIL_016,202006.1,202006.1,103023.1,98983.0,0.51,0.715
ALC_001394,2025-05-14,VIL_016,197161.5,197161.5,197161.5,0.0,1.0,0.715
ALC_001395,2025-05-15,VIL_016,201588.6,201588.6,175382.1,26206.5,0.87,0.715
ALC_001396,2025-05-16,VIL_016,192746.0,192746.0,192746.0,0.0,1.0,0.715
ALC_001397,2025-05-17,VIL_016,192428.3,192428.3,111608.4,80819.9,0.58,0.715
ALC_001398,2025-05-18,VIL_016,200524.5,200524.5,200524.5,0.0,1.0,0.715
ALC_001399,2025-05-19,VIL_016,196220.9,196220.9,196220.9,0.0,1.0,0.715
ALC_001400,2025-05-20,VIL_016,193972.4,193972.4,193972.4,0.0,1.0,0.715
ALC_001401,2025-05-21,VIL_016,193721.9,193721.9,193721.9,0.0,1.0,0.715
ALC_001402,2025-05-22,VIL_016,193462.1,193462.1,193462.1,0.0,1.0,0.715
ALC_001403,2025-05-23,VIL_016,199585.2,199585.2,129730.4,69854.8,0.65,0.715
ALC_001404,2025-05-24,VIL_016,197088.6,197088.6,197088.6,0.0,1.0,0.715
ALC_001405,2025-05-25,VIL_016,199537.3,199537.3,199537.3,0.0,1.0,0.715
ALC_001406,2025-05-26,VIL_016,208420.4,208420.4,108378.6,100041.8,0.52,0.715
ALC_001407,2025-05-27,VIL_016,198357.1,198357.1,198357.1,0.0,1.0,0.715
ALC_001408,2025-05-28,VIL_016,196640.6,196640.6,127816.4,68824.2,0.65,0.715
ALC_001409,2025-05-29,VIL_016,210779.1,210779.1,210779.1,0.0,1.0,0.715
ALC_001410,2025-05-30,VIL_016,201598.1,201598.1,122974.8,78623.3,0.61,0.715
ALC_001411,2025-05-31,VIL_016,190334.4,190334.4,190334.4,0.0,1.0,0.715
ALC_001412,2025-06-01,VIL_016,158780.2,158780.2,158780.2,0.0,1.0,0.715
ALC_001413,2025-06-02,VIL_016,169452.8,169452.8,106755.3,62697.5,0.63,0.715
ALC_001414,2025-06-03,VIL_016,189886.9,189886.9,113932.1,75954.8,0.6,0.715
ALC_001415,2025-06-04,VIL_016,165678.4,165678.4,165678.4,0.0,1.0,0.715
ALC_001416,2025-06-05,VIL_016,192767.2,192767.2,192767.2,0.0,1.0,0.715
ALC_001417,2025-06-06,VIL_016,167860.9,167860.9,167860.9,0.0,1.0,0.715
ALC_001418,2025-06-07,VIL_016,195343.1,195343.1,195343.1,0.0,1.0,0.715
ALC_001419,2025-06-08,VIL_016,184123.3,184123.3,158346.0,25777.3,0.86,0.715
ALC_001420,2025-06-09,VIL_016,169276.2,169276.2,147270.3,22005.9,0.87,0.715
ALC_001421,2025-06-10,VIL_016,189392.8,189392.8,138256.7,51136.1,0.73,0.715
ALC_001422,2025-06-11,VIL_016,181601.7,181601.7,181601.7,0.0,1.0,0.715
ALC_001423,2025-06-12,VIL_016,181732.9,181732.9,127213.0,54519.9,0.7,0.715
ALC_001424,2025-06-13,VIL_016,190017.3,190017.3,165315.1,24702.2,0.87,0.715
ALC_001425,2025-06-14,VIL_016,188768.2,188768.2,117036.3,71731.9,0.62,0.715
ALC_001426,2025-06-15,VIL_016,168894.2,168894.2,168894.2,0.0,1.0,0.715
ALC_001427,2025-06-16,VIL_016,181681.5,181681.5,119909.8,61771.7,0.66,0.715
ALC_001428,2025-06-17,VIL_016,186400.3,186400.3,186400.3,0.0,1.0,0.715
ALC_001429,2025-06-18,VIL_016,195721.3,195721.3,160491.5,35229.8,0.82,0.715
ALC_001430,2025-06-19,VIL_016,172467.5,172467.5,172467.5,0.0,1.0,0.715
ALC_001431,2025-06-20,VIL_016,189656.5,189656.5,189656.5,0.0,1.0,0.715
ALC_001432,2025-06-21,VIL_016,190773.3,190773.3,190773.3,0.0,1.0,0.715
ALC_001433,2025-06-22,VIL_016,192861.0,192861.0,192861.0,0.0,1.0,0.715
ALC_001434,2025-06-23,VIL_016,163107.7,163107.7,89709.2,73398.5,0.55,0.715
ALC_001435,2025-06-24,VIL_016,171850.8,171850.8,171850.8,0.0,1.0,0.715
ALC_001436,2025-06-25,VIL_016,165865.9,165865.9,126058.1,39807.8,0.76,0.715
ALC_001437,2025-06-26,VIL_016,162618.4,162618.4,162618.4,0.0,1.0,0.715
ALC_001438,2025-06-27,VIL_016,191156.5,191156.5,191156.5,0.0,1.0,0.715
ALC_001439,2025-06-28,VIL_016,162299.9,162299.9,162299.9,0.0,1.0,0.715
ALC_001440,2025-06-29,VIL_016,190348.0,190348.0,190348.0,0.0,1.0,0.715
ALC_001441,2025-04-01,VIL_017,152265.2,152265.2,152265.2,0.0,1.0,0.344
ALC_001442,2025-04-02,VIL_017,158545.7,158545.7,158545.7,0.0,1.0,0.344
ALC_001443,2025-04-03,VIL_017,153750.8,153750.8,153750.8,0.0,1.0,0.344
ALC_001444,2025-04-04,VIL_017,151458.9,151458.9,151458.9,0.0,1.0,0.344
ALC_001445,2025-04-05,VIL_017,158216.8,158216.8,158216.8,0.0,1.0,0.344
ALC_001446,2025-04-06,VIL_017,157327.7,157327.7,157327.7,0.0,1.0,0.344
ALC_001447,2025-04-07,VIL_017,154970.4,154970.4,85233.7,69736.7,0.55,0.344
ALC_001448,2025-04-08,VIL_017,150050.9,150050.9,150050.9,0.0,1.0,0.344
ALC_001449,2025-04-09,VIL_017,154516.4,154516.4,154516.4,0.0,1.0,0.344
ALC_001450,2025-04-10,VIL_017,157543.1,157543.1,105553.9,51989.2,0.67,0.344
ALC_001451,2025-04-11,VIL_017,155552.6,155552.6,155552.6,0.0,1.0,0.344
ALC_001452,2025-04-12,VIL_017,149509.1,149509.1,149509.1,0.0,1.0,0.344
ALC_001453,2025-04-13,VIL_017,153917.7,153917.7,153917.7,0.0,1.0,0.344
ALC_001454,2025-04-14,VIL_017,153128.3,153128.3,153128.3,0.0,1.0,0.344
ALC_001455,2025-04-15,VIL_017,147756.3,147756.3,107862.1,39894.2,0.73,0.344
ALC_001456,2025-04-16,VIL_017,159320.2,159320.2,159320.2,0.0,1.0,0.344
ALC_001457,2025-04-17,VIL_017,153968.4,153968.4,112396.9,41571.5,0.73,0.344
ALC_001458,2025-04-18,VIL_017,145053.7,145053.7,110240.8,34812.9,0.76,0.344
ALC_001459,2025-04-19,VIL_017,147580.8,147580.8,76742.0,70838.8,0.52,0.344
ALC_001460,2025-04-20,VIL_017,155409.2,155409.2,130543.7,24865.5,0.84,0.344
ALC_001461,2025-04-21,VIL_017,148906.0,148906.0,148906.0,0.0,1.0,0.344
ALC_001462,2025-04-22,VIL_017,150986.8,150986.8,150986.8,0.0,1.0,0.344
ALC_001463,2025-04-23,VIL_017,158021.0,158021.0,158021.0,0.0,1.0,0.344
ALC_001464,2025-04-24,VIL_017,149399.0,149399.0,149399.0,0.0,1.0,0.344
ALC_001465,2025-04-25,VIL_017,150077.7,150077.7,150077.7,0.0,1.0,0.344
ALC_001466,2025-04-26,VIL_017,152609.5,152609.5,152609.5,0.0,1.0,0.344
ALC_001467,2025-04-27,VIL_017,147126.2,147126.2,147126.2,0.0,1.0,0.344
ALC_001468,2025-04-28,VIL_017,155687.1,155687.1,155687.1,0.0,1.0,0.344
ALC_001469,2025-04-29,VIL_017,148352.3,148352.3,148352.3,0.0,1.0,0.344
ALC_001470,2025-04-30,VIL_017,158442.4,158442.4,158442.4,0.0,1.0,0.344
ALC_001471,2025-05-01,VIL_017,158176.2,158176.2,158176.2,0.0,1.0,0.344
ALC_001472,2025-05-02,VIL_017,153208.7,153208.7,153208.7,0.0,1.0,0.344
ALC_001473,2025-05-03,VIL_017,158355.2,158355.2,158355.2,0.0,1.0,0.344
ALC_001474,2025-05-04,VIL_017,148364.9,148364.9,112757.3,35607.6,0.76,0.344
ALC_001475,2025-05-05,VIL_017,154284.0,154284.0,89484.7,64799.3,0.58,0.344
ALC_001476,2025-05-06,VIL_017,153935.1,153935.1,118530.0,35405.1,0.77,0.344
ALC_001477,2025-05-07,VIL_017,156283.3,156283.3,131278.0,25005.3,0.84,0.344
ALC_001478,2025-05-08,VIL_017,154747.4,154747.4,154747.4,0.0,1.0,0.344
ALC_001479,2025-05-09,VIL_017,154066.0,154066.0,154066.0,0.0,1.0,0.344
ALC_001480,2025-05-10,VIL_017,159217.8,159217.8,103491.6,55726.2,0.65,0.344
ALC_001481,2025-05-11,VIL_017,148382.4,148382.4,90513.3,57869.1,0.61,0.344
ALC_001482,2025-05-12,VIL_017,146023.5,146023.5,146023.5,0.0,1.0,0.344
ALC_001483,2025-05-13,VIL_017,152636.6,152636.6,120582.9,32053.7,0.79,0.344
ALC_001484,2025-05-14,VIL_017,149922.8,149922.8,149922.8,0.0,1.0,0.344
ALC_001485,2025-05-15,VIL_017,153641.9,153641.9,129059.2,24582.7,0.84,0.344
ALC_001486,2025-05-16,VIL_017,148990.2,148990.2,148990.2,0.0,1.0,0.344
ALC_001487,2025-05-17,VIL_017,145766.6,145766.6,113697.9,32068.7,0.78,0.344
ALC_001488,2025-05-18,VIL_017,149470.9,149470.9,91177.2,58293.7,0.61,0.344
ALC_001489,2025-05-19,VIL_017,144358.6,144358.6,144358.6,0.0,1.0,0.344
ALC_001490,2025-05-20,VIL_017,155415.7,155415.7,128995.0,26420.7,0.83,0.344
ALC_001491,2025-05-21,VIL_017,146022.7,146022.7,89073.8,56948.9,0.61,0.344
ALC_001492,2025-05-22,VIL_017,158904.5,158904.5,108055.1,50849.4,0.68,0.344
ALC_001493,2025-05-23,VIL_017,158620.9,158620.9,99931.2,58689.7,0.63,0.344
ALC_001494,2025-05-24,VIL_017,153919.7,153919.7,153919.7,0.0,1.0,0.344
ALC_001495,2025-05-25,VIL_017,159349.1,159349.1,84455.0,74894.1,0.53,0.344
ALC_001496,2025-05-26,VIL_017,150680.4,150680.4,113010.3,37670.1,0.75,0.344
ALC_001497,2025-05-27,VIL_017,148273.6,148273.6,105274.3,42999.3,0.71,0.344
ALC_001498,2025-05-28,VIL_017,148666.6,148666.6,148666.6,0.0,1.0,0.344
ALC_001499,2025-05-29,VIL_017,149138.1,149138.1,149138.1,0.0,1.0,0.344
ALC_001500,2025-05-30,VIL_017,148992.7,148992.7,148992.7,0.0,1.0,0.344
ALC_001501,2025-05-31,VIL_017,152888.4,152888.4,152888.4,0.0,1.0,0.344
ALC_001502,2025-06-01,VIL_017,121572.8,121572.8,121572.8,0.0,1.0,0.344
ALC_001503,2025-06-02,VIL_017,124809.4,124809.4,124809.4,0.0,1.0,0.344
ALC_001504,2025-06-03,VIL_017,150564.2,150564.2,150564.2,0.0,1.0,0.344
ALC_001505,2025-06-04,VIL_017,124308.7,124308.7,73342.1,50966.6,0.59,0.344
ALC_001506,2025-06-05,VIL_017,143636.6,143636.6,86182.0,57454.6,0.6,0.344
ALC_001507,2025-06-06,VIL_017,122940.9,122940.9,86058.6,36882.3,0.7,0.344
ALC_001508,2025-06-07,VIL_017,146520.9,146520.9,146520.9,0.0,1.0,0.344
ALC_001509,2025-06-08,VIL_017,139708.9,139708.9,139708.9,0.0,1.0,0.344
ALC_001510,2025-06-09,VIL_017,129617.7,129617.7,129617.7,0.0,1.0,0.344
ALC_001511,2025-06-10,VIL_017,144660.1,144660.1,144660.1,0.0,1.0,0.344
ALC_001512,2025-06-11,VIL_017,139278.4,139278.4,80781.5,58496.9,0.58,0.344
ALC_001513,2025-06-12,VIL_017,151682.5,151682.5,151682.5,0.0,1.0,0.344
ALC_001514,2025-06-13,VIL_017,145456.2,145456.2,145456.2,0.0,1.0,0.344
ALC_001515,2025-06-14,VIL_017,153525.9,153525.9,153525.9,0.0,1.0,0.344
ALC_001516,2025-06-15,VIL_017,124828.9,124828.9,124828.9,0.0,1.0,0.344
ALC_001517,2025-06-16,VIL_017,142995.8,142995.8,94377.2,48618.6,0.66,0.344
ALC_001518,2025-06-17,VIL_017,143015.8,143015.8,143015.8,0.0,1.0,0.344
ALC_001519,2025-06-18,VIL_017,147386.3,147386.3,81062.5,66323.8,0.55,0.344
ALC_001520,2025-06-19,VIL_017,134141.8,134141.8,134141.8,0.0,1.0,0.344
ALC_001521,2025-06-20,VIL_017,144726.9,144726.9,144726.9,0.0,1.0,0.344
ALC_001522,2025-06-21,VIL_017,139393.2,139393.2,139393.2,0.0,1.0,0.344
ALC_001523,2025-06-22,VIL_017,146202.8,146202.8,100879.9,45322.9,0.69,0.344
ALC_001524,2025-06-23,VIL_017,131926.5,131926.5,131926.5,0.0,1.0,0.344
ALC_001525,2025-06-24,VIL_017,128286.8,128286.8,107760.9,20525.9,0.84,0.344
ALC_001526,2025-06-25,VIL_017,126918.1,126918.1,126918.1,0.0,1.0,0.344
ALC_001527,2025-06-26,VIL_017,128566.1,128566.1,128566.1,0.0,1.0,0.344
ALC_001528,2025-06-27,VIL_017,150111.0,150111.0,150111.0,0.0,1.0,0.344
ALC_001529,2025-06-28,VIL_017,129376.3,129376.3,81507.1,47869.2,0.63,0.344
ALC_001530,2025-06-29,VIL_017,146394.9,146394.9,146394.9,0.0,1.0,0.344
ALC_001531,2025-04-01,VIL_018,291820.6,291820.6,291820.6,0.0,1.0,0.333
ALC_001532,2025-04-02,VIL_018,303576.4,303576.4,188217.4,115359.0,0.62,0.333
ALC_001533,2025-04-03,VIL_018,304767.5,304767.5,304767.5,0.0,1.0,0.333
ALC_001534,2025-04-04,VIL_018,304283.8,304283.8,304283.8,0.0,1.0,0.333
ALC_001535,2025-04-05,VIL_018,292922.5,292922.5,207975.0,84947.5,0.71,0.333
ALC_001536,2025-04-06,VIL_018,300874.0,300874.0,300874.0,0.0,1.0,0.333
ALC_001537,2025-04-07,VIL_018,282553.5,282553.5,282553.5,0.0,1.0,0.333
ALC_001538,2025-04-08,VIL_018,290489.2,290489.2,241106.0,49383.2,0.83,0.333
ALC_001539,2025-04-09,VIL_018,287689.0,287689.0,287689.0,0.0,1.0,0.333
ALC_001540,2025-04-10,VIL_018,291102.2,291102.2,291102.2,0.0,1.0,0.333
ALC_001541,2025-04-11,VIL_018,297896.9,297896.9,226401.6,71495.3,0.76,0.333
ALC_001542,2025-04-12,VIL_018,305741.7,305741.7,305741.7,0.0,1.0,0.333
ALC_001543,2025-04-13,VIL_018,305286.1,305286.1,305286.1,0.0,1.0,0.333
ALC_001544,2025-04-14,VIL_018,294754.7,294754.7,150324.9,144429.8,0.51,0.333
ALC_001545,2025-04-15,VIL_018,301294.2,301294.2,301294.2,0.0,1.0,0.333
ALC_001546,2025-04-16,VIL_018,300332.5,300332.5,300332.5,0.0,1.0,0.333
ALC_001547,2025-04-17,VIL_018,303382.1,303382.1,172927.8,130454.3,0.57,0.333
ALC_001548,2025-04-18,VIL_018,310201.5,310201.5,220243.1,89958.4,0.71,0.333
ALC_001549,2025-04-19,VIL_018,285004.6,285004.6,213753.4,71251.2,0.75,0.333
ALC_001550,2025-04-20,VIL_018,285274.2,285274.2,285274.2,0.0,1.0,0.333
ALC_001551,2025-04-21,VIL_018,298715.0,298715.0,298715.0,0.0,1.0,0.333
ALC_001552,2025-04-22,VIL_018,299654.1,299654.1,299654.1,0.0,1.0,0.333
ALC_001553,2025-04-23,VIL_018,301154.4,301154.4,159611.8,141542.6,0.53,0.333
ALC_001554,2025-04-24,VIL_018,279277.1,279277.1,279277.1,0.0,1.0,0.333
ALC_001555,2025-04-25,VIL_018,310054.1,310054.1,235641.1,74413.0,0.76,0.333
ALC_001556,2025-04-26,VIL_018,276062.3,276062.3,209807.3,66255.0,0.76,0.333
ALC_001557,2025-04-27,VIL_018,278511.9,278511.9,278511.9,0.0,1.0,0.333
ALC_001558,2025-04-28,VIL_018,292035.1,292035.1,292035.1,0.0,1.0,0.333
ALC_001559,2025-04-29,VIL_018,298944.8,298944.8,298944.8,0.0,1.0,0.333
ALC_001560,2025-04-30,VIL_018,288091.0,288091.0,224711.0,63380.0,0.78,0.333
ALC_001561,2025-05-01,VIL_018,287185.7,287185.7,192414.4,94771.3,0.67,0.333
ALC_001562,2025-05-02,VIL_018,294930.2,294930.2,147465.1,147465.1,0.5,0.333
ALC_001563,2025-05-03,VIL_018,288975.0,288975.0,208062.0,80913.0,0.72,0.333
ALC_001564,2025-05-04,VIL_018,289309.1,289309.1,289309.1,0.0,1.0,0.333
ALC_001565,2025-05-05,VIL_018,296824.8,296824.8,296824.8,0.0,1.0,0.333
ALC_001566,2025-05-06,VIL_018,288610.3,288610.3,184710.6,103899.7,0.64,0.333
ALC_001567,2025-05-07,VIL_018,288549.3,288549.3,219297.5,69251.8,0.76,0.333
ALC_001568,2025-05-08,VIL_018,283721.8,283721.8,173070.3,110651.5,0.61,0.333
ALC_001569,2025-05-09,VIL_018,297891.7,297891.7,297891.7,0.0,1.0,0.333
ALC_001570,2025-05-10,VIL_018,277035.4,277035.4,277035.4,0.0,1.0,0.333
ALC_001571,2025-05-11,VIL_018,299190.1,299190.1,299190.1,0.0,1.0,0.333
ALC_001572,2025-05-12,VIL_018,286949.9,286949.9,286949.9,0.0,1.0,0.333
ALC_001573,2025-05-13,VIL_018,285690.2,285690.2,285690.2,0.0,1.0,0.333
ALC_001574,2025-05-14,VIL_018,282768.3,282768.3,282768.3,0.0,1.0,0.333
ALC_001575,2025-05-15,VIL_018,293376.6,293376.6,293376.6,0.0,1.0,0.333
ALC_001576,2025-05-16,VIL_018,290419.0,290419.0,217814.2,72604.8,0.75,0.333
ALC_001577,2025-05-17,VIL_018,300134.6,300134.6,258115.8,42018.8,0.86,0.333
ALC_001578,2025-05-18,VIL_018,304137.4,304137.4,304137.4,0.0,1.0,0.333
ALC_001579,2025-05-19,VIL_018,290257.0,290257.0,255426.2,34830.8,0.88,0.333
ALC_001580,2025-05-20,VIL_018,296037.0,296037.0,239790.0,56247.0,0.81,0.333
ALC_001581,2025-05-21,VIL_018,291808.9,291808.9,291808.9,0.0,1.0,0.333
ALC_001582,2025-05-22,VIL_018,275698.0,275698.0,275698.0,0.0,1.0,0.333
ALC_001583,2025-05-23,VIL_018,295177.3,295177.3,295177.3,0.0,1.0,0.333
ALC_001584,2025-05-24,VIL_018,282166.3,282166.3,282166.3,0.0,1.0,0.333
ALC_001585,2025-05-25,VIL_018,302231.2,302231.2,256896.5,45334.7,0.85,0.333
ALC_001586,2025-05-26,VIL_018,300292.5,300292.5,300292.5,0.0,1.0,0.333
ALC_001587,2025-05-27,VIL_018,288709.2,288709.2,164564.2,124145.0,0.57,0.333
ALC_001588,2025-05-28,VIL_018,298354.0,298354.0,199897.2,98456.8,0.67,0.333
ALC_001589,2025-05-29,VIL_018,256791.9,256791.9,190026.0,66765.9,0.74,0.333
ALC_001590,2025-05-30,VIL_018,302307.5,302307.5,232776.8,69530.7,0.77,0.333
ALC_001591,2025-05-31,VIL_018,298981.5,298981.5,298981.5,0.0,1.0,0.333
ALC_001592,2025-06-01,VIL_018,280452.2,280452.2,280452.2,0.0,1.0,0.333
ALC_001593,2025-06-02,VIL_018,242447.4,242447.4,242447.4,0.0,1.0,0.333
ALC_001594,2025-06-03,VIL_018,290430.3,290430.3,290430.3,0.0,1.0,0.333
ALC_001595,2025-06-04,VIL_018,247817.6,247817.6,247817.6,0.0,1.0,0.333
ALC_001596,2025-06-05,VIL_018,278959.4,278959.4,153427.7,125531.7,0.55,0.333
ALC_001597,2025-06-06,VIL_018,292970.7,292970.7,222657.7,70313.0,0.76,0.333
ALC_001598,2025-06-07,VIL_018,278207.2,278207.2,144667.7,133539.5,0.52,0.333
ALC_001599,2025-06-08,VIL_018,272681.6,272681.6,199057.6,73624.0,0.73,0.333
ALC_001600,2025-06-09,VIL_018,248255.8,248255.8,193639.5,54616.3,0.78,0.333
ALC_001601,2025-06-10,VIL_018,282610.4,282610.4,282610.4,0.0,1.0,0.333
ALC_001602,2025-06-11,VIL_018,243062.8,243062.8,243062.8,0.0,1.0,0.333
ALC_001603,2025-06-12,VIL_018,249060.1,249060.1,249060.1,0.0,1.0,0.333
ALC_001604,2025-06-13,VIL_018,245141.8,245141.8,245141.8,0.0,1.0,0.333
ALC_001605,2025-06-14,VIL_018,282312.0,282312.0,191972.2,90339.8,0.68,0.333
ALC_001606,2025-06-15,VIL_018,287515.5,287515.5,238637.9,48877.6,0.83,0.333
ALC_001607,2025-06-16,VIL_018,281321.0,281321.0,247562.5,33758.5,0.88,0.333
ALC_001608,2025-06-17,VIL_018,243353.6,243353.6,243353.6,0.0,1.0,0.333
ALC_001609,2025-06-18,VIL_018,246995.0,246995.0,246995.0,0.0,1.0,0.333
ALC_001610,2025-06-19,VIL_018,272338.0,272338.0,215147.0,57191.0,0.79,0.333
ALC_001611,2025-06-20,VIL_018,277798.1,277798.1,277798.1,0.0,1.0,0.333
ALC_001612,2025-06-21,VIL_018,277714.9,277714.9,194400.4,83314.5,0.7,0.333
ALC_001613,2025-06-22,VIL_018,235936.9,235936.9,125046.6,110890.3,0.53,0.333
ALC_001614,2025-06-23,VIL_018,270523.3,270523.3,270523.3,0.0,1.0,0.333
ALC_001615,2025-06-24,VIL_018,282427.5,282427.5,163807.9,118619.6,0.58,0.333
ALC_001616,2025-06-25,VIL_018,288027.2,288027.2,233302.0,54725.2,0.81,0.333
ALC_001617,2025-06-26,VIL_018,246155.8,246155.8,246155.8,0.0,1.0,0.333
ALC_001618,2025-06-27,VIL_018,272450.8,272450.8,198889.1,73561.7,0.73,0.333
ALC_001619,2025-06-28,VIL_018,265874.7,265874.7,135596.1,130278.6,0.51,0.333
ALC_001620,2025-06-29,VIL_018,282561.6,282561.6,158234.5,124327.1,0.56,0.333
ALC_001621,2025-04-01,VIL_019,128777.1,128777.1,128777.1,0.0,1.0,0.636
ALC_001622,2025-04-02,VIL_019,123025.4,123025.4,123025.4,0.0,1.0,0.636
ALC_001623,2025-04-03,VIL_019,128077.1,128077.1,128077.1,0.0,1.0,0.636
ALC_001624,2025-04-04,VIL_019,131404.7,131404.7,131404.7,0.0,1.0,0.636
ALC_001625,2025-04-05,VIL_019,126221.1,126221.1,126221.1,0.0,1.0,0.636
ALC_001626,2025-04-06,VIL_019,129770.9,129770.9,73969.4,55801.5,0.57,0.636
ALC_001627,2025-04-07,VIL_019,130393.2,130393.2,130393.2,0.0,1.0,0.636
ALC_001628,2025-04-08,VIL_019,135938.5,135938.5,135938.5,0.0,1.0,0.636
ALC_001629,2025-04-09,VIL_019,131910.5,131910.5,131910.5,0.0,1.0,0.636
ALC_001630,2025-04-10,VIL_019,133267.0,133267.0,111944.3,21322.7,0.84,0.636
ALC_001631,2025-04-11,VIL_019,125785.8,125785.8,125785.8,0.0,1.0,0.636
ALC_001632,2025-04-12,VIL_019,133868.8,133868.8,133868.8,0.0,1.0,0.636
ALC_001633,2025-04-13,VIL_019,129875.3,129875.3,114290.3,15585.0,0.88,0.636
ALC_001634,2025-04-14,VIL_019,136767.3,136767.3,136767.3,0.0,1.0,0.636
ALC_001635,2025-04-15,VIL_019,131154.1,131154.1,131154.1,0.0,1.0,0.636
ALC_001636,2025-04-16,VIL_019,135786.9,135786.9,135786.9,0.0,1.0,0.636
ALC_001637,2025-04-17,VIL_019,126251.4,126251.4,126251.4,0.0,1.0,0.636
ALC_001638,2025-04-18,VIL_019,137851.1,137851.1,137851.1,0.0,1.0,0.636
ALC_001639,2025-04-19,VIL_019,127454.6,127454.6,103238.2,24216.4,0.81,0.636
ALC_001640,2025-04-20,VIL_019,137819.5,137819.5,77178.9,60640.6,0.56,0.636
ALC_001641,2025-04-21,VIL_019,130284.6,130284.6,130284.6,0.0,1.0,0.636
ALC_001642,2025-04-22,VIL_019,128573.0,128573.0,128573.0,0.0,1.0,0.636
ALC_001643,2025-04-23,VIL_019,139289.2,139289.2,139289.2,0.0,1.0,0.636
ALC_001644,2025-04-24,VIL_019,129102.6,129102.6,129102.6,0.0,1.0,0.636
ALC_001645,2025-04-25,VIL_019,132646.8,132646.8,91526.3,41120.5,0.69,0.636
ALC_001646,2025-04-26,VIL_019,127950.5,127950.5,127950.5,0.0,1.0,0.636
ALC_001647,2025-04-27,VIL_019,131411.5,131411.5,73590.4,57821.1,0.56,0.636
ALC_001648,2025-04-28,VIL_019,123381.7,123381.7,123381.7,0.0,1.0,0.636
ALC_001649,2025-04-29,VIL_019,131246.7,131246.7,131246.7,0.0,1.0,0.636
ALC_001650,2025-04-30,VIL_019,131614.0,131614.0,131614.0,0.0,1.0,0.636
ALC_001651,2025-05-01,VIL_019,129523.0,129523.0,103618.4,25904.6,0.8,0.636
ALC_001652,2025-05-02,VIL_019,131510.1,131510.1,84166.5,47343.6,0.64,0.636
ALC_001653,2025-05-03,VIL_019,127590.5,127590.5,93141.1,34449.4,0.73,0.636
ALC_001654,2025-05-04,VIL_019,127593.1,127593.1,90591.1,37002.0,0.71,0.636
ALC_001655,2025-05-05,VIL_019,124877.5,124877.5,124877.5,0.0,1.0,0.636
ALC_001656,2025-05-06,VIL_019,128685.4,128685.4,128685.4,0.0,1.0,0.636
ALC_001657,2025-05-07,VIL_019,130162.0,130162.0,97621.5,32540.5,0.75,0.636
ALC_001658,2025-05-08,VIL_019,125857.0,125857.0,125857.0,0.0,1.0,0.636
ALC_001659,2025-05-09,VIL_019,137292.7,137292.7,104342.5,32950.2,0.76,0.636
ALC_001660,2025-05-10,VIL_019,124457.7,124457.7,124457.7,0.0,1.0,0.636
ALC_001661,2025-05-11,VIL_019,127400.1,127400.1,127400.1,0.0,1.0,0.636
ALC_001662,2025-05-12,VIL_019,130325.7,130325.7,130325.7,0.0,1.0,0.636
ALC_001663,2025-05-13,VIL_019,135569.2,135569.2,135569.2,0.0,1.0,0.636
ALC_001664,2025-05-14,VIL_019,125801.8,125801.8,125801.8,0.0,1.0,0.636
ALC_001665,2025-05-15,VIL_019,123144.4,123144.4,123144.4,0.0,1.0,0.636
ALC_001666,2025-05-16,VIL_019,128753.0,128753.0,91414.6,37338.4,0.71,0.636
ALC_001667,2025-05-17,VIL_019,129188.5,129188.5,129188.5,0.0,1.0,0.636
ALC_001668,2025-05-18,VIL_019,126594.6,126594.6,98743.8,27850.8,0.78,0.636
ALC_001669,2025-05-19,VIL_019,122309.2,122309.2,79501.0,42808.2,0.65,0.636
ALC_001670,2025-05-20,VIL_019,131735.6,131735.6,131735.6,0.0,1.0,0.636
ALC_001671,2025-05-21,VIL_019,126955.7,126955.7,106642.8,20312.9,0.84,0.636
ALC_001672,2025-05-22,VIL_019,131850.0,131850.0,93613.5,38236.5,0.71,0.636
ALC_001673,2025-05-23,VIL_019,128645.9,128645.9,81046.9,47599.0,0.63,0.636
ALC_001674,2025-05-24,VIL_019,129126.4,129126.4,109757.4,19369.0,0.85,0.636
ALC_001675,2025-05-25,VIL_019,134313.0,134313.0,106107.3,28205.7,0.79,0.636
ALC_001676,2025-05-26,VIL_019,122603.6,122603.6,122603.6,0.0,1.0,0.636
ALC_001677,2025-05-27,VIL_019,129050.4,129050.4,81301.8,47748.6,0.63,0.636
ALC_001678,2025-05-28,VIL_019,125727.7,125727.7,69150.2,56577.5,0.55,0.636
ALC_001679,2025-05-29,VIL_019,123655.8,123655.8,69247.2,54408.6,0.56,0.636
ALC_001680,2025-05-30,VIL_019,128411.6,128411.6,128411.6,0.0,1.0,0.636
ALC_001681,2025-05-31,VIL_019,130198.2,130198.2,97648.6,32549.6,0.75,0.636
ALC_001682,2025-06-01,VIL_019,120352.1,120352.1,120352.1,0.0,1.0,0.636
ALC_001683,2025-06-02,VIL_019,112629.2,112629.2,112629.2,0.0,1.0,0.636
ALC_001684,2025-06-03,VIL_019,120525.1,120525.1,120525.1,0.0,1.0,0.636
ALC_001685,2025-06-04,VIL_019,110161.0,110161.0,110161.0,0.0,1.0,0.636
ALC_001686,2025-06-05,VIL_019,126429.5,126429.5,126429.5,0.0,1.0,0.636
ALC_001687,2025-06-06,VIL_019,121076.3,121076.3,121076.3,0.0,1.0,0.636
ALC_001688,2025-06-07,VIL_019,122976.5,122976.5,95921.7,27054.8,0.78,0.636
ALC_001689,2025-06-08,VIL_019,122801.2,122801.2,122801.2,0.0,1.0,0.636
ALC_001690,2025-06-09,VIL_019,103057.5,103057.5,103057.5,0.0,1.0,0.636
ALC_001691,2025-06-10,VIL_019,129966.7,129966.7,106572.7,23394.0,0.82,0.636
ALC_001692,2025-06-11,VIL_019,110639.9,110639.9,73022.3,37617.6,0.66,0.636
ALC_001693,2025-06-12,VIL_019,113318.4,113318.4,86122.0,27196.4,0.76,0.636
ALC_001694,2025-06-13,VIL_019,108407.2,108407.2,108407.2,0.0,1.0,0.636
ALC_001695,2025-06-14,VIL_019,123558.8,123558.8,123558.8,0.0,1.0,0.636
ALC_001696,2025-06-15,VIL_019,128601.9,128601.9,128601.9,0.0,1.0,0.636
ALC_001697,2025-06-16,VIL_019,128636.7,128636.7,82327.5,46309.2,0.64,0.636
ALC_001698,2025-06-17,VIL_019,112923.1,112923.1,112923.1,0.0,1.0,0.636
ALC_001699,2025-06-18,VIL_019,105091.9,105091.9,74615.2,30476.7,0.71,0.636
ALC_001700,2025-06-19,VIL_019,118633.6,118633.6,77111.8,41521.8,0.65,0.636
ALC_001701,2025-06-20,VIL_019,122868.9,122868.9,122868.9,0.0,1.0,0.636
ALC_001702,2025-06-21,VIL_019,123276.2,123276.2,85060.6,38215.6,0.69,0.636
ALC_001703,2025-06-22,VIL_019,109789.2,109789.2,109789.2,0.0,1.0,0.636
ALC_001704,2025-06-23,VIL_019,117155.7,117155.7,117155.7,0.0,1.0,0.636
ALC_001705,2025-06-24,VIL_019,124814.0,124814.0,87369.8,37444.2,0.7,0.636
ALC_001706,2025-06-25,VIL_019,120822.7,120822.7,62827.8,57994.9,0.52,0.636
ALC_001707,2025-06-26,VIL_019,112299.8,112299.8,60641.9,51657.9,0.54,0.636
ALC_001708,2025-06-27,VIL_019,122077.2,122077.2,79350.2,42727.0,0.65,0.636
ALC_001709,2025-06-28,VIL_019,117638.8,117638.8,94111.0,23527.8,0.8,0.636
ALC_001710,2025-06-29,VIL_019,123422.1,123422.1,123422.1,0.0,1.0,0.636
ALC_001711,2025-04-01,VIL_020,456907.1,456907.1,456907.1,0.0,1.0,0.693
ALC_001712,2025-04-02,VIL_020,470417.8,470417.8,352813.3,117604.5,0.75,0.693
ALC_001713,2025-04-03,VIL_020,494329.9,494329.9,494329.9,0.0,1.0,0.693
ALC_001714,2025-04-04,VIL_020,439183.8,439183.8,439183.8,0.0,1.0,0.693
ALC_001715,2025-04-05,VIL_020,450018.5,450018.5,450018.5,0.0,1.0,0.693
ALC_001716,2025-04-06,VIL_020,458880.9,458880.9,325805.4,133075.5,0.71,0.693
ALC_001717,2025-04-07,VIL_020,480831.1,480831.1,480831.1,0.0,1.0,0.693
ALC_001718,2025-04-08,VIL_020,473814.4,473814.4,473814.4,0.0,1.0,0.693
ALC_001719,2025-04-09,VIL_020,476879.9,476879.9,476879.9,0.0,1.0,0.693
ALC_001720,2025-04-10,VIL_020,487157.2,487157.2,302037.5,185119.7,0.62,0.693
ALC_001721,2025-04-11,VIL_020,489110.0,489110.0,489110.0,0.0,1.0,0.693
ALC_001722,2025-04-12,VIL_020,435079.2,435079.2,382869.7,52209.5,0.88,0.693
ALC_001723,2025-04-13,VIL_020,468373.7,468373.7,468373.7,0.0,1.0,0.693
ALC_001724,2025-04-14,VIL_020,454287.0,454287.0,454287.0,0.0,1.0,0.693
ALC_001725,2025-04-15,VIL_020,452452.1,452452.1,266946.7,185505.4,0.59,0.693
ALC_001726,2025-04-16,VIL_020,478430.7,478430.7,478430.7,0.0,1.0,0.693
ALC_001727,2025-04-17,VIL_020,479773.8,479773.8,407807.7,71966.1,0.85,0.693
ALC_001728,2025-04-18,VIL_020,475072.7,475072.7,475072.7,0.0,1.0,0.693
ALC_001729,2025-04-19,VIL_020,498244.2,498244.2,363718.3,134525.9,0.73,0.693
ALC_001730,2025-04-20,VIL_020,469107.9,469107.9,469107.9,0.0,1.0,0.693
ALC_001731,2025-04-21,VIL_020,456336.3,456336.3,342252.2,114084.1,0.75,0.693
ALC_001732,2025-04-22,VIL_020,462151.9,462151.9,388207.6,73944.3,0.84,0.693
ALC_001733,2025-04-23,VIL_020,454107.8,454107.8,345121.9,108985.9,0.76,0.693
ALC_001734,2025-04-24,VIL_020,462029.7,462029.7,300319.3,161710.4,0.65,0.693
ALC_001735,2025-04-25,VIL_020,461012.9,461012.9,230506.5,230506.4,0.5,0.693
ALC_001736,2025-04-26,VIL_020,452840.5,452840.5,316988.3,135852.2,0.7,0.693
ALC_001737,2025-04-27,VIL_020,478635.6,478635.6,478635.6,0.0,1.0,0.693
ALC_001738,2025-04-28,VIL_020,475693.9,475693.9,375798.2,99895.7,0.79,0.693
ALC_001739,2025-04-29,VIL_020,475222.5,475222.5,475222.5,0.0,1.0,0.693
ALC_001740,2025-04-30,VIL_020,440790.0,440790.0,326184.6,114605.4,0.74,0.693
ALC_001741,2025-05-01,VIL_020,462821.2,462821.2,462821.2,0.0,1.0,0.693
ALC_001742,2025-05-02,VIL_020,462748.1,462748.1,333178.6,129569.5,0.72,0.693
ALC_001743,2025-05-03,VIL_020,492600.3,492600.3,369450.2,123150.1,0.75,0.693
ALC_001744,2025-05-04,VIL_020,465839.3,465839.3,465839.3,0.0,1.0,0.693
ALC_001745,2025-05-05,VIL_020,472225.0,472225.0,472225.0,0.0,1.0,0.693
ALC_001746,2025-05-06,VIL_020,440633.8,440633.8,326069.0,114564.8,0.74,0.693
ALC_001747,2025-05-07,VIL_020,467263.3,467263.3,467263.3,0.0,1.0,0.693
ALC_001748,2025-05-08,VIL_020,452681.1,452681.1,366671.7,86009.4,0.81,0.693
ALC_001749,2025-05-09,VIL_020,452586.8,452586.8,452586.8,0.0,1.0,0.693
ALC_001750,2025-05-10,VIL_020,477820.4,477820.4,477820.4,0.0,1.0,0.693
ALC_001751,2025-05-11,VIL_020,442459.0,442459.0,442459.0,0.0,1.0,0.693
ALC_001752,2025-05-12,VIL_020,461848.5,461848.5,300201.5,161647.0,0.65,0.693
ALC_001753,2025-05-13,VIL_020,454702.5,454702.5,454702.5,0.0,1.0,0.693
ALC_001754,2025-05-14,VIL_020,481914.3,481914.3,481914.3,0.0,1.0,0.693
ALC_001755,2025-05-15,VIL_020,495193.6,495193.6,495193.6,0.0,1.0,0.693
ALC_001756,2025-05-16,VIL_020,444199.7,444199.7,248751.8,195447.9,0.56,0.693
ALC_001757,2025-05-17,VIL_020,458727.9,458727.9,458727.9,0.0,1.0,0.693
ALC_001758,2025-05-18,VIL_020,480204.6,480204.6,364955.5,115249.1,0.76,0.693
ALC_001759,2025-05-19,VIL_020,469877.1,469877.1,469877.1,0.0,1.0,0.693
ALC_001760,2025-05-20,VIL_020,472953.6,472953.6,406740.1,66213.5,0.86,0.693
ALC_001761,2025-05-21,VIL_020,483311.3,483311.3,483311.3,0.0,1.0,0.693
ALC_001762,2025-05-22,VIL_020,453272.5,453272.5,294627.1,158645.4,0.65,0.693
ALC_001763,2025-05-23,VIL_020,484945.0,484945.0,484945.0,0.0,1.0,0.693
ALC_001764,2025-05-24,VIL_020,465776.0,465776.0,465776.0,0.0,1.0,0.693
ALC_001765,2025-05-25,VIL_020,462440.4,462440.4,360703.5,101736.9,0.78,0.693
ALC_001766,2025-05-26,VIL_020,483984.4,483984.4,300070.3,183914.1,0.62,0.693
ALC_001767,2025-05-27,VIL_020,472645.7,472645.7,401748.8,70896.9,0.85,0.693
ALC_001768,2025-05-28,VIL_020,450105.3,450105.3,256560.0,193545.3,0.57,0.693
ALC_001769,2025-05-29,VIL_020,476100.2,476100.2,476100.2,0.0,1.0,0.693
ALC_001770,2025-05-30,VIL_020,463188.2,463188.2,389078.1,74110.1,0.84,0.693
ALC_001771,2025-05-31,VIL_020,471576.8,471576.8,471576.8,0.0,1.0,0.693
ALC_001772,2025-06-01,VIL_020,395611.7,395611.7,269016.0,126595.7,0.68,0.693
ALC_001773,2025-06-02,VIL_020,368876.0,368876.0,368876.0,0.0,1.0,0.693
ALC_001774,2025-06-03,VIL_020,421010.5,421010.5,421010.5,0.0,1.0,0.693
ALC_001775,2025-06-04,VIL_020,391068.0,391068.0,391068.0,0.0,1.0,0.693
ALC_001776,2025-06-05,VIL_020,463333.6,463333.6,463333.6,0.0,1.0,0.693
ALC_001777,2025-06-06,VIL_020,396116.2,396116.2,396116.2,0.0,1.0,0.693
ALC_001778,2025-06-07,VIL_020,417569.8,417569.8,304826.0,112743.8,0.73,0.693
ALC_001779,2025-06-08,VIL_020,437077.1,437077.1,218538.5,218538.6,0.5,0.693
ALC_001780,2025-06-09,VIL_020,396710.9,396710.9,396710.9,0.0,1.0,0.693
ALC_001781,2025-06-10,VIL_020,439158.5,439158.5,316194.1,122964.4,0.72,0.693
ALC_001782,2025-06-11,VIL_020,446243.6,446243.6,446243.6,0.0,1.0,0.693
ALC_001783,2025-06-12,VIL_020,451157.8,451157.8,239113.6,212044.2,0.53,0.693
ALC_001784,2025-06-13,VIL_020,433272.9,433272.9,433272.9,0.0,1.0,0.693
ALC_001785,2025-06-14,VIL_020,438447.6,438447.6,324451.2,113996.4,0.74,0.693
ALC_001786,2025-06-15,VIL_020,388834.5,388834.5,388834.5,0.0,1.0,0.693
ALC_001787,2025-06-16,VIL_020,458890.5,458890.5,458890.5,0.0,1.0,0.693
ALC_001788,2025-06-17,VIL_020,453420.2,453420.2,453420.2,0.0,1.0,0.693
ALC_001789,2025-06-18,VIL_020,471678.6,471678.6,471678.6,0.0,1.0,0.693
ALC_001790,2025-06-19,VIL_020,392282.6,392282.6,392282.6,0.0,1.0,0.693
ALC_001791,2025-06-20,VIL_020,431877.9,431877.9,431877.9,0.0,1.0,0.693
ALC_001792,2025-06-21,VIL_020,421616.7,421616.7,421616.7,0.0,1.0,0.693
ALC_001793,2025-06-22,VIL_020,441228.9,441228.9,441228.9,0.0,1.0,0.693
ALC_001794,2025-06-23,VIL_020,388616.2,388616.2,388616.2,0.0,1.0,0.693
ALC_001795,2025-06-24,VIL_020,378004.3,378004.3,378004.3,0.0,1.0,0.693
ALC_001796,2025-06-25,VIL_020,380255.1,380255.1,315611.7,64643.4,0.83,0.693
ALC_001797,2025-06-26,VIL_020,378961.2,378961.2,378961.2,0.0,1.0,0.693
ALC_001798,2025-06-27,VIL_020,438148.6,438148.6,438148.6,0.0,1.0,0.693
ALC_001799,2025-06-28,VIL_020,392677.4,392677.4,392677.4,0.0,1.0,0.693
ALC_001800,2025-06-29,VIL_020,436959.8,436959.8,436959.8,0.0,1.0,0.693
ALC_001801,2025-04-01,VIL_021,414878.0,414878.0,311158.5,103719.5,0.75,0.769
ALC_001802,2025-04-02,VIL_021,384559.5,384559.5,384559.5,0.0,1.0,0.769
ALC_001803,2025-04-03,VIL_021,389873.8,389873.8,389873.8,0.0,1.0,0.769
ALC_001804,2025-04-04,VIL_021,396448.1,396448.1,396448.1,0.0,1.0,0.769
ALC_001805,2025-04-05,VIL_021,377236.4,377236.4,377236.4,0.0,1.0,0.769
ALC_001806,2025-04-06,VIL_021,369703.7,369703.7,369703.7,0.0,1.0,0.769
ALC_001807,2025-04-07,VIL_021,416593.9,416593.9,241624.5,174969.4,0.58,0.769
ALC_001808,2025-04-08,VIL_021,374838.7,374838.7,374838.7,0.0,1.0,0.769
ALC_001809,2025-04-09,VIL_021,405532.1,405532.1,275761.8,129770.3,0.68,0.769
ALC_001810,2025-04-10,VIL_021,402134.3,402134.3,402134.3,0.0,1.0,0.769
ALC_001811,2025-04-11,VIL_021,394341.7,394341.7,394341.7,0.0,1.0,0.769
ALC_001812,2025-04-12,VIL_021,417942.8,417942.8,417942.8,0.0,1.0,0.769
ALC_001813,2025-04-13,VIL_021,403929.4,403929.4,403929.4,0.0,1.0,0.769
ALC_001814,2025-04-14,VIL_021,402769.2,402769.2,402769.2,0.0,1.0,0.769
ALC_001815,2025-04-15,VIL_021,394064.5,394064.5,394064.5,0.0,1.0,0.769
ALC_001816,2025-04-16,VIL_021,411215.0,411215.0,411215.0,0.0,1.0,0.769
ALC_001817,2025-04-17,VIL_021,396484.9,396484.9,396484.9,0.0,1.0,0.769
ALC_001818,2025-04-18,VIL_021,392300.3,392300.3,325609.2,66691.1,0.83,0.769
ALC_001819,2025-04-19,VIL_021,389819.5,389819.5,280670.0,109149.5,0.72,0.769
ALC_001820,2025-04-20,VIL_021,387421.1,387421.1,387421.1,0.0,1.0,0.769
ALC_001821,2025-04-21,VIL_021,401228.0,401228.0,401228.0,0.0,1.0,0.769
ALC_001822,2025-04-22,VIL_021,392870.7,392870.7,286795.6,106075.1,0.73,0.769
ALC_001823,2025-04-23,VIL_021,408710.1,408710.1,408710.1,0.0,1.0,0.769
ALC_001824,2025-04-24,VIL_021,384412.1,384412.1,384412.1,0.0,1.0,0.769
ALC_001825,2025-04-25,VIL_021,374204.4,374204.4,374204.4,0.0,1.0,0.769
ALC_001826,2025-04-26,VIL_021,404126.5,404126.5,286929.8,117196.7,0.71,0.769
ALC_001827,2025-04-27,VIL_021,381388.2,381388.2,381388.2,0.0,1.0,0.769
ALC_001828,2025-04-28,VIL_021,410009.7,410009.7,352608.3,57401.4,0.86,0.769
ALC_001829,2025-04-29,VIL_021,407564.3,407564.3,407564.3,0.0,1.0,0.769
ALC_001830,2025-04-30,VIL_021,393645.6,393645.6,393645.6,0.0,1.0,0.769
ALC_001831,2025-05-01,VIL_021,380849.7,380849.7,380849.7,0.0,1.0,0.769
ALC_001832,2025-05-02,VIL_021,400886.9,400886.9,204452.3,196434.6,0.51,0.769
ALC_001833,2025-05-03,VIL_021,407646.9,407646.9,407646.9,0.0,1.0,0.769
ALC_001834,2025-05-04,VIL_021,397554.2,397554.2,298165.7,99388.5,0.75,0.769
ALC_001835,2025-05-05,VIL_021,387583.0,387583.0,387583.0,0.0,1.0,0.769
ALC_001836,2025-05-06,VIL_021,396520.5,396520.5,396520.5,0.0,1.0,0.769
ALC_001837,2025-05-07,VIL_021,382981.4,382981.4,382981.4,0.0,1.0,0.769
ALC_001838,2025-05-08,VIL_021,388965.3,388965.3,388965.3,0.0,1.0,0.769
ALC_001839,2025-05-09,VIL_021,392919.0,392919.0,392919.0,0.0,1.0,0.769
ALC_001840,2025-05-10,VIL_021,392154.1,392154.1,254900.2,137253.9,0.65,0.769
ALC_001841,2025-05-11,VIL_021,378714.2,378714.2,246164.2,132550.0,0.65,0.769
ALC_001842,2025-05-12,VIL_021,390917.7,390917.7,390917.7,0.0,1.0,0.769
ALC_001843,2025-05-13,VIL_021,399161.4,399161.4,315337.5,83823.9,0.79,0.769
ALC_001844,2025-05-14,VIL_021,414195.1,414195.1,236091.2,178103.9,0.57,0.769
ALC_001845,2025-05-15,VIL_021,383115.6,383115.6,383115.6,0.0,1.0,0.769
ALC_001846,2025-05-16,VIL_021,411420.8,411420.8,411420.8,0.0,1.0,0.769
ALC_001847,2025-05-17,VIL_021,390146.0,390146.0,390146.0,0.0,1.0,0.769
ALC_001848,2025-05-18,VIL_021,405118.3,405118.3,214712.7,190405.6,0.53,0.769
ALC_001849,2025-05-19,VIL_021,395359.5,395359.5,395359.5,0.0,1.0,0.769
ALC_001850,2025-05-20,VIL_021,396835.5,396835.5,396835.5,0.0,1.0,0.769
ALC_001851,2025-05-21,VIL_021,383826.3,383826.3,383826.3,0.0,1.0,0.769
ALC_001852,2025-05-22,VIL_021,410160.2,410160.2,410160.2,0.0,1.0,0.769
ALC_001853,2025-05-23,VIL_021,413105.0,413105.0,413105.0,0.0,1.0,0.769
ALC_001854,2025-05-24,VIL_021,404004.5,404004.5,404004.5,0.0,1.0,0.769
ALC_001855,2025-05-25,VIL_021,413661.5,413661.5,413661.5,0.0,1.0,0.769
ALC_001856,2025-05-26,VIL_021,404091.7,404091.7,404091.7,0.0,1.0,0.769
ALC_001857,2025-05-27,VIL_021,388868.8,388868.8,388868.8,0.0,1.0,0.769
ALC_001858,2025-05-28,VIL_021,399828.7,399828.7,315864.7,83964.0,0.79,0.769
ALC_001859,2025-05-29,VIL_021,340190.5,340190.5,340190.5,0.0,1.0,0.769
ALC_001860,2025-05-30,VIL_021,394328.3,394328.3,212937.3,181391.0,0.54,0.769
ALC_001861,2025-05-31,VIL_021,394166.0,394166.0,394166.0,0.0,1.0,0.769
ALC_001862,2025-06-01,VIL_021,387615.5,387615.5,387615.5,0.0,1.0,0.769
ALC_001863,2025-06-02,VIL_021,318263.9,318263.9,318263.9,0.0,1.0,0.769
ALC_001864,2025-06-03,VIL_021,392471.6,392471.6,302203.1,90268.5,0.77,0.769
ALC_001865,2025-06-04,VIL_021,334234.8,334234.8,334234.8,0.0,1.0,0.769
ALC_001866,2025-06-05,VIL_021,369361.2,369361.2,306569.8,62791.4,0.83,0.769
ALC_001867,2025-06-06,VIL_021,386391.1,386391.1,332296.3,54094.8,0.86,0.769
ALC_001868,2025-06-07,VIL_021,391195.4,391195.4,285572.6,105622.8,0.73,0.769
ALC_001869,2025-06-08,VIL_021,386777.6,386777.6,386777.6,0.0,1.0,0.769
ALC_001870,2025-06-09,VIL_021,316842.9,316842.9,316842.9,0.0,1.0,0.769
ALC_001871,2025-06-10,VIL_021,369574.6,369574.6,369574.6,0.0,1.0,0.769
ALC_001872,2025-06-11,VIL_021,323986.7,323986.7,323986.7,0.0,1.0,0.769
ALC_001873,2025-06-12,VIL_021,316540.0,316540.0,316540.0,0.0,1.0,0.769
ALC_001874,2025-06-13,VIL_021,354588.2,354588.2,219844.7,134743.5,0.62,0.769
ALC_001875,2025-06-14,VIL_021,386080.8,386080.8,386080.8,0.0,1.0,0.769
ALC_001876,2025-06-15,VIL_021,378513.9,378513.9,378513.9,0.0,1.0,0.769
ALC_001877,2025-06-16,VIL_021,400061.0,400061.0,400061.0,0.0,1.0,0.769
ALC_001878,2025-06-17,VIL_021,345547.7,345547.7,293715.5,51832.2,0.85,0.769
ALC_001879,2025-06-18,VIL_021,322611.7,322611.7,206471.5,116140.2,0.64,0.769
ALC_001880,2025-06-19,VIL_021,374249.5,374249.5,374249.5,0.0,1.0,0.769
ALC_001881,2025-06-20,VIL_021,371666.2,371666.2,371666.2,0.0,1.0,0.769
ALC_001882,2025-06-21,VIL_021,383988.9,383988.9,383988.9,0.0,1.0,0.769
ALC_001883,2025-06-22,VIL_021,338464.5,338464.5,189540.1,148924.4,0.56,0.769
ALC_001884,2025-06-23,VIL_021,391361.0,391361.0,391361.0,0.0,1.0,0.769
ALC_001885,2025-06-24,VIL_021,378747.3,378747.3,378747.3,0.0,1.0,0.769
ALC_001886,2025-06-25,VIL_021,387311.1,387311.1,387311.1,0.0,1.0,0.769
ALC_001887,2025-06-26,VIL_021,333606.2,333606.2,333606.2,0.0,1.0,0.769
ALC_001888,2025-06-27,VIL_021,379634.8,379634.8,220188.2,159446.6,0.58,0.769
ALC_001889,2025-06-28,VIL_021,380709.5,380709.5,380709.5,0.0,1.0,0.769
ALC_001890,2025-06-29,VIL_021,361374.4,361374.4,187914.7,173459.7,0.52,0.769
ALC_001891,2025-04-01,VIL_022,503589.8,503589.8,352512.9,151076.9,0.7,0.793
ALC_001892,2025-04-02,VIL_022,548997.2,548997.2,548997.2,0.0,1.0,0.793
ALC_001893,2025-04-03,VIL_022,539232.0,539232.0,350500.8,188731.2,0.65,0.793
ALC_001894,2025-04-04,VIL_022,524512.3,524512.3,319952.5,204559.8,0.61,0.793
ALC_001895,2025-04-05,VIL_022,563495.7,563495.7,484606.3,78889.4,0.86,0.793
ALC_001896,2025-04-06,VIL_022,533937.7,533937.7,533937.7,0.0,1.0,0.793
ALC_001897,2025-04-07,VIL_022,568874.8,568874.8,324258.6,244616.2,0.57,0.793
ALC_001898,2025-04-08,VIL_022,547255.6,547255.6,547255.6,0.0,1.0,0.793
ALC_001899,2025-04-09,VIL_022,501539.2,501539.2,421292.9,80246.3,0.84,0.793
ALC_001900,2025-04-10,VIL_022,553763.4,553763.4,553763.4,0.0,1.0,0.793
ALC_001901,2025-04-11,VIL_022,541795.5,541795.5,541795.5,0.0,1.0,0.793
ALC_001902,2025-04-12,VIL_022,513130.5,513130.5,513130.5,0.0,1.0,0.793
ALC_001903,2025-04-13,VIL_022,533876.8,533876.8,395068.8,138808.0,0.74,0.793
ALC_001904,2025-04-14,VIL_022,534400.0,534400.0,534400.0,0.0,1.0,0.793
ALC_001905,2025-04-15,VIL_022,514866.3,514866.3,314068.4,200797.9,0.61,0.793
ALC_001906,2025-04-16,VIL_022,548246.7,548246.7,548246.7,0.0,1.0,0.793
ALC_001907,2025-04-17,VIL_022,542191.1,542191.1,303627.0,238564.1,0.56,0.793
ALC_001908,2025-04-18,VIL_022,537565.2,537565.2,537565.2,0.0,1.0,0.793
ALC_001909,2025-04-19,VIL_022,540351.5,540351.5,540351.5,0.0,1.0,0.793
ALC_001910,2025-04-20,VIL_022,551188.9,551188.9,551188.9,0.0,1.0,0.793
ALC_001911,2025-04-21,VIL_022,519331.4,519331.4,363532.0,155799.4,0.7,0.793
ALC_001912,2025-04-22,VIL_022,534589.9,534589.9,465093.2,69496.7,0.87,0.793
ALC_001913,2025-04-23,VIL_022,525252.8,525252.8,525252.8,0.0,1.0,0.793
ALC_001914,2025-04-24,VIL_022,510880.5,510880.5,265657.9,245222.6,0.52,0.793
ALC_001915,2025-04-25,VIL_022,539950.3,539950.3,318570.7,221379.6,0.59,0.793
ALC_001916,2025-04-26,VIL_022,546010.9,546010.9,546010.9,0.0,1.0,0.793
ALC_001917,2025-04-27,VIL_022,489774.6,489774.6,352637.7,137136.9,0.72,0.793
ALC_001918,2025-04-28,VIL_022,520445.2,520445.2,348698.3,171746.9,0.67,0.793
ALC_001919,2025-04-29,VIL_022,523997.6,523997.6,523997.6,0.0,1.0,0.793
ALC_001920,2025-04-30,VIL_022,520677.7,520677.7,317613.4,203064.3,0.61,0.793
ALC_001921,2025-05-01,VIL_022,545811.2,545811.2,545811.2,0.0,1.0,0.793
ALC_001922,2025-05-02,VIL_022,509472.9,509472.9,443241.4,66231.5,0.87,0.793
ALC_001923,2025-05-03,VIL_022,526025.8,526025.8,526025.8,0.0,1.0,0.793
ALC_001924,2025-05-04,VIL_022,530113.8,530113.8,365778.5,164335.3,0.69,0.793
ALC_001925,2025-05-05,VIL_022,535649.2,535649.2,321389.5,214259.7,0.6,0.793
ALC_001926,2025-05-06,VIL_022,560157.7,560157.7,403313.5,156844.2,0.72,0.793
ALC_001927,2025-05-07,VIL_022,540506.8,540506.8,540506.8,0.0,1.0,0.793
ALC_001928,2025-05-08,VIL_022,531407.4,531407.4,286960.0,244447.4,0.54,0.793
ALC_001929,2025-05-09,VIL_022,524717.9,524717.9,288594.8,236123.1,0.55,0.793
ALC_001930,2025-05-10,VIL_022,512682.4,512682.4,512682.4,0.0,1.0,0.793
ALC_001931,2025-05-11,VIL_022,531732.6,531732.6,303087.6,228645.0,0.57,0.793
ALC_001932,2025-05-12,VIL_022,521188.6,521188.6,302289.4,218899.2,0.58,0.793
ALC_001933,2025-05-13,VIL_022,550256.6,550256.6,319148.8,231107.8,0.58,0.793
ALC_001934,2025-05-14,VIL_022,521797.4,521797.4,521797.4,0.0,1.0,0.793
ALC_001935,2025-05-15,VIL_022,572582.6,572582.6,572582.6,0.0,1.0,0.793
ALC_001936,2025-05-16,VIL_022,536992.0,536992.0,311455.4,225536.6,0.58,0.793
ALC_001937,2025-05-17,VIL_022,531683.0,531683.0,531683.0,0.0,1.0,0.793
ALC_001938,2025-05-18,VIL_022,524025.8,524025.8,382538.8,141487.0,0.73,0.793
ALC_001939,2025-05-19,VIL_022,506539.5,506539.5,506539.5,0.0,1.0,0.793
ALC_001940,2025-05-20,VIL_022,524869.8,524869.8,341165.4,183704.4,0.65,0.793
ALC_001941,2025-05-21,VIL_022,566763.8,566763.8,351393.6,215370.2,0.62,0.793
ALC_001942,2025-05-22,VIL_022,537672.4,537672.4,537672.4,0.0,1.0,0.793
ALC_001943,2025-05-23,VIL_022,560115.6,560115.6,330468.2,229647.4,0.59,0.793
ALC_001944,2025-05-24,VIL_022,553620.5,553620.5,553620.5,0.0,1.0,0.793
ALC_001945,2025-05-25,VIL_022,556296.6,556296.6,322652.0,233644.6,0.58,0.793
ALC_001946,2025-05-26,VIL_022,522628.4,522628.4,522628.4,0.0,1.0,0.793
ALC_001947,2025-05-27,VIL_022,525217.6,525217.6,362400.1,162817.5,0.69,0.793
ALC_001948,2025-05-28,VIL_022,531946.1,531946.1,531946.1,0.0,1.0,0.793
ALC_001949,2025-05-29,VIL_022,522678.9,522678.9,522678.9,0.0,1.0,0.793
ALC_001950,2025-05-30,VIL_022,526428.4,526428.4,526428.4,0.0,1.0,0.793
ALC_001951,2025-05-31,VIL_022,544010.4,544010.4,544010.4,0.0,1.0,0.793
ALC_001952,2025-06-01,VIL_022,451727.4,451727.4,352347.4,99380.0,0.78,0.793
ALC_001953,2025-06-02,VIL_022,445485.7,445485.7,253926.8,191558.9,0.57,0.793
ALC_001954,2025-06-03,VIL_022,497005.5,497005.5,497005.5,0.0,1.0,0.793
ALC_001955,2025-06-04,VIL_022,442692.0,442692.0,442692.0,0.0,1.0,0.793
ALC_001956,2025-06-05,VIL_022,497714.1,497714.1,497714.1,0.0,1.0,0.793
ALC_001957,2025-06-06,VIL_022,436953.4,436953.4,436953.4,0.0,1.0,0.793
ALC_001958,2025-06-07,VIL_022,507735.9,507735.9,416343.4,91392.5,0.82,0.793
ALC_001959,2025-06-08,VIL_022,511180.7,511180.7,414056.4,97124.3,0.81,0.793
ALC_001960,2025-06-09,VIL_022,427876.0,427876.0,427876.0,0.0,1.0,0.793
ALC_001961,2025-06-10,VIL_022,511928.1,511928.1,383946.1,127982.0,0.75,0.793
ALC_001962,2025-06-11,VIL_022,526176.8,526176.8,526176.8,0.0,1.0,0.793
ALC_001963,2025-06-12,VIL_022,479773.6,479773.6,283066.4,196707.2,0.59,0.793
ALC_001964,2025-06-13,VIL_022,520471.4,520471.4,343511.1,176960.3,0.66,0.793
ALC_001965,2025-06-14,VIL_022,517422.7,517422.7,517422.7,0.0,1.0,0.793
ALC_001966,2025-06-15,VIL_022,458267.9,458267.9,458267.9,0.0,1.0,0.793
ALC_001967,2025-06-16,VIL_022,490321.5,490321.5,250064.0,240257.5,0.51,0.793
ALC_001968,2025-06-17,VIL_022,481651.9,481651.9,481651.9,0.0,1.0,0.793
ALC_001969,2025-06-18,VIL_022,485160.9,485160.9,485160.9,0.0,1.0,0.793
ALC_001970,2025-06-19,VIL_022,439940.3,439940.3,334354.6,105585.7,0.76,0.793
ALC_001971,2025-06-20,VIL_022,502405.1,502405.1,502405.1,0.0,1.0,0.793
ALC_001972,2025-06-21,VIL_022,530473.0,530473.0,530473.0,0.0,1.0,0.793
ALC_001973,2025-06-22,VIL_022,508424.5,508424.5,508424.5,0.0,1.0,0.793
ALC_001974,2025-06-23,VIL_022,419143.5,419143.5,419143.5,0.0,1.0,0.793
ALC_001975,2025-06-24,VIL_022,436954.4,436954.4,384519.9,52434.5,0.88,0.793
ALC_001976,2025-06-25,VIL_022,442243.5,442243.5,442243.5,0.0,1.0,0.793
ALC_001977,2025-06-26,VIL_022,435932.0,435932.0,435932.0,0.0,1.0,0.793
ALC_001978,2025-06-27,VIL_022,534079.3,534079.3,534079.3,0.0,1.0,0.793
ALC_001979,2025-06-28,VIL_022,454913.0,454913.0,454913.0,0.0,1.0,0.793
ALC_001980,2025-06-29,VIL_022,533755.2,533755.2,389641.3,144113.9,0.73,0.793
ALC_001981,2025-04-01,VIL_023,212449.0,212449.0,112598.0,99851.0,0.53,0.565
ALC_001982,2025-04-02,VIL_023,218983.3,218983.3,218983.3,0.0,1.0,0.565
ALC_001983,2025-04-03,VIL_023,212961.5,212961.5,212961.5,0.0,1.0,0.565
ALC_001984,2025-04-04,VIL_023,217857.8,217857.8,217857.8,0.0,1.0,0.565
ALC_001985,2025-04-05,VIL_023,223324.4,223324.4,122828.4,100496.0,0.55,0.565
ALC_001986,2025-04-06,VIL_023,206418.8,206418.8,206418.8,0.0,1.0,0.565
ALC_001987,2025-04-07,VIL_023,234441.9,234441.9,128943.0,105498.9,0.55,0.565
ALC_001988,2025-04-08,VIL_023,216156.9,216156.9,216156.9,0.0,1.0,0.565
ALC_001989,2025-04-09,VIL_023,221226.6,221226.6,221226.6,0.0,1.0,0.565
ALC_001990,2025-04-10,VIL_023,228355.8,228355.8,228355.8,0.0,1.0,0.565
ALC_001991,2025-04-11,VIL_023,223139.4,223139.4,171817.3,51322.1,0.77,0.565
ALC_001992,2025-04-12,VIL_023,214930.0,214930.0,120360.8,94569.2,0.56,0.565
ALC_001993,2025-04-13,VIL_023,217651.7,217651.7,217651.7,0.0,1.0,0.565
ALC_001994,2025-04-14,VIL_023,222484.9,222484.9,160189.1,62295.8,0.72,0.565
ALC_001995,2025-04-15,VIL_023,214280.3,214280.3,214280.3,0.0,1.0,0.565
ALC_001996,2025-04-16,VIL_023,222697.7,222697.7,222697.7,0.0,1.0,0.565
ALC_001997,2025-04-17,VIL_023,218913.8,218913.8,218913.8,0.0,1.0,0.565
ALC_001998,2025-04-18,VIL_023,229945.6,229945.6,229945.6,0.0,1.0,0.565
ALC_001999,2025-04-19,VIL_023,206196.6,206196.6,206196.6,0.0,1.0,0.565
ALC_002000,2025-04-20,VIL_023,215544.0,215544.0,215544.0,0.0,1.0,0.565
ALC_002001,2025-04-21,VIL_023,215100.5,215100.5,215100.5,0.0,1.0,0.565
ALC_002002,2025-04-22,VIL_023,211530.3,211530.3,184031.4,27498.9,0.87,0.565
ALC_002003,2025-04-23,VIL_023,222905.4,222905.4,187240.5,35664.9,0.84,0.565
ALC_002004,2025-04-24,VIL_023,212933.8,212933.8,212933.8,0.0,1.0,0.565
ALC_002005,2025-04-25,VIL_023,225250.4,225250.4,225250.4,0.0,1.0,0.565
ALC_002006,2025-04-26,VIL_023,227023.8,227023.8,127133.3,99890.5,0.56,0.565
ALC_002007,2025-04-27,VIL_023,216887.8,216887.8,188692.4,28195.4,0.87,0.565
ALC_002008,2025-04-28,VIL_023,221830.0,221830.0,168590.8,53239.2,0.76,0.565
ALC_002009,2025-04-29,VIL_023,209365.6,209365.6,138181.3,71184.3,0.66,0.565
ALC_002010,2025-04-30,VIL_023,225463.8,225463.8,225463.8,0.0,1.0,0.565
ALC_002011,2025-05-01,VIL_023,212241.0,212241.0,212241.0,0.0,1.0,0.565
ALC_002012,2025-05-02,VIL_023,207420.4,207420.4,170084.7,37335.7,0.82,0.565
ALC_002013,2025-05-03,VIL_023,225786.2,225786.2,158050.3,67735.9,0.7,0.565
ALC_002014,2025-05-04,VIL_023,227191.9,227191.9,129499.4,97692.5,0.57,0.565
ALC_002015,2025-05-05,VIL_023,228521.4,228521.4,228521.4,0.0,1.0,0.565
ALC_002016,2025-05-06,VIL_023,215365.1,215365.1,111989.9,103375.2,0.52,0.565
ALC_002017,2025-05-07,VIL_023,218073.4,218073.4,218073.4,0.0,1.0,0.565
ALC_002018,2025-05-08,VIL_023,223830.6,223830.6,223830.6,0.0,1.0,0.565
ALC_002019,2025-05-09,VIL_023,220043.3,220043.3,110021.6,110021.7,0.5,0.565
ALC_002020,2025-05-10,VIL_023,229028.5,229028.5,229028.5,0.0,1.0,0.565
ALC_002021,2025-05-11,VIL_023,214062.1,214062.1,214062.1,0.0,1.0,0.565
ALC_002022,2025-05-12,VIL_023,214992.4,214992.4,214992.4,0.0,1.0,0.565
ALC_002023,2025-05-13,VIL_023,217870.0,217870.0,126364.6,91505.4,0.58,0.565
ALC_002024,2025-05-14,VIL_023,226524.1,226524.1,226524.1,0.0,1.0,0.565
ALC_002025,2025-05-15,VIL_023,231535.9,231535.9,231535.9,0.0,1.0,0.565
ALC_002026,2025-05-16,VIL_023,229495.9,229495.9,130812.7,98683.2,0.57,0.565
ALC_002027,2025-05-17,VIL_023,219969.9,219969.9,175975.9,43994.0,0.8,0.565
ALC_002028,2025-05-18,VIL_023,225652.0,225652.0,225652.0,0.0,1.0,0.565
ALC_002029,2025-05-19,VIL_023,210925.2,210925.2,137101.4,73823.8,0.65,0.565
ALC_002030,2025-05-20,VIL_023,221383.0,221383.0,112905.3,108477.7,0.51,0.565
ALC_002031,2025-05-21,VIL_023,213638.1,213638.1,213638.1,0.0,1.0,0.565
ALC_002032,2025-05-22,VIL_023,225215.6,225215.6,225215.6,0.0,1.0,0.565
ALC_002033,2025-05-23,VIL_023,219487.7,219487.7,219487.7,0.0,1.0,0.565
ALC_002034,2025-05-24,VIL_023,218291.6,218291.6,157170.0,61121.6,0.72,0.565
ALC_002035,2025-05-25,VIL_023,229055.8,229055.8,125980.7,103075.1,0.55,0.565
ALC_002036,2025-05-26,VIL_023,223561.2,223561.2,163199.7,60361.5,0.73,0.565
ALC_002037,2025-05-27,VIL_023,219262.5,219262.5,142520.6,76741.9,0.65,0.565
ALC_002038,2025-05-28,VIL_023,215820.9,215820.9,215820.9,0.0,1.0,0.565
ALC_002039,2025-05-29,VIL_023,222567.5,222567.5,222567.5,0.0,1.0,0.565
ALC_002040,2025-05-30,VIL_023,210818.6,210818.6,153897.6,56921.0,0.73,0.565
ALC_002041,2025-05-31,VIL_023,218666.1,218666.1,218666.1,0.0,1.0,0.565
ALC_002042,2025-06-01,VIL_023,187128.2,187128.2,187128.2,0.0,1.0,0.565
ALC_002043,2025-06-02,VIL_023,182524.0,182524.0,182524.0,0.0,1.0,0.565
ALC_002044,2025-06-03,VIL_023,200692.7,200692.7,200692.7,0.0,1.0,0.565
ALC_002045,2025-06-04,VIL_023,180359.6,180359.6,180359.6,0.0,1.0,0.565
ALC_002046,2025-06-05,VIL_023,203373.6,203373.6,203373.6,0.0,1.0,0.565
ALC_002047,2025-06-06,VIL_023,188494.2,188494.2,188494.2,0.0,1.0,0.565
ALC_002048,2025-06-07,VIL_023,212183.1,212183.1,212183.1,0.0,1.0,0.565
ALC_002049,2025-06-08,VIL_023,209472.7,209472.7,209472.7,0.0,1.0,0.565
ALC_002050,2025-06-09,VIL_023,180064.3,180064.3,138649.5,41414.8,0.77,0.565
ALC_002051,2025-06-10,VIL_023,208132.5,208132.5,208132.5,0.0,1.0,0.565
ALC_002052,2025-06-11,VIL_023,216586.0,216586.0,216586.0,0.0,1.0,0.565
ALC_002053,2025-06-12,VIL_023,202915.2,202915.2,202915.2,0.0,1.0,0.565
ALC_002054,2025-06-13,VIL_023,217557.3,217557.3,217557.3,0.0,1.0,0.565
ALC_002055,2025-06-14,VIL_023,204908.9,204908.9,168025.3,36883.6,0.82,0.565
ALC_002056,2025-06-15,VIL_023,175313.8,175313.8,175313.8,0.0,1.0,0.565
ALC_002057,2025-06-16,VIL_023,204437.5,204437.5,204437.5,0.0,1.0,0.565
ALC_002058,2025-06-17,VIL_023,210573.4,210573.4,160035.8,50537.6,0.76,0.565
ALC_002059,2025-06-18,VIL_023,203686.5,203686.5,126285.6,77400.9,0.62,0.565
ALC_002060,2025-06-19,VIL_023,184604.7,184604.7,136607.5,47997.2,0.74,0.565
ALC_002061,2025-06-20,VIL_023,215826.7,215826.7,215826.7,0.0,1.0,0.565
ALC_002062,2025-06-21,VIL_023,208514.2,208514.2,208514.2,0.0,1.0,0.565
ALC_002063,2025-06-22,VIL_023,210716.5,210716.5,210716.5,0.0,1.0,0.565
ALC_002064,2025-06-23,VIL_023,170606.1,170606.1,170606.1,0.0,1.0,0.565
ALC_002065,2025-06-24,VIL_023,191363.9,191363.9,137782.0,53581.9,0.72,0.565
ALC_002066,2025-06-25,VIL_023,193324.3,193324.3,150793.0,42531.3,0.78,0.565
ALC_002067,2025-06-26,VIL_023,180941.0,180941.0,180941.0,0.0,1.0,0.565
ALC_002068,2025-06-27,VIL_023,207115.2,207115.2,207115.2,0.0,1.0,0.565
ALC_002069,2025-06-28,VIL_023,180223.9,180223.9,180223.9,0.0,1.0,0.565
ALC_002070,2025-06-29,VIL_023,212498.8,212498.8,212498.8,0.0,1.0,0.565
ALC_002071,2025-04-01,VIL_024,578599.0,578599.0,578599.0,0.0,1.0,0.505
ALC_002072,2025-04-02,VIL_024,596863.5,596863.5,596863.5,0.0,1.0,0.505
ALC_002073,2025-04-03,VIL_024,590871.6,590871.6,590871.6,0.0,1.0,0.505
ALC_002074,2025-04-04,VIL_024,564196.1,564196.1,564196.1,0.0,1.0,0.505
ALC_002075,2025-04-05,VIL_024,607864.7,607864.7,607864.7,0.0,1.0,0.505
ALC_002076,2025-04-06,VIL_024,571771.6,571771.6,571771.6,0.0,1.0,0.505
ALC_002077,2025-04-07,VIL_024,576147.0,576147.0,432110.2,144036.8,0.75,0.505
ALC_002078,2025-04-08,VIL_024,608376.5,608376.5,468449.9,139926.6,0.77,0.505
ALC_002079,2025-04-09,VIL_024,578198.1,578198.1,323790.9,254407.2,0.56,0.505
ALC_002080,2025-04-10,VIL_024,603156.5,603156.5,325704.5,277452.0,0.54,0.505
ALC_002081,2025-04-11,VIL_024,585771.2,585771.2,585771.2,0.0,1.0,0.505
ALC_002082,2025-04-12,VIL_024,596987.0,596987.0,596987.0,0.0,1.0,0.505
ALC_002083,2025-04-13,VIL_024,603892.5,603892.5,416685.8,187206.7,0.69,0.505
ALC_002084,2025-04-14,VIL_024,592104.7,592104.7,307894.4,284210.3,0.52,0.505
ALC_002085,2025-04-15,VIL_024,590558.7,590558.7,507880.5,82678.2,0.86,0.505
ALC_002086,2025-04-16,VIL_024,610112.9,610112.9,372168.9,237944.0,0.61,0.505
ALC_002087,2025-04-17,VIL_024,619303.7,619303.7,495443.0,123860.7,0.8,0.505
ALC_002088,2025-04-18,VIL_024,566419.7,566419.7,566419.7,0.0,1.0,0.505
ALC_002089,2025-04-19,VIL_024,573716.1,573716.1,349966.8,223749.3,0.61,0.505
ALC_002090,2025-04-20,VIL_024,571008.0,571008.0,571008.0,0.0,1.0,0.505
ALC_002091,2025-04-21,VIL_024,573419.2,573419.2,573419.2,0.0,1.0,0.505
ALC_002092,2025-04-22,VIL_024,590992.8,590992.8,590992.8,0.0,1.0,0.505
ALC_002093,2025-04-23,VIL_024,594571.0,594571.0,332959.8,261611.2,0.56,0.505
ALC_002094,2025-04-24,VIL_024,552072.1,552072.1,552072.1,0.0,1.0,0.505
ALC_002095,2025-04-25,VIL_024,585969.4,585969.4,509793.4,76176.0,0.87,0.505
ALC_002096,2025-04-26,VIL_024,591281.4,591281.4,591281.4,0.0,1.0,0.505
ALC_002097,2025-04-27,VIL_024,564059.1,564059.1,372279.0,191780.1,0.66,0.505
ALC_002098,2025-04-28,VIL_024,597087.7,597087.7,597087.7,0.0,1.0,0.505
ALC_002099,2025-04-29,VIL_024,601512.9,601512.9,601512.9,0.0,1.0,0.505
ALC_002100,2025-04-30,VIL_024,557456.4,557456.4,557456.4,0.0,1.0,0.505
ALC_002101,2025-05-01,VIL_024,581948.7,581948.7,314252.3,267696.4,0.54,0.505
ALC_002102,2025-05-02,VIL_024,586755.7,586755.7,586755.7,0.0,1.0,0.505
ALC_002103,2025-05-03,VIL_024,548283.4,548283.4,427661.1,120622.3,0.78,0.505
ALC_002104,2025-05-04,VIL_024,614373.0,614373.0,509929.6,104443.4,0.83,0.505
ALC_002105,2025-05-05,VIL_024,577884.1,577884.1,288942.0,288942.1,0.5,0.505
ALC_002106,2025-05-06,VIL_024,581018.9,581018.9,499676.3,81342.6,0.86,0.505
ALC_002107,2025-05-07,VIL_024,562918.4,562918.4,287088.4,275830.0,0.51,0.505
ALC_002108,2025-05-08,VIL_024,584851.0,584851.0,584851.0,0.0,1.0,0.505
ALC_002109,2025-05-09,VIL_024,567682.7,567682.7,567682.7,0.0,1.0,0.505
ALC_002110,2025-05-10,VIL_024,559809.3,559809.3,559809.3,0.0,1.0,0.505
ALC_002111,2025-05-11,VIL_024,554946.4,554946.4,554946.4,0.0,1.0,0.505
ALC_002112,2025-05-12,VIL_024,572623.3,572623.3,572623.3,0.0,1.0,0.505
ALC_002113,2025-05-13,VIL_024,551091.9,551091.9,407808.0,143283.9,0.74,0.505
ALC_002114,2025-05-14,VIL_024,578178.9,578178.9,474106.7,104072.2,0.82,0.505
ALC_002115,2025-05-15,VIL_024,575250.0,575250.0,316387.5,258862.5,0.55,0.505
ALC_002116,2025-05-16,VIL_024,610067.2,610067.2,518557.1,91510.1,0.85,0.505
ALC_002117,2025-05-17,VIL_024,552516.3,552516.3,425437.6,127078.7,0.77,0.505
ALC_002118,2025-05-18,VIL_024,550862.5,550862.5,341534.8,209327.7,0.62,0.505
ALC_002119,2025-05-19,VIL_024,600418.7,600418.7,600418.7,0.0,1.0,0.505
ALC_002120,2025-05-20,VIL_024,572255.8,572255.8,412024.2,160231.6,0.72,0.505
ALC_002121,2025-05-21,VIL_024,576813.8,576813.8,351856.4,224957.4,0.61,0.505
ALC_002122,2025-05-22,VIL_024,601552.8,601552.8,415071.4,186481.4,0.69,0.505
ALC_002123,2025-05-23,VIL_024,593195.3,593195.3,593195.3,0.0,1.0,0.505
ALC_002124,2025-05-24,VIL_024,582358.1,582358.1,582358.1,0.0,1.0,0.505
ALC_002125,2025-05-25,VIL_024,609047.6,609047.6,609047.6,0.0,1.0,0.505
ALC_002126,2025-05-26,VIL_024,583999.1,583999.1,583999.1,0.0,1.0,0.505
ALC_002127,2025-05-27,VIL_024,556557.7,556557.7,556557.7,0.0,1.0,0.505
ALC_002128,2025-05-28,VIL_024,544231.5,544231.5,380962.0,163269.5,0.7,0.505
ALC_002129,2025-05-29,VIL_024,597826.8,597826.8,597826.8,0.0,1.0,0.505
ALC_002130,2025-05-30,VIL_024,597414.6,597414.6,597414.6,0.0,1.0,0.505
ALC_002131,2025-05-31,VIL_024,578303.7,578303.7,578303.7,0.0,1.0,0.505
ALC_002132,2025-06-01,VIL_024,490378.5,490378.5,490378.5,0.0,1.0,0.505
ALC_002133,2025-06-02,VIL_024,479521.8,479521.8,479521.8,0.0,1.0,0.505
ALC_002134,2025-06-03,VIL_024,545521.7,545521.7,289126.5,256395.2,0.53,0.505
ALC_002135,2025-06-04,VIL_024,475061.0,475061.0,475061.0,0.0,1.0,0.505
ALC_002136,2025-06-05,VIL_024,532229.3,532229.3,282081.5,250147.8,0.53,0.505
ALC_002137,2025-06-06,VIL_024,482783.5,482783.5,304153.6,178629.9,0.63,0.505
ALC_002138,2025-06-07,VIL_024,547491.6,547491.6,399668.9,147822.7,0.73,0.505
ALC_002139,2025-06-08,VIL_024,532477.8,532477.8,532477.8,0.0,1.0,0.505
ALC_002140,2025-06-09,VIL_024,462217.1,462217.1,462217.1,0.0,1.0,0.505
ALC_002141,2025-06-10,VIL_024,555522.4,555522.4,305537.3,249985.1,0.55,0.505
ALC_002142,2025-06-11,VIL_024,545631.0,545631.0,545631.0,0.0,1.0,0.505
ALC_002143,2025-06-12,VIL_024,563292.7,563292.7,354874.4,208418.3,0.63,0.505
ALC_002144,2025-06-13,VIL_024,563232.3,563232.3,563232.3,0.0,1.0,0.505
ALC_002145,2025-06-14,VIL_024,536202.7,536202.7,536202.7,0.0,1.0,0.505
ALC_002146,2025-06-15,VIL_024,495457.9,495457.9,495457.9,0.0,1.0,0.505
ALC_002147,2025-06-16,VIL_024,550270.1,550270.1,434713.4,115556.7,0.79,0.505
ALC_002148,2025-06-17,VIL_024,528289.2,528289.2,433197.1,95092.1,0.82,0.505
ALC_002149,2025-06-18,VIL_024,538523.0,538523.0,538523.0,0.0,1.0,0.505
ALC_002150,2025-06-19,VIL_024,475211.7,475211.7,475211.7,0.0,1.0,0.505
ALC_002151,2025-06-20,VIL_024,550383.5,550383.5,550383.5,0.0,1.0,0.505
ALC_002152,2025-06-21,VIL_024,534423.1,534423.1,342030.8,192392.3,0.64,0.505
ALC_002153,2025-06-22,VIL_024,568835.2,568835.2,392496.3,176338.9,0.69,0.505
ALC_002154,2025-06-23,VIL_024,466005.7,466005.7,340184.2,125821.5,0.73,0.505
ALC_002155,2025-06-24,VIL_024,489554.0,489554.0,352478.9,137075.1,0.72,0.505
ALC_002156,2025-06-25,VIL_024,497779.7,497779.7,497779.7,0.0,1.0,0.505
ALC_002157,2025-06-26,VIL_024,487483.0,487483.0,336363.3,151119.7,0.69,0.505
ALC_002158,2025-06-27,VIL_024,526393.3,526393.3,526393.3,0.0,1.0,0.505
ALC_002159,2025-06-28,VIL_024,482463.2,482463.2,482463.2,0.0,1.0,0.505
ALC_002160,2025-06-29,VIL_024,518800.1,518800.1,518800.1,0.0,1.0,0.505
ALC_002161,2025-04-01,VIL_025,561842.4,561842.4,561842.4,0.0,1.0,0.623
ALC_002162,2025-04-02,VIL_025,545296.5,545296.5,387160.5,158136.0,0.71,0.623
ALC_002163,2025-04-03,VIL_025,564877.8,564877.8,384116.9,180760.9,0.68,0.623
ALC_002164,2025-04-04,VIL_025,556628.3,556628.3,556628.3,0.0,1.0,0.623
ALC_002165,2025-04-05,VIL_025,560246.1,560246.1,560246.1,0.0,1.0,0.623
ALC_002166,2025-04-06,VIL_025,550739.4,550739.4,550739.4,0.0,1.0,0.623
ALC_002167,2025-04-07,VIL_025,528621.4,528621.4,327745.3,200876.1,0.62,0.623
ALC_002168,2025-04-08,VIL_025,549097.4,549097.4,549097.4,0.0,1.0,0.623
ALC_002169,2025-04-09,VIL_025,564832.0,564832.0,564832.0,0.0,1.0,0.623
ALC_002170,2025-04-10,VIL_025,565541.3,565541.3,565541.3,0.0,1.0,0.623
ALC_002171,2025-04-11,VIL_025,588648.8,588648.8,588648.8,0.0,1.0,0.623
ALC_002172,2025-04-12,VIL_025,556695.5,556695.5,556695.5,0.0,1.0,0.623
ALC_002173,2025-04-13,VIL_025,567041.7,567041.7,567041.7,0.0,1.0,0.623
ALC_002174,2025-04-14,VIL_025,565112.8,565112.8,491648.1,73464.7,0.87,0.623
ALC_002175,2025-04-15,VIL_025,541116.3,541116.3,351725.6,189390.7,0.65,0.623
ALC_002176,2025-04-16,VIL_025,567963.5,567963.5,352137.4,215826.1,0.62,0.623
ALC_002177,2025-04-17,VIL_025,578801.9,578801.9,405161.3,173640.6,0.7,0.623
ALC_002178,2025-04-18,VIL_025,574254.7,574254.7,574254.7,0.0,1.0,0.623
ALC_002179,2025-04-19,VIL_025,542551.9,542551.9,542551.9,0.0,1.0,0.623
ALC_002180,2025-04-20,VIL_025,552818.5,552818.5,420142.1,132676.4,0.76,0.623
ALC_002181,2025-04-21,VIL_025,593139.9,593139.9,593139.9,0.0,1.0,0.623
ALC_002182,2025-04-22,VIL_025,527395.3,527395.3,527395.3,0.0,1.0,0.623
ALC_002183,2025-04-23,VIL_025,531607.6,531607.6,531607.6,0.0,1.0,0.623
ALC_002184,2025-04-24,VIL_025,543158.4,543158.4,543158.4,0.0,1.0,0.623
ALC_002185,2025-04-25,VIL_025,517685.8,517685.8,346849.5,170836.3,0.67,0.623
ALC_002186,2025-04-26,VIL_025,529799.0,529799.0,529799.0,0.0,1.0,0.623
ALC_002187,2025-04-27,VIL_025,556592.2,556592.2,361784.9,194807.3,0.65,0.623
ALC_002188,2025-04-28,VIL_025,573297.9,573297.9,573297.9,0.0,1.0,0.623
ALC_002189,2025-04-29,VIL_025,579487.0,579487.0,336102.5,243384.5,0.58,0.623
ALC_002190,2025-04-30,VIL_025,559426.5,559426.5,436352.7,123073.8,0.78,0.623
ALC_002191,2025-05-01,VIL_025,544124.7,544124.7,544124.7,0.0,1.0,0.623
ALC_002192,2025-05-02,VIL_025,534054.9,534054.9,534054.9,0.0,1.0,0.623
ALC_002193,2025-05-03,VIL_025,539105.9,539105.9,393547.3,145558.6,0.73,0.623
ALC_002194,2025-05-04,VIL_025,533746.7,533746.7,533746.7,0.0,1.0,0.623
ALC_002195,2025-05-05,VIL_025,540990.9,540990.9,540990.9,0.0,1.0,0.623
ALC_002196,2025-05-06,VIL_025,567119.0,567119.0,567119.0,0.0,1.0,0.623
ALC_002197,2025-05-07,VIL_025,568738.9,568738.9,568738.9,0.0,1.0,0.623
ALC_002198,2025-05-08,VIL_025,574992.3,574992.3,574992.3,0.0,1.0,0.623
ALC_002199,2025-05-09,VIL_025,572107.3,572107.3,503454.4,68652.9,0.88,0.623
ALC_002200,2025-05-10,VIL_025,560264.5,560264.5,291337.5,268927.0,0.52,0.623
ALC_002201,2025-05-11,VIL_025,524191.2,524191.2,309272.8,214918.4,0.59,0.623
ALC_002202,2025-05-12,VIL_025,550336.8,550336.8,407249.2,143087.6,0.74,0.623
ALC_002203,2025-05-13,VIL_025,541933.2,541933.2,368514.6,173418.6,0.68,0.623
ALC_002204,2025-05-14,VIL_025,587785.9,587785.9,587785.9,0.0,1.0,0.623
ALC_002205,2025-05-15,VIL_025,556379.8,556379.8,556379.8,0.0,1.0,0.623
ALC_002206,2025-05-16,VIL_025,558614.2,558614.2,323996.2,234618.0,0.58,0.623
ALC_002207,2025-05-17,VIL_025,572802.6,572802.6,572802.6,0.0,1.0,0.623
ALC_002208,2025-05-18,VIL_025,586108.5,586108.5,468886.8,117221.7,0.8,0.623
ALC_002209,2025-05-19,VIL_025,531938.8,531938.8,335121.4,196817.4,0.63,0.623
ALC_002210,2025-05-20,VIL_025,559960.6,559960.6,419970.4,139990.2,0.75,0.623
ALC_002211,2025-05-21,VIL_025,578348.6,578348.6,387493.6,190855.0,0.67,0.623
ALC_002212,2025-05-22,VIL_025,546463.9,546463.9,278696.6,267767.3,0.51,0.623
ALC_002213,2025-05-23,VIL_025,581603.7,581603.7,581603.7,0.0,1.0,0.623
ALC_002214,2025-05-24,VIL_025,562264.7,562264.7,455434.4,106830.3,0.81,0.623
ALC_002215,2025-05-25,VIL_025,567446.0,567446.0,567446.0,0.0,1.0,0.623
ALC_002216,2025-05-26,VIL_025,593785.1,593785.1,403773.9,190011.2,0.68,0.623
ALC_002217,2025-05-27,VIL_025,561381.2,561381.2,561381.2,0.0,1.0,0.623
ALC_002218,2025-05-28,VIL_025,565411.7,565411.7,322284.7,243127.0,0.57,0.623
ALC_002219,2025-05-29,VIL_025,498914.8,498914.8,498914.8,0.0,1.0,0.623
ALC_002220,2025-05-30,VIL_025,576895.9,576895.9,576895.9,0.0,1.0,0.623
ALC_002221,2025-05-31,VIL_025,544672.4,544672.4,544672.4,0.0,1.0,0.623
ALC_002222,2025-06-01,VIL_025,545304.2,545304.2,414431.2,130873.0,0.76,0.623
ALC_002223,2025-06-02,VIL_025,476861.2,476861.2,476861.2,0.0,1.0,0.623
ALC_002224,2025-06-03,VIL_025,523679.3,523679.3,523679.3,0.0,1.0,0.623
ALC_002225,2025-06-04,VIL_025,490982.9,490982.9,490982.9,0.0,1.0,0.623
ALC_002226,2025-06-05,VIL_025,542235.5,542235.5,542235.5,0.0,1.0,0.623
ALC_002227,2025-06-06,VIL_025,530582.6,530582.6,424466.1,106116.5,0.8,0.623
ALC_002228,2025-06-07,VIL_025,513200.0,513200.0,513200.0,0.0,1.0,0.623
ALC_002229,2025-06-08,VIL_025,521227.0,521227.0,521227.0,0.0,1.0,0.623
ALC_002230,2025-06-09,VIL_025,475166.5,475166.5,475166.5,0.0,1.0,0.623
ALC_002231,2025-06-10,VIL_025,540175.8,540175.8,540175.8,0.0,1.0,0.623
ALC_002232,2025-06-11,VIL_025,474453.7,474453.7,474453.7,0.0,1.0,0.623
ALC_002233,2025-06-12,VIL_025,451434.9,451434.9,451434.9,0.0,1.0,0.623
ALC_002234,2025-06-13,VIL_025,459338.6,459338.6,459338.6,0.0,1.0,0.623
ALC_002235,2025-06-14,VIL_025,550750.6,550750.6,357987.9,192762.7,0.65,0.623
ALC_002236,2025-06-15,VIL_025,524484.3,524484.3,524484.3,0.0,1.0,0.623
ALC_002237,2025-06-16,VIL_025,543100.5,543100.5,407325.4,135775.1,0.75,0.623
ALC_002238,2025-06-17,VIL_025,469509.2,469509.2,277010.4,192498.8,0.59,0.623
ALC_002239,2025-06-18,VIL_025,448243.4,448243.4,251016.3,197227.1,0.56,0.623
ALC_002240,2025-06-19,VIL_025,525011.8,525011.8,525011.8,0.0,1.0,0.623
ALC_002241,2025-06-20,VIL_025,522079.6,522079.6,302806.2,219273.4,0.58,0.623
ALC_002242,2025-06-21,VIL_025,523582.3,523582.3,523582.3,0.0,1.0,0.623
ALC_002243,2025-06-22,VIL_025,446323.2,446323.2,446323.2,0.0,1.0,0.623
ALC_002244,2025-06-23,VIL_025,534410.2,534410.2,384775.3,149634.9,0.72,0.623
ALC_002245,2025-06-24,VIL_025,515021.9,515021.9,401717.1,113304.8,0.78,0.623
ALC_002246,2025-06-25,VIL_025,538521.0,538521.0,538521.0,0.0,1.0,0.623
ALC_002247,2025-06-26,VIL_025,460854.4,460854.4,460854.4,0.0,1.0,0.623
ALC_002248,2025-06-27,VIL_025,540073.7,540073.7,356448.6,183625.1,0.66,0.623
ALC_002249,2025-06-28,VIL_025,544378.8,544378.8,544378.8,0.0,1.0,0.623
ALC_002250,2025-06-29,VIL_025,511882.6,511882.6,378793.1,133089.5,0.74,0.623
ALC_002251,2025-04-01,VIL_026,610458.5,610458.5,494471.4,115987.1,0.81,0.558
ALC_002252,2025-04-02,VIL_026,603334.0,603334.0,603334.0,0.0,1.0,0.558
ALC_002253,2025-04-03,VIL_026,606945.0,606945.0,461278.2,145666.8,0.76,0.558
ALC_002254,2025-04-04,VIL_026,588206.7,588206.7,399980.6,188226.1,0.68,0.558
ALC_002255,2025-04-05,VIL_026,585818.3,585818.3,468654.6,117163.7,0.8,0.558
ALC_002256,2025-04-06,VIL_026,574144.9,574144.9,574144.9,0.0,1.0,0.558
ALC_002257,2025-04-07,VIL_026,583651.9,583651.9,583651.9,0.0,1.0,0.558
ALC_002258,2025-04-08,VIL_026,569354.7,569354.7,301758.0,267596.7,0.53,0.558
ALC_002259,2025-04-09,VIL_026,621458.5,621458.5,621458.5,0.0,1.0,0.558
ALC_002260,2025-04-10,VIL_026,592569.6,592569.6,592569.6,0.0,1.0,0.558
ALC_002261,2025-04-11,VIL_026,622399.0,622399.0,622399.0,0.0,1.0,0.558
ALC_002262,2025-04-12,VIL_026,573930.4,573930.4,447665.7,126264.7,0.78,0.558
ALC_002263,2025-04-13,VIL_026,581076.0,581076.0,342834.8,238241.2,0.59,0.558
ALC_002264,2025-04-14,VIL_026,596964.5,596964.5,465632.3,131332.2,0.78,0.558
ALC_002265,2025-04-15,VIL_026,612234.6,612234.6,612234.6,0.0,1.0,0.558
ALC_002266,2025-04-16,VIL_026,598900.2,598900.2,598900.2,0.0,1.0,0.558
ALC_002267,2025-04-17,VIL_026,606765.2,606765.2,606765.2,0.0,1.0,0.558
ALC_002268,2025-04-18,VIL_026,566979.5,566979.5,566979.5,0.0,1.0,0.558
ALC_002269,2025-04-19,VIL_026,612195.1,612195.1,612195.1,0.0,1.0,0.558
ALC_002270,2025-04-20,VIL_026,564932.7,564932.7,434998.2,129934.5,0.77,0.558
ALC_002271,2025-04-21,VIL_026,564669.9,564669.9,564669.9,0.0,1.0,0.558
ALC_002272,2025-04-22,VIL_026,617930.3,617930.3,333682.4,284247.9,0.54,0.558
ALC_002273,2025-04-23,VIL_026,573622.7,573622.7,573622.7,0.0,1.0,0.558
ALC_002274,2025-04-24,VIL_026,592083.2,592083.2,455904.1,136179.1,0.77,0.558
ALC_002275,2025-04-25,VIL_026,576216.3,576216.3,351491.9,224724.4,0.61,0.558
ALC_002276,2025-04-26,VIL_026,606837.1,606837.1,430854.3,175982.8,0.71,0.558
ALC_002277,2025-04-27,VIL_026,622466.8,622466.8,622466.8,0.0,1.0,0.558
ALC_002278,2025-04-28,VIL_026,616828.4,616828.4,413275.0,203553.4,0.67,0.558
ALC_002279,2025-04-29,VIL_026,572184.8,572184.8,572184.8,0.0,1.0,0.558
ALC_002280,2025-04-30,VIL_026,570632.4,570632.4,302435.2,268197.2,0.53,0.558
ALC_002281,2025-05-01,VIL_026,585338.3,585338.3,585338.3,0.0,1.0,0.558
ALC_002282,2025-05-02,VIL_026,606287.9,606287.9,454715.9,151572.0,0.75,0.558
ALC_002283,2025-05-03,VIL_026,599450.1,599450.1,599450.1,0.0,1.0,0.558
ALC_002284,2025-05-04,VIL_026,608104.8,608104.8,346619.7,261485.1,0.57,0.558
ALC_002285,2025-05-05,VIL_026,592297.6,592297.6,592297.6,0.0,1.0,0.558
ALC_002286,2025-05-06,VIL_026,585267.9,585267.9,585267.9,0.0,1.0,0.558
ALC_002287,2025-05-07,VIL_026,579328.1,579328.1,579328.1,0.0,1.0,0.558
ALC_002288,2025-05-08,VIL_026,614579.9,614579.9,614579.9,0.0,1.0,0.558
ALC_002289,2025-05-09,VIL_026,595120.2,595120.2,595120.2,0.0,1.0,0.558
ALC_002290,2025-05-10,VIL_026,598115.0,598115.0,598115.0,0.0,1.0,0.558
ALC_002291,2025-05-11,VIL_026,571859.4,571859.4,571859.4,0.0,1.0,0.558
ALC_002292,2025-05-12,VIL_026,594670.2,594670.2,594670.2,0.0,1.0,0.558
ALC_002293,2025-05-13,VIL_026,603731.6,603731.6,332052.4,271679.2,0.55,0.558
ALC_002294,2025-05-14,VIL_026,623628.9,623628.9,523848.3,99780.6,0.84,0.558
ALC_002295,2025-05-15,VIL_026,585036.8,585036.8,585036.8,0.0,1.0,0.558
ALC_002296,2025-05-16,VIL_026,607194.7,607194.7,607194.7,0.0,1.0,0.558
ALC_002297,2025-05-17,VIL_026,575646.9,575646.9,575646.9,0.0,1.0,0.558
ALC_002298,2025-05-18,VIL_026,579623.6,579623.6,359366.6,220257.0,0.62,0.558
ALC_002299,2025-05-19,VIL_026,629622.0,629622.0,528882.5,100739.5,0.84,0.558
ALC_002300,2025-05-20,VIL_026,584699.2,584699.2,309890.6,274808.6,0.53,0.558
ALC_002301,2025-05-21,VIL_026,595568.6,595568.6,500277.6,95291.0,0.84,0.558
ALC_002302,2025-05-22,VIL_026,590189.9,590189.9,590189.9,0.0,1.0,0.558
ALC_002303,2025-05-23,VIL_026,595397.7,595397.7,595397.7,0.0,1.0,0.558
ALC_002304,2025-05-24,VIL_026,533165.0,533165.0,533165.0,0.0,1.0,0.558
ALC_002305,2025-05-25,VIL_026,591125.7,591125.7,591125.7,0.0,1.0,0.558
ALC_002306,2025-05-26,VIL_026,581461.1,581461.1,581461.1,0.0,1.0,0.558
ALC_002307,2025-05-27,VIL_026,505721.1,505721.1,328718.7,177002.4,0.65,0.558
ALC_002308,2025-05-28,VIL_026,628266.0,628266.0,628266.0,0.0,1.0,0.558
ALC_002309,2025-05-29,VIL_026,520915.5,520915.5,520915.5,0.0,1.0,0.558
ALC_002310,2025-05-30,VIL_026,601408.1,601408.1,601408.1,0.0,1.0,0.558
ALC_002311,2025-05-31,VIL_026,572550.8,572550.8,572550.8,0.0,1.0,0.558
ALC_002312,2025-06-01,VIL_026,468253.3,468253.3,337142.4,131110.9,0.72,0.558
ALC_002313,2025-06-02,VIL_026,496657.9,496657.9,496657.9,0.0,1.0,0.558
ALC_002314,2025-06-03,VIL_026,577441.1,577441.1,577441.1,0.0,1.0,0.558
ALC_002315,2025-06-04,VIL_026,490276.5,490276.5,367707.4,122569.1,0.75,0.558
ALC_002316,2025-06-05,VIL_026,526851.1,526851.1,526851.1,0.0,1.0,0.558
ALC_002317,2025-06-06,VIL_026,510769.8,510769.8,510769.8,0.0,1.0,0.558
ALC_002318,2025-06-07,VIL_026,579182.8,579182.8,353301.5,225881.3,0.61,0.558
ALC_002319,2025-06-08,VIL_026,570073.3,570073.3,570073.3,0.0,1.0,0.558
ALC_002320,2025-06-09,VIL_026,506700.7,506700.7,405360.6,101340.1,0.8,0.558
ALC_002321,2025-06-10,VIL_026,500750.0,500750.0,500750.0,0.0,1.0,0.558
ALC_002322,2025-06-11,VIL_026,568285.2,568285.2,568285.2,0.0,1.0,0.558
ALC_002323,2025-06-12,VIL_026,584894.3,584894.3,584894.3,0.0,1.0,0.558
ALC_002324,2025-06-13,VIL_026,501963.4,501963.4,501963.4,0.0,1.0,0.558
ALC_002325,2025-06-14,VIL_026,489953.8,489953.8,352766.7,137187.1,0.72,0.558
ALC_002326,2025-06-15,VIL_026,570463.2,570463.2,570463.2,0.0,1.0,0.558
ALC_002327,2025-06-16,VIL_026,542040.5,542040.5,542040.5,0.0,1.0,0.558
ALC_002328,2025-06-17,VIL_026,521849.3,521849.3,422697.9,99151.4,0.81,0.558
ALC_002329,2025-06-18,VIL_026,573650.5,573650.5,481866.4,91784.1,0.84,0.558
ALC_002330,2025-06-19,VIL_026,548787.3,548787.3,548787.3,0.0,1.0,0.558
ALC_002331,2025-06-20,VIL_026,539207.8,539207.8,452934.6,86273.2,0.84,0.558
ALC_002332,2025-06-21,VIL_026,514684.5,514684.5,380866.5,133818.0,0.74,0.558
ALC_002333,2025-06-22,VIL_026,519242.9,519242.9,519242.9,0.0,1.0,0.558
ALC_002334,2025-06-23,VIL_026,551879.6,551879.6,551879.6,0.0,1.0,0.558
ALC_002335,2025-06-24,VIL_026,499783.5,499783.5,499783.5,0.0,1.0,0.558
ALC_002336,2025-06-25,VIL_026,574076.4,574076.4,321482.8,252593.6,0.56,0.558
ALC_002337,2025-06-26,VIL_026,503169.5,503169.5,306933.4,196236.1,0.61,0.558
ALC_002338,2025-06-27,VIL_026,577715.5,577715.5,577715.5,0.0,1.0,0.558
ALC_002339,2025-06-28,VIL_026,571139.4,571139.4,325549.5,245589.9,0.57,0.558
ALC_002340,2025-06-29,VIL_026,492441.4,492441.4,492441.4,0.0,1.0,0.558
ALC_002341,2025-04-01,VIL_027,203680.6,203680.6,203680.6,0.0,1.0,0.664
ALC_002342,2025-04-02,VIL_027,214821.5,214821.5,214821.5,0.0,1.0,0.664
ALC_002343,2025-04-03,VIL_027,213434.0,213434.0,213434.0,0.0,1.0,0.664
ALC_002344,2025-04-04,VIL_027,218036.4,218036.4,218036.4,0.0,1.0,0.664
ALC_002345,2025-04-05,VIL_027,220554.4,220554.4,220554.4,0.0,1.0,0.664
ALC_002346,2025-04-06,VIL_027,218164.3,218164.3,218164.3,0.0,1.0,0.664
ALC_002347,2025-04-07,VIL_027,217885.2,217885.2,217885.2,0.0,1.0,0.664
ALC_002348,2025-04-08,VIL_027,219981.9,219981.9,180385.2,39596.7,0.82,0.664
ALC_002349,2025-04-09,VIL_027,206779.7,206779.7,206779.7,0.0,1.0,0.664
ALC_002350,2025-04-10,VIL_027,211088.6,211088.6,211088.6,0.0,1.0,0.664
ALC_002351,2025-04-11,VIL_027,217606.9,217606.9,217606.9,0.0,1.0,0.664
ALC_002352,2025-04-12,VIL_027,216310.3,216310.3,134112.4,82197.9,0.62,0.664
ALC_002353,2025-04-13,VIL_027,216353.6,216353.6,160101.7,56251.9,0.74,0.664
ALC_002354,2025-04-14,VIL_027,214049.6,214049.6,214049.6,0.0,1.0,0.664
ALC_002355,2025-04-15,VIL_027,200614.8,200614.8,138424.2,62190.6,0.69,0.664
ALC_002356,2025-04-16,VIL_027,218512.8,218512.8,176995.4,41517.4,0.81,0.664
ALC_002357,2025-04-17,VIL_027,218994.4,218994.4,135776.5,83217.9,0.62,0.664
ALC_002358,2025-04-18,VIL_027,223861.6,223861.6,125362.5,98499.1,0.56,0.664
ALC_002359,2025-04-19,VIL_027,208938.8,208938.8,208938.8,0.0,1.0,0.664
ALC_002360,2025-04-20,VIL_027,211379.8,211379.8,120486.5,90893.3,0.57,0.664
ALC_002361,2025-04-21,VIL_027,213095.5,213095.5,213095.5,0.0,1.0,0.664
ALC_002362,2025-04-22,VIL_027,214785.4,214785.4,214785.4,0.0,1.0,0.664
ALC_002363,2025-04-23,VIL_027,208049.3,208049.3,110266.1,97783.2,0.53,0.664
ALC_002364,2025-04-24,VIL_027,218276.0,218276.0,218276.0,0.0,1.0,0.664
ALC_002365,2025-04-25,VIL_027,225294.0,225294.0,130670.5,94623.5,0.58,0.664
ALC_002366,2025-04-26,VIL_027,212637.7,212637.7,212637.7,0.0,1.0,0.664
ALC_002367,2025-04-27,VIL_027,213179.2,213179.2,106589.6,106589.6,0.5,0.664
ALC_002368,2025-04-28,VIL_027,208612.2,208612.2,208612.2,0.0,1.0,0.664
ALC_002369,2025-04-29,VIL_027,217252.6,217252.6,217252.6,0.0,1.0,0.664
ALC_002370,2025-04-30,VIL_027,212134.7,212134.7,212134.7,0.0,1.0,0.664
ALC_002371,2025-05-01,VIL_027,206433.4,206433.4,179597.1,26836.3,0.87,0.664
ALC_002372,2025-05-02,VIL_027,210396.5,210396.5,210396.5,0.0,1.0,0.664
ALC_002373,2025-05-03,VIL_027,210720.1,210720.1,164361.7,46358.4,0.78,0.664
ALC_002374,2025-05-04,VIL_027,215231.0,215231.0,161423.2,53807.8,0.75,0.664
ALC_002375,2025-05-05,VIL_027,219886.9,219886.9,138528.7,81358.2,0.63,0.664
ALC_002376,2025-05-06,VIL_027,208511.1,208511.1,208511.1,0.0,1.0,0.664
ALC_002377,2025-05-07,VIL_027,214910.0,214910.0,214910.0,0.0,1.0,0.664
ALC_002378,2025-05-08,VIL_027,204824.2,204824.2,204824.2,0.0,1.0,0.664
ALC_002379,2025-05-09,VIL_027,224993.1,224993.1,184494.3,40498.8,0.82,0.664
ALC_002380,2025-05-10,VIL_027,226307.7,226307.7,133521.5,92786.2,0.59,0.664
ALC_002381,2025-05-11,VIL_027,212105.4,212105.4,212105.4,0.0,1.0,0.664
ALC_002382,2025-05-12,VIL_027,219203.5,219203.5,219203.5,0.0,1.0,0.664
ALC_002383,2025-05-13,VIL_027,209393.8,209393.8,165421.1,43972.7,0.79,0.664
ALC_002384,2025-05-14,VIL_027,204549.3,204549.3,204549.3,0.0,1.0,0.664
ALC_002385,2025-05-15,VIL_027,205143.0,205143.0,123085.8,82057.2,0.6,0.664
ALC_002386,2025-05-16,VIL_027,205657.8,205657.8,205657.8,0.0,1.0,0.664
ALC_002387,2025-05-17,VIL_027,202982.3,202982.3,202982.3,0.0,1.0,0.664
ALC_002388,2025-05-18,VIL_027,215657.8,215657.8,215657.8,0.0,1.0,0.664
ALC_002389,2025-05-19,VIL_027,213803.4,213803.4,213803.4,0.0,1.0,0.664
ALC_002390,2025-05-20,VIL_027,203982.2,203982.2,203982.2,0.0,1.0,0.664
ALC_002391,2025-05-21,VIL_027,213530.9,213530.9,153742.2,59788.7,0.72,0.664
ALC_002392,2025-05-22,VIL_027,212449.0,212449.0,180581.6,31867.4,0.85,0.664
ALC_002393,2025-05-23,VIL_027,206526.4,206526.4,206526.4,0.0,1.0,0.664
ALC_002394,2025-05-24,VIL_027,225459.4,225459.4,135275.6,90183.8,0.6,0.664
ALC_002395,2025-05-25,VIL_027,204085.8,204085.8,106124.6,97961.2,0.52,0.664
ALC_002396,2025-05-26,VIL_027,210023.0,210023.0,210023.0,0.0,1.0,0.664
ALC_002397,2025-05-27,VIL_027,219036.7,219036.7,177419.7,41617.0,0.81,0.664
ALC_002398,2025-05-28,VIL_027,209249.1,209249.1,140196.9,69052.2,0.67,0.664
ALC_002399,2025-05-29,VIL_027,206658.7,206658.7,206658.7,0.0,1.0,0.664
ALC_002400,2025-05-30,VIL_027,215597.6,215597.6,215597.6,0.0,1.0,0.664
ALC_002401,2025-05-31,VIL_027,218144.1,218144.1,218144.1,0.0,1.0,0.664
ALC_002402,2025-06-01,VIL_027,167887.6,167887.6,167887.6,0.0,1.0,0.664
ALC_002403,2025-06-02,VIL_027,180731.6,180731.6,155429.2,25302.4,0.86,0.664
ALC_002404,2025-06-03,VIL_027,199374.1,199374.1,139561.9,59812.2,0.7,0.664
ALC_002405,2025-06-04,VIL_027,185699.0,185699.0,185699.0,0.0,1.0,0.664
ALC_002406,2025-06-05,VIL_027,209434.5,209434.5,209434.5,0.0,1.0,0.664
ALC_002407,2025-06-06,VIL_027,183370.9,183370.9,93519.2,89851.7,0.51,0.664
ALC_002408,2025-06-07,VIL_027,198180.4,198180.4,118908.2,79272.2,0.6,0.664
ALC_002409,2025-06-08,VIL_027,204353.1,204353.1,204353.1,0.0,1.0,0.664
ALC_002410,2025-06-09,VIL_027,172682.8,172682.8,91521.9,81160.9,0.53,0.664
ALC_002411,2025-06-10,VIL_027,204337.6,204337.6,140992.9,63344.7,0.69,0.664
ALC_002412,2025-06-11,VIL_027,196226.2,196226.2,196226.2,0.0,1.0,0.664
ALC_002413,2025-06-12,VIL_027,205451.0,205451.0,115052.6,90398.4,0.56,0.664
ALC_002414,2025-06-13,VIL_027,200134.1,200134.1,110073.8,90060.3,0.55,0.664
ALC_002415,2025-06-14,VIL_027,207712.8,207712.8,182787.3,24925.5,0.88,0.664
ALC_002416,2025-06-15,VIL_027,170008.7,170008.7,170008.7,0.0,1.0,0.664
ALC_002417,2025-06-16,VIL_027,205830.3,205830.3,129673.1,76157.2,0.63,0.664
ALC_002418,2025-06-17,VIL_027,206079.3,206079.3,206079.3,0.0,1.0,0.664
ALC_002419,2025-06-18,VIL_027,199327.2,199327.2,127569.4,71757.8,0.64,0.664
ALC_002420,2025-06-19,VIL_027,176180.4,176180.4,176180.4,0.0,1.0,0.664
ALC_002421,2025-06-20,VIL_027,202919.0,202919.0,123780.6,79138.4,0.61,0.664
ALC_002422,2025-06-21,VIL_027,199323.7,199323.7,199323.7,0.0,1.0,0.664
ALC_002423,2025-06-22,VIL_027,208431.6,208431.6,139649.2,68782.4,0.67,0.664
ALC_002424,2025-06-23,VIL_027,184466.0,184466.0,112524.3,71941.7,0.61,0.664
ALC_002425,2025-06-24,VIL_027,169602.0,169602.0,86497.0,83105.0,0.51,0.664
ALC_002426,2025-06-25,VIL_027,180072.2,180072.2,180072.2,0.0,1.0,0.664
ALC_002427,2025-06-26,VIL_027,175934.7,175934.7,135469.7,40465.0,0.77,0.664
ALC_002428,2025-06-27,VIL_027,198350.4,198350.4,107109.2,91241.2,0.54,0.664
ALC_002429,2025-06-28,VIL_027,180620.1,180620.1,95728.7,84891.4,0.53,0.664
ALC_002430,2025-06-29,VIL_027,195031.0,195031.0,169677.0,25354.0,0.87,0.664
ALC_002431,2025-04-01,VIL_028,322678.1,322678.1,183926.5,138751.6,0.57,0.575
ALC_002432,2025-04-02,VIL_028,316057.0,316057.0,249685.0,66372.0,0.79,0.575
ALC_002433,2025-04-03,VIL_028,321924.2,321924.2,321924.2,0.0,1.0,0.575
ALC_002434,2025-04-04,VIL_028,336877.2,336877.2,218970.2,117907.0,0.65,0.575
ALC_002435,2025-04-05,VIL_028,323870.8,323870.8,323870.8,0.0,1.0,0.575
ALC_002436,2025-04-06,VIL_028,332551.3,332551.3,332551.3,0.0,1.0,0.575
ALC_002437,2025-04-07,VIL_028,322689.5,322689.5,322689.5,0.0,1.0,0.575
ALC_002438,2025-04-08,VIL_028,331097.5,331097.5,331097.5,0.0,1.0,0.575
ALC_002439,2025-04-09,VIL_028,309345.8,309345.8,262943.9,46401.9,0.85,0.575
ALC_002440,2025-04-10,VIL_028,320798.5,320798.5,192479.1,128319.4,0.6,0.575
ALC_002441,2025-04-11,VIL_028,332204.8,332204.8,332204.8,0.0,1.0,0.575
ALC_002442,2025-04-12,VIL_028,330546.9,330546.9,201633.6,128913.3,0.61,0.575
ALC_002443,2025-04-13,VIL_028,327287.4,327287.4,212736.8,114550.6,0.65,0.575
ALC_002444,2025-04-14,VIL_028,321743.8,321743.8,270264.8,51479.0,0.84,0.575
ALC_002445,2025-04-15,VIL_028,344808.2,344808.2,193092.6,151715.6,0.56,0.575
ALC_002446,2025-04-16,VIL_028,330465.9,330465.9,330465.9,0.0,1.0,0.575
ALC_002447,2025-04-17,VIL_028,329459.9,329459.9,240505.7,88954.2,0.73,0.575
ALC_002448,2025-04-18,VIL_028,348219.9,348219.9,348219.9,0.0,1.0,0.575
ALC_002449,2025-04-19,VIL_028,317642.9,317642.9,174703.6,142939.3,0.55,0.575
ALC_002450,2025-04-20,VIL_028,309377.1,309377.1,309377.1,0.0,1.0,0.575
ALC_002451,2025-04-21,VIL_028,324177.8,324177.8,269067.6,55110.2,0.83,0.575
ALC_002452,2025-04-22,VIL_028,319939.0,319939.0,191963.4,127975.6,0.6,0.575
ALC_002453,2025-04-23,VIL_028,329118.5,329118.5,269877.2,59241.3,0.82,0.575
ALC_002454,2025-04-24,VIL_028,309708.5,309708.5,309708.5,0.0,1.0,0.575
ALC_002455,2025-04-25,VIL_028,319169.5,319169.5,319169.5,0.0,1.0,0.575
ALC_002456,2025-04-26,VIL_028,330681.6,330681.6,330681.6,0.0,1.0,0.575
ALC_002457,2025-04-27,VIL_028,318588.7,318588.7,318588.7,0.0,1.0,0.575
ALC_002458,2025-04-28,VIL_028,332047.4,332047.4,332047.4,0.0,1.0,0.575
ALC_002459,2025-04-29,VIL_028,320878.7,320878.7,179692.1,141186.6,0.56,0.575
ALC_002460,2025-04-30,VIL_028,325854.1,325854.1,325854.1,0.0,1.0,0.575
ALC_002461,2025-05-01,VIL_028,323973.5,323973.5,323973.5,0.0,1.0,0.575
ALC_002462,2025-05-02,VIL_028,316270.3,316270.3,183436.8,132833.5,0.58,0.575
ALC_002463,2025-05-03,VIL_028,327114.8,327114.8,327114.8,0.0,1.0,0.575
ALC_002464,2025-05-04,VIL_028,322815.9,322815.9,322815.9,0.0,1.0,0.575
ALC_002465,2025-05-05,VIL_028,315948.1,315948.1,315948.1,0.0,1.0,0.575
ALC_002466,2025-05-06,VIL_028,316815.8,316815.8,316815.8,0.0,1.0,0.575
ALC_002467,2025-05-07,VIL_028,314452.8,314452.8,216972.4,97480.4,0.69,0.575
ALC_002468,2025-05-08,VIL_028,325961.2,325961.2,189057.5,136903.7,0.58,0.575
ALC_002469,2025-05-09,VIL_028,336794.5,336794.5,229020.3,107774.2,0.68,0.575
ALC_002470,2025-05-10,VIL_028,324830.7,324830.7,324830.7,0.0,1.0,0.575
ALC_002471,2025-05-11,VIL_028,336538.3,336538.3,336538.3,0.0,1.0,0.575
ALC_002472,2025-05-12,VIL_028,336474.3,336474.3,336474.3,0.0,1.0,0.575
ALC_002473,2025-05-13,VIL_028,319647.9,319647.9,281290.2,38357.7,0.88,0.575
ALC_002474,2025-05-14,VIL_028,317711.7,317711.7,317711.7,0.0,1.0,0.575
ALC_002475,2025-05-15,VIL_028,327775.4,327775.4,327775.4,0.0,1.0,0.575
ALC_002476,2025-05-16,VIL_028,330663.3,330663.3,211624.5,119038.8,0.64,0.575
ALC_002477,2025-05-17,VIL_028,320276.7,320276.7,320276.7,0.0,1.0,0.575
ALC_002478,2025-05-18,VIL_028,338142.2,338142.2,338142.2,0.0,1.0,0.575
ALC_002479,2025-05-19,VIL_028,322742.7,322742.7,193645.6,129097.1,0.6,0.575
ALC_002480,2025-05-20,VIL_028,319522.9,319522.9,319522.9,0.0,1.0,0.575
ALC_002481,2025-05-21,VIL_028,320093.9,320093.9,320093.9,0.0,1.0,0.575
ALC_002482,2025-05-22,VIL_028,317428.3,317428.3,317428.3,0.0,1.0,0.575
ALC_002483,2025-05-23,VIL_028,311989.9,311989.9,311989.9,0.0,1.0,0.575
ALC_002484,2025-05-24,VIL_028,325858.3,325858.3,325858.3,0.0,1.0,0.575
ALC_002485,2025-05-25,VIL_028,318141.8,318141.8,318141.8,0.0,1.0,0.575
ALC_002486,2025-05-26,VIL_028,314333.1,314333.1,254609.8,59723.3,0.81,0.575
ALC_002487,2025-05-27,VIL_028,320896.8,320896.8,218209.8,102687.0,0.68,0.575
ALC_002488,2025-05-28,VIL_028,320557.6,320557.6,320557.6,0.0,1.0,0.575
ALC_002489,2025-05-29,VIL_028,297818.9,297818.9,154865.8,142953.1,0.52,0.575
ALC_002490,2025-05-30,VIL_028,322542.0,322542.0,270935.3,51606.7,0.84,0.575
ALC_002491,2025-05-31,VIL_028,315887.6,315887.6,315887.6,0.0,1.0,0.575
ALC_002492,2025-06-01,VIL_028,320222.7,320222.7,320222.7,0.0,1.0,0.575
ALC_002493,2025-06-02,VIL_028,263822.9,263822.9,263822.9,0.0,1.0,0.575
ALC_002494,2025-06-03,VIL_028,318405.5,318405.5,318405.5,0.0,1.0,0.575
ALC_002495,2025-06-04,VIL_028,266111.4,266111.4,266111.4,0.0,1.0,0.575
ALC_002496,2025-06-05,VIL_028,295569.5,295569.5,218721.4,76848.1,0.74,0.575
ALC_002497,2025-06-06,VIL_028,296654.0,296654.0,296654.0,0.0,1.0,0.575
ALC_002498,2025-06-07,VIL_028,319044.5,319044.5,319044.5,0.0,1.0,0.575
ALC_002499,2025-06-08,VIL_028,309150.4,309150.4,309150.4,0.0,1.0,0.575
ALC_002500,2025-06-09,VIL_028,266639.4,266639.4,266639.4,0.0,1.0,0.575
ALC_002501,2025-06-10,VIL_028,303863.1,303863.1,233974.6,69888.5,0.77,0.575
ALC_002502,2025-06-11,VIL_028,272778.8,272778.8,212767.5,60011.3,0.78,0.575
ALC_002503,2025-06-12,VIL_028,265004.9,265004.9,135152.5,129852.4,0.51,0.575
ALC_002504,2025-06-13,VIL_028,282069.1,282069.1,282069.1,0.0,1.0,0.575
ALC_002505,2025-06-14,VIL_028,322912.3,322912.3,245413.3,77499.0,0.76,0.575
ALC_002506,2025-06-15,VIL_028,308003.8,308003.8,206362.5,101641.3,0.67,0.575
ALC_002507,2025-06-16,VIL_028,318391.8,318391.8,318391.8,0.0,1.0,0.575
ALC_002508,2025-06-17,VIL_028,281005.7,281005.7,199514.0,81491.7,0.71,0.575
ALC_002509,2025-06-18,VIL_028,270199.4,270199.4,270199.4,0.0,1.0,0.575
ALC_002510,2025-06-19,VIL_028,319288.7,319288.7,319288.7,0.0,1.0,0.575
ALC_002511,2025-06-20,VIL_028,314323.5,314323.5,314323.5,0.0,1.0,0.575
ALC_002512,2025-06-21,VIL_028,311671.4,311671.4,243103.7,68567.7,0.78,0.575
ALC_002513,2025-06-22,VIL_028,277789.3,277789.3,152784.1,125005.2,0.55,0.575
ALC_002514,2025-06-23,VIL_028,299195.6,299195.6,167549.5,131646.1,0.56,0.575
ALC_002515,2025-06-24,VIL_028,296214.1,296214.1,296214.1,0.0,1.0,0.575
ALC_002516,2025-06-25,VIL_028,298812.3,298812.3,242038.0,56774.3,0.81,0.575
ALC_002517,2025-06-26,VIL_028,269413.8,269413.8,269413.8,0.0,1.0,0.575
ALC_002518,2025-06-27,VIL_028,319812.4,319812.4,172698.7,147113.7,0.54,0.575
ALC_002519,2025-06-28,VIL_028,301979.5,301979.5,166088.7,135890.8,0.55,0.575
ALC_002520,2025-06-29,VIL_028,313535.0,313535.0,228880.5,84654.5,0.73,0.575
ALC_002521,2025-04-01,VIL_029,409773.6,409773.6,409773.6,0.0,1.0,0.669
ALC_002522,2025-04-02,VIL_029,403092.8,403092.8,403092.8,0.0,1.0,0.669
ALC_002523,2025-04-03,VIL_029,426017.9,426017.9,426017.9,0.0,1.0,0.669
ALC_002524,2025-04-04,VIL_029,423444.9,423444.9,423444.9,0.0,1.0,0.669
ALC_002525,2025-04-05,VIL_029,408385.8,408385.8,408385.8,0.0,1.0,0.669
ALC_002526,2025-04-06,VIL_029,405213.5,405213.5,405213.5,0.0,1.0,0.669
ALC_002527,2025-04-07,VIL_029,409016.2,409016.2,409016.2,0.0,1.0,0.669
ALC_002528,2025-04-08,VIL_029,426228.1,426228.1,311146.5,115081.6,0.73,0.669
ALC_002529,2025-04-09,VIL_029,438559.1,438559.1,438559.1,0.0,1.0,0.669
ALC_002530,2025-04-10,VIL_029,449554.0,449554.0,449554.0,0.0,1.0,0.669
ALC_002531,2025-04-11,VIL_029,427260.2,427260.2,234993.1,192267.1,0.55,0.669
ALC_002532,2025-04-12,VIL_029,448203.8,448203.8,448203.8,0.0,1.0,0.669
ALC_002533,2025-04-13,VIL_029,437898.0,437898.0,437898.0,0.0,1.0,0.669
ALC_002534,2025-04-14,VIL_029,430007.9,430007.9,305305.6,124702.3,0.71,0.669
ALC_002535,2025-04-15,VIL_029,419598.9,419598.9,281131.3,138467.6,0.67,0.669
ALC_002536,2025-04-16,VIL_029,460746.4,460746.4,340952.3,119794.1,0.74,0.669
ALC_002537,2025-04-17,VIL_029,415265.5,415265.5,344670.4,70595.1,0.83,0.669
ALC_002538,2025-04-18,VIL_029,443335.0,443335.0,305901.1,137433.9,0.69,0.669
ALC_002539,2025-04-19,VIL_029,423989.8,423989.8,423989.8,0.0,1.0,0.669
ALC_002540,2025-04-20,VIL_029,428159.2,428159.2,428159.2,0.0,1.0,0.669
ALC_002541,2025-04-21,VIL_029,432723.5,432723.5,359160.5,73563.0,0.83,0.669
ALC_002542,2025-04-22,VIL_029,434339.7,434339.7,351815.2,82524.5,0.81,0.669
ALC_002543,2025-04-23,VIL_029,443518.7,443518.7,443518.7,0.0,1.0,0.669
ALC_002544,2025-04-24,VIL_029,443124.3,443124.3,443124.3,0.0,1.0,0.669
ALC_002545,2025-04-25,VIL_029,442998.1,442998.1,442998.1,0.0,1.0,0.669
ALC_002546,2025-04-26,VIL_029,428904.4,428904.4,428904.4,0.0,1.0,0.669
ALC_002547,2025-04-27,VIL_029,407611.2,407611.2,407611.2,0.0,1.0,0.669
ALC_002548,2025-04-28,VIL_029,452069.1,452069.1,452069.1,0.0,1.0,0.669
ALC_002549,2025-04-29,VIL_029,436620.8,436620.8,218310.4,218310.4,0.5,0.669
ALC_002550,2025-04-30,VIL_029,423243.8,423243.8,423243.8,0.0,1.0,0.669
ALC_002551,2025-05-01,VIL_029,447622.8,447622.8,447622.8,0.0,1.0,0.669
ALC_002552,2025-05-02,VIL_029,441362.8,441362.8,388399.3,52963.5,0.88,0.669
ALC_002553,2025-05-03,VIL_029,421692.5,421692.5,421692.5,0.0,1.0,0.669
ALC_002554,2025-05-04,VIL_029,435494.2,435494.2,239521.8,195972.4,0.55,0.669
ALC_002555,2025-05-05,VIL_029,416373.0,416373.0,416373.0,0.0,1.0,0.669
ALC_002556,2025-05-06,VIL_029,408788.2,408788.2,408788.2,0.0,1.0,0.669
ALC_002557,2025-05-07,VIL_029,415243.7,415243.7,415243.7,0.0,1.0,0.669
ALC_002558,2025-05-08,VIL_029,420578.8,420578.8,260758.9,159819.9,0.62,0.669
ALC_002559,2025-05-09,VIL_029,443855.7,443855.7,443855.7,0.0,1.0,0.669
ALC_002560,2025-05-10,VIL_029,411918.7,411918.7,255389.6,156529.1,0.62,0.669
ALC_002561,2025-05-11,VIL_029,437518.4,437518.4,341264.4,96254.0,0.78,0.669
ALC_002562,2025-05-12,VIL_029,428063.7,428063.7,428063.7,0.0,1.0,0.669
ALC_002563,2025-05-13,VIL_029,439342.2,439342.2,386621.1,52721.1,0.88,0.669
ALC_002564,2025-05-14,VIL_029,435418.4,435418.4,435418.4,0.0,1.0,0.669
ALC_002565,2025-05-15,VIL_029,434221.4,434221.4,282243.9,151977.5,0.65,0.669
ALC_002566,2025-05-16,VIL_029,413384.6,413384.6,206692.3,206692.3,0.5,0.669
ALC_002567,2025-05-17,VIL_029,409828.9,409828.9,331961.4,77867.5,0.81,0.669
ALC_002568,2025-05-18,VIL_029,442496.9,442496.9,442496.9,0.0,1.0,0.669
ALC_002569,2025-05-19,VIL_029,436050.0,436050.0,436050.0,0.0,1.0,0.669
ALC_002570,2025-05-20,VIL_029,437765.5,437765.5,437765.5,0.0,1.0,0.669
ALC_002571,2025-05-21,VIL_029,436087.6,436087.6,318343.9,117743.7,0.73,0.669
ALC_002572,2025-05-22,VIL_029,427302.0,427302.0,427302.0,0.0,1.0,0.669
ALC_002573,2025-05-23,VIL_029,427803.4,427803.4,231013.8,196789.6,0.54,0.669
ALC_002574,2025-05-24,VIL_029,437194.9,437194.9,437194.9,0.0,1.0,0.669
ALC_002575,2025-05-25,VIL_029,435460.8,435460.8,317886.4,117574.4,0.73,0.669
ALC_002576,2025-05-26,VIL_029,423935.3,423935.3,423935.3,0.0,1.0,0.669
ALC_002577,2025-05-27,VIL_029,416973.9,416973.9,271033.0,145940.9,0.65,0.669
ALC_002578,2025-05-28,VIL_029,439674.6,439674.6,276995.0,162679.6,0.63,0.669
ALC_002579,2025-05-29,VIL_029,393412.8,393412.8,393412.8,0.0,1.0,0.669
ALC_002580,2025-05-30,VIL_029,400701.1,400701.1,400701.1,0.0,1.0,0.669
ALC_002581,2025-05-31,VIL_029,449984.1,449984.1,449984.1,0.0,1.0,0.669
ALC_002582,2025-06-01,VIL_029,410168.3,410168.3,410168.3,0.0,1.0,0.669
ALC_002583,2025-06-02,VIL_029,343719.6,343719.6,343719.6,0.0,1.0,0.669
ALC_002584,2025-06-03,VIL_029,414359.7,414359.7,414359.7,0.0,1.0,0.669
ALC_002585,2025-06-04,VIL_029,363808.7,363808.7,363808.7,0.0,1.0,0.669
ALC_002586,2025-06-05,VIL_029,411867.3,411867.3,243001.7,168865.6,0.59,0.669
ALC_002587,2025-06-06,VIL_029,401206.6,401206.6,288868.8,112337.8,0.72,0.669
ALC_002588,2025-06-07,VIL_029,402258.0,402258.0,402258.0,0.0,1.0,0.669
ALC_002589,2025-06-08,VIL_029,420103.1,420103.1,243659.8,176443.3,0.58,0.669
ALC_002590,2025-06-09,VIL_029,349341.6,349341.6,265499.6,83842.0,0.76,0.669
ALC_002591,2025-06-10,VIL_029,412299.4,412299.4,276240.6,136058.8,0.67,0.669
ALC_002592,2025-06-11,VIL_029,344313.1,344313.1,344313.1,0.0,1.0,0.669
ALC_002593,2025-06-12,VIL_029,349054.1,349054.1,349054.1,0.0,1.0,0.669
ALC_002594,2025-06-13,VIL_029,368529.6,368529.6,368529.6,0.0,1.0,0.669
ALC_002595,2025-06-14,VIL_029,404739.2,404739.2,404739.2,0.0,1.0,0.669
ALC_002596,2025-06-15,VIL_029,430041.4,430041.4,430041.4,0.0,1.0,0.669
ALC_002597,2025-06-16,VIL_029,396936.8,396936.8,396936.8,0.0,1.0,0.669
ALC_002598,2025-06-17,VIL_029,347619.8,347619.8,347619.8,0.0,1.0,0.669
ALC_002599,2025-06-18,VIL_029,368054.7,368054.7,368054.7,0.0,1.0,0.669
ALC_002600,2025-06-19,VIL_029,432198.1,432198.1,315504.6,116693.5,0.73,0.669
ALC_002601,2025-06-20,VIL_029,385714.6,385714.6,258428.8,127285.8,0.67,0.669
ALC_002602,2025-06-21,VIL_029,384207.0,384207.0,384207.0,0.0,1.0,0.669
ALC_002603,2025-06-22,VIL_029,365784.1,365784.1,365784.1,0.0,1.0,0.669
ALC_002604,2025-06-23,VIL_029,411535.7,411535.7,411535.7,0.0,1.0,0.669
ALC_002605,2025-06-24,VIL_029,425480.7,425480.7,425480.7,0.0,1.0,0.669
ALC_002606,2025-06-25,VIL_029,415118.6,415118.6,415118.6,0.0,1.0,0.669
ALC_002607,2025-06-26,VIL_029,340306.8,340306.8,340306.8,0.0,1.0,0.669
ALC_002608,2025-06-27,VIL_029,432760.2,432760.2,432760.2,0.0,1.0,0.669
ALC_002609,2025-06-28,VIL_029,407884.3,407884.3,407884.3,0.0,1.0,0.669
ALC_002610,2025-06-29,VIL_029,412481.4,412481.4,412481.4,0.0,1.0,0.669
ALC_002611,2025-04-01,VIL_030,174642.7,174642.7,111771.3,62871.4,0.64,0.411
ALC_002612,2025-04-02,VIL_030,167723.6,167723.6,167723.6,0.0,1.0,0.411
ALC_002613,2025-04-03,VIL_030,169806.4,169806.4,130750.9,39055.5,0.77,0.411
ALC_002614,2025-04-04,VIL_030,162851.7,162851.7,162851.7,0.0,1.0,0.411
ALC_002615,2025-04-05,VIL_030,164585.4,164585.4,164585.4,0.0,1.0,0.411
ALC_002616,2025-04-06,VIL_030,171380.0,171380.0,171380.0,0.0,1.0,0.411
ALC_002617,2025-04-07,VIL_030,165559.5,165559.5,165559.5,0.0,1.0,0.411
ALC_002618,2025-04-08,VIL_030,172261.8,172261.8,172261.8,0.0,1.0,0.411
ALC_002619,2025-04-09,VIL_030,165925.8,165925.8,121125.8,44800.0,0.73,0.411
ALC_002620,2025-04-10,VIL_030,172166.5,172166.5,99856.6,72309.9,0.58,0.411
ALC_002621,2025-04-11,VIL_030,166472.8,166472.8,166472.8,0.0,1.0,0.411
ALC_002622,2025-04-12,VIL_030,161338.5,161338.5,161338.5,0.0,1.0,0.411
ALC_002623,2025-04-13,VIL_030,179778.2,179778.2,107866.9,71911.3,0.6,0.411
ALC_002624,2025-04-14,VIL_030,167862.8,167862.8,167862.8,0.0,1.0,0.411
ALC_002625,2025-04-15,VIL_030,171598.3,171598.3,171598.3,0.0,1.0,0.411
ALC_002626,2025-04-16,VIL_030,169972.4,169972.4,169972.4,0.0,1.0,0.411
ALC_002627,2025-04-17,VIL_030,167589.6,167589.6,115636.8,51952.8,0.69,0.411
ALC_002628,2025-04-18,VIL_030,164326.7,164326.7,164326.7,0.0,1.0,0.411
ALC_002629,2025-04-19,VIL_030,164041.3,164041.3,136154.3,27887.0,0.83,0.411
ALC_002630,2025-04-20,VIL_030,159235.1,159235.1,159235.1,0.0,1.0,0.411
ALC_002631,2025-04-21,VIL_030,158799.7,158799.7,101631.8,57167.9,0.64,0.411
ALC_002632,2025-04-22,VIL_030,164711.1,164711.1,136710.2,28000.9,0.83,0.411
ALC_002633,2025-04-23,VIL_030,158610.0,158610.0,128474.1,30135.9,0.81,0.411
ALC_002634,2025-04-24,VIL_030,163034.6,163034.6,163034.6,0.0,1.0,0.411
ALC_002635,2025-04-25,VIL_030,159116.0,159116.0,114563.5,44552.5,0.72,0.411
ALC_002636,2025-04-26,VIL_030,178090.6,178090.6,115758.9,62331.7,0.65,0.411
ALC_002637,2025-04-27,VIL_030,153234.5,153234.5,128717.0,24517.5,0.84,0.411
ALC_002638,2025-04-28,VIL_030,164347.2,164347.2,164347.2,0.0,1.0,0.411
ALC_002639,2025-04-29,VIL_030,162983.2,162983.2,162983.2,0.0,1.0,0.411
ALC_002640,2025-04-30,VIL_030,163046.5,163046.5,163046.5,0.0,1.0,0.411
ALC_002641,2025-05-01,VIL_030,159534.4,159534.4,159534.4,0.0,1.0,0.411
ALC_002642,2025-05-02,VIL_030,171557.8,171557.8,171557.8,0.0,1.0,0.411
ALC_002643,2025-05-03,VIL_030,176026.0,176026.0,176026.0,0.0,1.0,0.411
ALC_002644,2025-05-04,VIL_030,170908.1,170908.1,123053.8,47854.3,0.72,0.411
ALC_002645,2025-05-05,VIL_030,172431.6,172431.6,117253.5,55178.1,0.68,0.411
ALC_002646,2025-05-06,VIL_030,169846.1,169846.1,169846.1,0.0,1.0,0.411
ALC_002647,2025-05-07,VIL_030,160995.6,160995.6,135236.3,25759.3,0.84,0.411
ALC_002648,2025-05-08,VIL_030,173287.4,173287.4,173287.4,0.0,1.0,0.411
ALC_002649,2025-05-09,VIL_030,173853.7,173853.7,173853.7,0.0,1.0,0.411
ALC_002650,2025-05-10,VIL_030,164191.9,164191.9,85379.8,78812.1,0.52,0.411
ALC_002651,2025-05-11,VIL_030,164012.2,164012.2,164012.2,0.0,1.0,0.411
ALC_002652,2025-05-12,VIL_030,164075.1,164075.1,164075.1,0.0,1.0,0.411
ALC_002653,2025-05-13,VIL_030,174005.1,174005.1,174005.1,0.0,1.0,0.411
ALC_002654,2025-05-14,VIL_030,169410.0,169410.0,169410.0,0.0,1.0,0.411
ALC_002655,2025-05-15,VIL_030,163810.7,163810.7,163810.7,0.0,1.0,0.411
ALC_002656,2025-05-16,VIL_030,162383.9,162383.9,139650.2,22733.7,0.86,0.411
ALC_002657,2025-05-17,VIL_030,160794.5,160794.5,115772.0,45022.5,0.72,0.411
ALC_002658,2025-05-18,VIL_030,167785.0,167785.0,95637.4,72147.6,0.57,0.411
ALC_002659,2025-05-19,VIL_030,174499.9,174499.9,143089.9,31410.0,0.82,0.411
ALC_002660,2025-05-20,VIL_030,164569.6,164569.6,164569.6,0.0,1.0,0.411
ALC_002661,2025-05-21,VIL_030,167471.3,167471.3,167471.3,0.0,1.0,0.411
ALC_002662,2025-05-22,VIL_030,173241.5,173241.5,93550.4,79691.1,0.54,0.411
ALC_002663,2025-05-23,VIL_030,164013.5,164013.5,164013.5,0.0,1.0,0.411
ALC_002664,2025-05-24,VIL_030,162965.2,162965.2,102668.1,60297.1,0.63,0.411
ALC_002665,2025-05-25,VIL_030,166335.0,166335.0,166335.0,0.0,1.0,0.411
ALC_002666,2025-05-26,VIL_030,165272.6,165272.6,92552.7,72719.9,0.56,0.411
ALC_002667,2025-05-27,VIL_030,167379.7,167379.7,132230.0,35149.7,0.79,0.411
ALC_002668,2025-05-28,VIL_030,163238.1,163238.1,112634.3,50603.8,0.69,0.411
ALC_002669,2025-05-29,VIL_030,170798.0,170798.0,170798.0,0.0,1.0,0.411
ALC_002670,2025-05-30,VIL_030,165903.8,165903.8,165903.8,0.0,1.0,0.411
ALC_002671,2025-05-31,VIL_030,170901.6,170901.6,170901.6,0.0,1.0,0.411
ALC_002672,2025-06-01,VIL_030,137275.5,137275.5,115311.4,21964.1,0.84,0.411
ALC_002673,2025-06-02,VIL_030,145594.2,145594.2,145594.2,0.0,1.0,0.411
ALC_002674,2025-06-03,VIL_030,157684.5,157684.5,111956.0,45728.5,0.71,0.411
ALC_002675,2025-06-04,VIL_030,140362.8,140362.8,140362.8,0.0,1.0,0.411
ALC_002676,2025-06-05,VIL_030,158018.2,158018.2,107452.4,50565.8,0.68,0.411
ALC_002677,2025-06-06,VIL_030,134830.9,134830.9,99774.9,35056.0,0.74,0.411
ALC_002678,2025-06-07,VIL_030,148142.4,148142.4,148142.4,0.0,1.0,0.411
ALC_002679,2025-06-08,VIL_030,156357.9,156357.9,156357.9,0.0,1.0,0.411
ALC_002680,2025-06-09,VIL_030,142377.5,142377.5,142377.5,0.0,1.0,0.411
ALC_002681,2025-06-10,VIL_030,161704.7,161704.7,161704.7,0.0,1.0,0.411
ALC_002682,2025-06-11,VIL_030,165195.3,165195.3,140416.0,24779.3,0.85,0.411
ALC_002683,2025-06-12,VIL_030,153177.8,153177.8,102629.1,50548.7,0.67,0.411
ALC_002684,2025-06-13,VIL_030,161598.6,161598.6,114735.0,46863.6,0.71,0.411
ALC_002685,2025-06-14,VIL_030,158810.4,158810.4,114343.5,44466.9,0.72,0.411
ALC_002686,2025-06-15,VIL_030,140101.8,140101.8,140101.8,0.0,1.0,0.411
ALC_002687,2025-06-16,VIL_030,160932.4,160932.4,141620.5,19311.9,0.88,0.411
ALC_002688,2025-06-17,VIL_030,159736.7,159736.7,159736.7,0.0,1.0,0.411
ALC_002689,2025-06-18,VIL_030,158174.9,158174.9,158174.9,0.0,1.0,0.411
ALC_002690,2025-06-19,VIL_030,132059.9,132059.9,91121.3,40938.6,0.69,0.411
ALC_002691,2025-06-20,VIL_030,162243.0,162243.0,141151.4,21091.6,0.87,0.411
ALC_002692,2025-06-21,VIL_030,154483.2,154483.2,86510.6,67972.6,0.56,0.411
ALC_002693,2025-06-22,VIL_030,155349.5,155349.5,155349.5,0.0,1.0,0.411
ALC_002694,2025-06-23,VIL_030,140116.1,140116.1,140116.1,0.0,1.0,0.411
ALC_002695,2025-06-24,VIL_030,139452.0,139452.0,139452.0,0.0,1.0,0.411
ALC_002696,2025-06-25,VIL_030,135328.3,135328.3,135328.3,0.0,1.0,0.411
ALC_002697,2025-06-26,VIL_030,144686.3,144686.3,144686.3,0.0,1.0,0.411
ALC_002698,2025-06-27,VIL_030,150622.1,150622.1,114472.8,36149.3,0.76,0.411
ALC_002699,2025-06-28,VIL_030,138533.0,138533.0,138533.0,0.0,1.0,0.411
ALC_002700,2025-06-29,VIL_030,157617.7,157617.7,157617.7,0.0,1.0,0.411
ALC_002701,2025-04-01,VIL_031,563816.0,563816.0,287546.2,276269.8,0.51,0.42
ALC_002702,2025-04-02,VIL_031,555215.0,555215.0,555215.0,0.0,1.0,0.42
ALC_002703,2025-04-03,VIL_031,583142.3,583142.3,408199.6,174942.7,0.7,0.42
ALC_002704,2025-04-04,VIL_031,587236.6,587236.6,587236.6,0.0,1.0,0.42
ALC_002705,2025-04-05,VIL_031,576505.8,576505.8,576505.8,0.0,1.0,0.42
ALC_002706,2025-04-06,VIL_031,550626.0,550626.0,550626.0,0.0,1.0,0.42
ALC_002707,2025-04-07,VIL_031,583400.2,583400.2,373376.1,210024.1,0.64,0.42
ALC_002708,2025-04-08,VIL_031,591382.1,591382.1,591382.1,0.0,1.0,0.42
ALC_002709,2025-04-09,VIL_031,545524.4,545524.4,545524.4,0.0,1.0,0.42
ALC_002710,2025-04-10,VIL_031,578861.3,578861.3,410991.5,167869.8,0.71,0.42
ALC_002711,2025-04-11,VIL_031,577753.7,577753.7,410205.1,167548.6,0.71,0.42
ALC_002712,2025-04-12,VIL_031,575147.8,575147.8,575147.8,0.0,1.0,0.42
ALC_002713,2025-04-13,VIL_031,621393.1,621393.1,621393.1,0.0,1.0,0.42
ALC_002714,2025-04-14,VIL_031,549857.6,549857.6,401396.0,148461.6,0.73,0.42
ALC_002715,2025-04-15,VIL_031,579679.1,579679.1,579679.1,0.0,1.0,0.42
ALC_002716,2025-04-16,VIL_031,605140.9,605140.9,411495.8,193645.1,0.68,0.42
ALC_002717,2025-04-17,VIL_031,578368.8,578368.8,578368.8,0.0,1.0,0.42
ALC_002718,2025-04-18,VIL_031,579668.6,579668.6,579668.6,0.0,1.0,0.42
ALC_002719,2025-04-19,VIL_031,555457.5,555457.5,555457.5,0.0,1.0,0.42
ALC_002720,2025-04-20,VIL_031,563305.4,563305.4,563305.4,0.0,1.0,0.42
ALC_002721,2025-04-21,VIL_031,602941.5,602941.5,602941.5,0.0,1.0,0.42
ALC_002722,2025-04-22,VIL_031,608679.8,608679.8,462596.6,146083.2,0.76,0.42
ALC_002723,2025-04-23,VIL_031,612372.8,612372.8,612372.8,0.0,1.0,0.42
ALC_002724,2025-04-24,VIL_031,585685.4,585685.4,585685.4,0.0,1.0,0.42
ALC_002725,2025-04-25,VIL_031,571495.2,571495.2,388616.7,182878.5,0.68,0.42
ALC_002726,2025-04-26,VIL_031,567497.6,567497.6,295098.8,272398.8,0.52,0.42
ALC_002727,2025-04-27,VIL_031,565193.2,565193.2,565193.2,0.0,1.0,0.42
ALC_002728,2025-04-28,VIL_031,544951.1,544951.1,435960.9,108990.2,0.8,0.42
ALC_002729,2025-04-29,VIL_031,590514.3,590514.3,590514.3,0.0,1.0,0.42
ALC_002730,2025-04-30,VIL_031,612436.5,612436.5,342964.4,269472.1,0.56,0.42
ALC_002731,2025-05-01,VIL_031,567525.6,567525.6,567525.6,0.0,1.0,0.42
ALC_002732,2025-05-02,VIL_031,586579.6,586579.6,310887.2,275692.4,0.53,0.42
ALC_002733,2025-05-03,VIL_031,600680.9,600680.9,420476.6,180204.3,0.7,0.42
ALC_002734,2025-05-04,VIL_031,581070.0,581070.0,581070.0,0.0,1.0,0.42
ALC_002735,2025-05-05,VIL_031,586256.4,586256.4,433829.7,152426.7,0.74,0.42
ALC_002736,2025-05-06,VIL_031,593460.6,593460.6,593460.6,0.0,1.0,0.42
ALC_002737,2025-05-07,VIL_031,572386.5,572386.5,572386.5,0.0,1.0,0.42
ALC_002738,2025-05-08,VIL_031,598131.8,598131.8,376823.0,221308.8,0.63,0.42
ALC_002739,2025-05-09,VIL_031,575160.6,575160.6,575160.6,0.0,1.0,0.42
ALC_002740,2025-05-10,VIL_031,580925.1,580925.1,319508.8,261416.3,0.55,0.42
ALC_002741,2025-05-11,VIL_031,586646.5,586646.5,346121.4,240525.1,0.59,0.42
ALC_002742,2025-05-12,VIL_031,570855.9,570855.9,433850.5,137005.4,0.76,0.42
ALC_002743,2025-05-13,VIL_031,578690.4,578690.4,578690.4,0.0,1.0,0.42
ALC_002744,2025-05-14,VIL_031,594021.4,594021.4,314831.3,279190.1,0.53,0.42
ALC_002745,2025-05-15,VIL_031,571201.6,571201.6,571201.6,0.0,1.0,0.42
ALC_002746,2025-05-16,VIL_031,557685.6,557685.6,345765.1,211920.5,0.62,0.42
ALC_002747,2025-05-17,VIL_031,587913.8,587913.8,405660.5,182253.3,0.69,0.42
ALC_002748,2025-05-18,VIL_031,556721.0,556721.0,556721.0,0.0,1.0,0.42
ALC_002749,2025-05-19,VIL_031,568779.2,568779.2,568779.2,0.0,1.0,0.42
ALC_002750,2025-05-20,VIL_031,555548.9,555548.9,422217.2,133331.7,0.76,0.42
ALC_002751,2025-05-21,VIL_031,598964.8,598964.8,598964.8,0.0,1.0,0.42
ALC_002752,2025-05-22,VIL_031,592080.4,592080.4,449981.1,142099.3,0.76,0.42
ALC_002753,2025-05-23,VIL_031,559071.7,559071.7,441666.6,117405.1,0.79,0.42
ALC_002754,2025-05-24,VIL_031,588696.3,588696.3,588696.3,0.0,1.0,0.42
ALC_002755,2025-05-25,VIL_031,609649.6,609649.6,609649.6,0.0,1.0,0.42
ALC_002756,2025-05-26,VIL_031,573003.4,573003.4,573003.4,0.0,1.0,0.42
ALC_002757,2025-05-27,VIL_031,568134.2,568134.2,568134.2,0.0,1.0,0.42
ALC_002758,2025-05-28,VIL_031,604664.9,604664.9,604664.9,0.0,1.0,0.42
ALC_002759,2025-05-29,VIL_031,514228.1,514228.1,437093.9,77134.2,0.85,0.42
ALC_002760,2025-05-30,VIL_031,532806.7,532806.7,271731.4,261075.3,0.51,0.42
ALC_002761,2025-05-31,VIL_031,556007.7,556007.7,289124.0,266883.7,0.52,0.42
ALC_002762,2025-06-01,VIL_031,563919.6,563919.6,563919.6,0.0,1.0,0.42
ALC_002763,2025-06-02,VIL_031,468858.4,468858.4,403218.2,65640.2,0.86,0.42
ALC_002764,2025-06-03,VIL_031,542827.6,542827.6,276842.1,265985.5,0.51,0.42
ALC_002765,2025-06-04,VIL_031,463362.8,463362.8,463362.8,0.0,1.0,0.42
ALC_002766,2025-06-05,VIL_031,544567.8,544567.8,544567.8,0.0,1.0,0.42
ALC_002767,2025-06-06,VIL_031,531091.8,531091.8,531091.8,0.0,1.0,0.42
ALC_002768,2025-06-07,VIL_031,572893.5,572893.5,297904.6,274988.9,0.52,0.42
ALC_002769,2025-06-08,VIL_031,517049.0,517049.0,517049.0,0.0,1.0,0.42
ALC_002770,2025-06-09,VIL_031,463304.4,463304.4,463304.4,0.0,1.0,0.42
ALC_002771,2025-06-10,VIL_031,524293.2,524293.2,262146.6,262146.6,0.5,0.42
ALC_002772,2025-06-11,VIL_031,488017.1,488017.1,317211.1,170806.0,0.65,0.42
ALC_002773,2025-06-12,VIL_031,487509.1,487509.1,375382.0,112127.1,0.77,0.42
ALC_002774,2025-06-13,VIL_031,491191.6,491191.6,491191.6,0.0,1.0,0.42
ALC_002775,2025-06-14,VIL_031,568274.2,568274.2,323916.3,244357.9,0.57,0.42
ALC_002776,2025-06-15,VIL_031,571325.9,571325.9,571325.9,0.0,1.0,0.42
ALC_002777,2025-06-16,VIL_031,562789.1,562789.1,399580.3,163208.8,0.71,0.42
ALC_002778,2025-06-17,VIL_031,507658.9,507658.9,441663.2,65995.7,0.87,0.42
ALC_002779,2025-06-18,VIL_031,473091.7,473091.7,307509.6,165582.1,0.65,0.42
ALC_002780,2025-06-19,VIL_031,539462.7,539462.7,539462.7,0.0,1.0,0.42
ALC_002781,2025-06-20,VIL_031,564906.9,564906.9,564906.9,0.0,1.0,0.42
ALC_002782,2025-06-21,VIL_031,527344.8,527344.8,326953.8,200391.0,0.62,0.42
ALC_002783,2025-06-22,VIL_031,496870.4,496870.4,417371.1,79499.3,0.84,0.42
ALC_002784,2025-06-23,VIL_031,541210.6,541210.6,319314.3,221896.3,0.59,0.42
ALC_002785,2025-06-24,VIL_031,554307.7,554307.7,554307.7,0.0,1.0,0.42
ALC_002786,2025-06-25,VIL_031,554655.5,554655.5,554655.5,0.0,1.0,0.42
ALC_002787,2025-06-26,VIL_031,499528.1,499528.1,499528.1,0.0,1.0,0.42
ALC_002788,2025-06-27,VIL_031,568639.9,568639.9,568639.9,0.0,1.0,0.42
ALC_002789,2025-06-28,VIL_031,555645.8,555645.8,366726.2,188919.6,0.66,0.42
ALC_002790,2025-06-29,VIL_031,545970.2,545970.2,371259.7,174710.5,0.68,0.42
ALC_002791,2025-04-01,VIL_032,504484.6,504484.6,504484.6,0.0,1.0,0.312
ALC_002792,2025-04-02,VIL_032,478799.9,478799.9,383039.9,95760.0,0.8,0.312
ALC_002793,2025-04-03,VIL_032,473809.8,473809.8,473809.8,0.0,1.0,0.312
ALC_002794,2025-04-04,VIL_032,507221.2,507221.2,507221.2,0.0,1.0,0.312
ALC_002795,2025-04-05,VIL_032,465413.9,465413.9,400256.0,65157.9,0.86,0.312
ALC_002796,2025-04-06,VIL_032,494014.1,494014.1,494014.1,0.0,1.0,0.312
ALC_002797,2025-04-07,VIL_032,477131.1,477131.1,477131.1,0.0,1.0,0.312
ALC_002798,2025-04-08,VIL_032,457059.8,457059.8,457059.8,0.0,1.0,0.312
ALC_002799,2025-04-09,VIL_032,479301.8,479301.8,277995.0,201306.8,0.58,0.312
ALC_002800,2025-04-10,VIL_032,483858.1,483858.1,483858.1,0.0,1.0,0.312
ALC_002801,2025-04-11,VIL_032,469052.1,469052.1,267359.7,201692.4,0.57,0.312
ALC_002802,2025-04-12,VIL_032,470160.6,470160.6,470160.6,0.0,1.0,0.312
ALC_002803,2025-04-13,VIL_032,495026.0,495026.0,495026.0,0.0,1.0,0.312
ALC_002804,2025-04-14,VIL_032,494715.0,494715.0,390824.9,103890.1,0.79,0.312
ALC_002805,2025-04-15,VIL_032,502194.2,502194.2,502194.2,0.0,1.0,0.312
ALC_002806,2025-04-16,VIL_032,480751.2,480751.2,480751.2,0.0,1.0,0.312
ALC_002807,2025-04-17,VIL_032,496719.1,496719.1,298031.5,198687.6,0.6,0.312
ALC_002808,2025-04-18,VIL_032,488910.4,488910.4,488910.4,0.0,1.0,0.312
ALC_002809,2025-04-19,VIL_032,480513.2,480513.2,293113.1,187400.1,0.61,0.312
ALC_002810,2025-04-20,VIL_032,479789.3,479789.3,479789.3,0.0,1.0,0.312
ALC_002811,2025-04-21,VIL_032,464633.6,464633.6,464633.6,0.0,1.0,0.312
ALC_002812,2025-04-22,VIL_032,498332.5,498332.5,393682.7,104649.8,0.79,0.312
ALC_002813,2025-04-23,VIL_032,478720.1,478720.1,478720.1,0.0,1.0,0.312
ALC_002814,2025-04-24,VIL_032,475485.0,475485.0,389897.7,85587.3,0.82,0.312
ALC_002815,2025-04-25,VIL_032,513396.4,513396.4,513396.4,0.0,1.0,0.312
ALC_002816,2025-04-26,VIL_032,461812.2,461812.2,461812.2,0.0,1.0,0.312
ALC_002817,2025-04-27,VIL_032,475296.5,475296.5,327954.6,147341.9,0.69,0.312
ALC_002818,2025-04-28,VIL_032,471476.6,471476.6,471476.6,0.0,1.0,0.312
ALC_002819,2025-04-29,VIL_032,476897.1,476897.1,476897.1,0.0,1.0,0.312
ALC_002820,2025-04-30,VIL_032,481364.7,481364.7,332141.6,149223.1,0.69,0.312
ALC_002821,2025-05-01,VIL_032,475961.4,475961.4,242740.3,233221.1,0.51,0.312
ALC_002822,2025-05-02,VIL_032,483471.9,483471.9,406116.4,77355.5,0.84,0.312
ALC_002823,2025-05-03,VIL_032,485695.8,485695.8,485695.8,0.0,1.0,0.312
ALC_002824,2025-05-04,VIL_032,498670.9,498670.9,413896.8,84774.1,0.83,0.312
ALC_002825,2025-05-05,VIL_032,489255.4,489255.4,352263.9,136991.5,0.72,0.312
ALC_002826,2025-05-06,VIL_032,486929.6,486929.6,423628.8,63300.8,0.87,0.312
ALC_002827,2025-05-07,VIL_032,471411.2,471411.2,471411.2,0.0,1.0,0.312
ALC_002828,2025-05-08,VIL_032,474150.3,474150.3,474150.3,0.0,1.0,0.312
ALC_002829,2025-05-09,VIL_032,494065.5,494065.5,494065.5,0.0,1.0,0.312
ALC_002830,2025-05-10,VIL_032,488602.3,488602.3,488602.3,0.0,1.0,0.312
ALC_002831,2025-05-11,VIL_032,462555.8,462555.8,462555.8,0.0,1.0,0.312
ALC_002832,2025-05-12,VIL_032,449914.1,449914.1,233955.3,215958.8,0.52,0.312
ALC_002833,2025-05-13,VIL_032,483257.5,483257.5,483257.5,0.0,1.0,0.312
ALC_002834,2025-05-14,VIL_032,466001.2,466001.2,251640.6,214360.6,0.54,0.312
ALC_002835,2025-05-15,VIL_032,502920.9,502920.9,502920.9,0.0,1.0,0.312
ALC_002836,2025-05-16,VIL_032,496689.7,496689.7,496689.7,0.0,1.0,0.312
ALC_002837,2025-05-17,VIL_032,481973.1,481973.1,265085.2,216887.9,0.55,0.312
ALC_002838,2025-05-18,VIL_032,465695.7,465695.7,465695.7,0.0,1.0,0.312
ALC_002839,2025-05-19,VIL_032,503812.4,503812.4,287173.1,216639.3,0.57,0.312
ALC_002840,2025-05-20,VIL_032,506578.3,506578.3,263420.7,243157.6,0.52,0.312
ALC_002841,2025-05-21,VIL_032,493230.3,493230.3,493230.3,0.0,1.0,0.312
ALC_002842,2025-05-22,VIL_032,474066.1,474066.1,474066.1,0.0,1.0,0.312
ALC_002843,2025-05-23,VIL_032,479006.6,479006.6,364045.0,114961.6,0.76,0.312
ALC_002844,2025-05-24,VIL_032,490467.2,490467.2,490467.2,0.0,1.0,0.312
ALC_002845,2025-05-25,VIL_032,501965.7,501965.7,361415.3,140550.4,0.72,0.312
ALC_002846,2025-05-26,VIL_032,450585.4,450585.4,297386.4,153199.0,0.66,0.312
ALC_002847,2025-05-27,VIL_032,487429.4,487429.4,487429.4,0.0,1.0,0.312
ALC_002848,2025-05-28,VIL_032,451714.6,451714.6,451714.6,0.0,1.0,0.312
ALC_002849,2025-05-29,VIL_032,503207.3,503207.3,503207.3,0.0,1.0,0.312
ALC_002850,2025-05-30,VIL_032,448748.3,448748.3,448748.3,0.0,1.0,0.312
ALC_002851,2025-05-31,VIL_032,502847.3,502847.3,326850.7,175996.6,0.65,0.312
ALC_002852,2025-06-01,VIL_032,421989.5,421989.5,421989.5,0.0,1.0,0.312
ALC_002853,2025-06-02,VIL_032,390733.5,390733.5,277420.8,113312.7,0.71,0.312
ALC_002854,2025-06-03,VIL_032,451823.1,451823.1,307239.7,144583.4,0.68,0.312
ALC_002855,2025-06-04,VIL_032,394894.5,394894.5,394894.5,0.0,1.0,0.312
ALC_002856,2025-06-05,VIL_032,463954.7,463954.7,463954.7,0.0,1.0,0.312
ALC_002857,2025-06-06,VIL_032,395175.3,395175.3,395175.3,0.0,1.0,0.312
ALC_002858,2025-06-07,VIL_032,436100.3,436100.3,436100.3,0.0,1.0,0.312
ALC_002859,2025-06-08,VIL_032,441534.6,441534.6,295828.2,145706.4,0.67,0.312
ALC_002860,2025-06-09,VIL_032,406005.0,406005.0,231422.8,174582.2,0.57,0.312
ALC_002861,2025-06-10,VIL_032,454802.0,454802.0,259237.1,195564.9,0.57,0.312
ALC_002862,2025-06-11,VIL_032,447492.8,447492.8,313245.0,134247.8,0.7,0.312
ALC_002863,2025-06-12,VIL_032,453245.6,453245.6,453245.6,0.0,1.0,0.312
ALC_002864,2025-06-13,VIL_032,452749.5,452749.5,230902.2,221847.3,0.51,0.312
ALC_002865,2025-06-14,VIL_032,438701.7,438701.7,276382.1,162319.6,0.63,0.312
ALC_002866,2025-06-15,VIL_032,395674.7,395674.7,395674.7,0.0,1.0,0.312
ALC_002867,2025-06-16,VIL_032,447385.5,447385.5,290800.6,156584.9,0.65,0.312
ALC_002868,2025-06-17,VIL_032,449006.9,449006.9,449006.9,0.0,1.0,0.312
ALC_002869,2025-06-18,VIL_032,448882.3,448882.3,282795.8,166086.5,0.63,0.312
ALC_002870,2025-06-19,VIL_032,393162.4,393162.4,393162.4,0.0,1.0,0.312
ALC_002871,2025-06-20,VIL_032,468110.1,468110.1,355763.7,112346.4,0.76,0.312
ALC_002872,2025-06-21,VIL_032,452126.4,452126.4,230584.5,221541.9,0.51,0.312
ALC_002873,2025-06-22,VIL_032,465256.2,465256.2,409425.5,55830.7,0.88,0.312
ALC_002874,2025-06-23,VIL_032,396252.7,396252.7,317002.2,79250.5,0.8,0.312
ALC_002875,2025-06-24,VIL_032,413161.4,413161.4,413161.4,0.0,1.0,0.312
ALC_002876,2025-06-25,VIL_032,415037.1,415037.1,215819.3,199217.8,0.52,0.312
ALC_002877,2025-06-26,VIL_032,393294.6,393294.6,393294.6,0.0,1.0,0.312
ALC_002878,2025-06-27,VIL_032,465827.6,465827.6,465827.6,0.0,1.0,0.312
ALC_002879,2025-06-28,VIL_032,413773.6,413773.6,314467.9,99305.7,0.76,0.312
ALC_002880,2025-06-29,VIL_032,470668.2,470668.2,470668.2,0.0,1.0,0.312
ALC_002881,2025-04-01,VIL_033,213221.9,213221.9,213221.9,0.0,1.0,0.6
ALC_002882,2025-04-02,VIL_033,213912.9,213912.9,213912.9,0.0,1.0,0.6
ALC_002883,2025-04-03,VIL_033,221387.9,221387.9,150543.8,70844.1,0.68,0.6
ALC_002884,2025-04-04,VIL_033,204918.0,204918.0,204918.0,0.0,1.0,0.6
ALC_002885,2025-04-05,VIL_033,211534.1,211534.1,211534.1,0.0,1.0,0.6
ALC_002886,2025-04-06,VIL_033,216446.8,216446.8,123374.7,93072.1,0.57,0.6
ALC_002887,2025-04-07,VIL_033,213859.1,213859.1,213859.1,0.0,1.0,0.6
ALC_002888,2025-04-08,VIL_033,215776.7,215776.7,153201.5,62575.2,0.71,0.6
ALC_002889,2025-04-09,VIL_033,218307.6,218307.6,170279.9,48027.7,0.78,0.6
ALC_002890,2025-04-10,VIL_033,217717.5,217717.5,150225.1,67492.4,0.69,0.6
ALC_002891,2025-04-11,VIL_033,205162.9,205162.9,108736.3,96426.6,0.53,0.6
ALC_002892,2025-04-12,VIL_033,208820.2,208820.2,208820.2,0.0,1.0,0.6
ALC_002893,2025-04-13,VIL_033,224101.2,224101.2,116532.6,107568.6,0.52,0.6
ALC_002894,2025-04-14,VIL_033,217604.8,217604.8,137091.0,80513.8,0.63,0.6
ALC_002895,2025-04-15,VIL_033,210378.7,210378.7,210378.7,0.0,1.0,0.6
ALC_002896,2025-04-16,VIL_033,211780.2,211780.2,211780.2,0.0,1.0,0.6
ALC_002897,2025-04-17,VIL_033,212229.7,212229.7,212229.7,0.0,1.0,0.6
ALC_002898,2025-04-18,VIL_033,223785.2,223785.2,223785.2,0.0,1.0,0.6
ALC_002899,2025-04-19,VIL_033,223022.2,223022.2,131583.1,91439.1,0.59,0.6
ALC_002900,2025-04-20,VIL_033,205980.5,205980.5,205980.5,0.0,1.0,0.6
ALC_002901,2025-04-21,VIL_033,217735.0,217735.0,217735.0,0.0,1.0,0.6
ALC_002902,2025-04-22,VIL_033,220549.3,220549.3,147768.0,72781.3,0.67,0.6
ALC_002903,2025-04-23,VIL_033,215467.3,215467.3,142208.4,73258.9,0.66,0.6
ALC_002904,2025-04-24,VIL_033,222505.0,222505.0,166878.8,55626.2,0.75,0.6
ALC_002905,2025-04-25,VIL_033,221476.9,221476.9,177181.5,44295.4,0.8,0.6
ALC_002906,2025-04-26,VIL_033,210321.8,210321.8,121986.6,88335.2,0.58,0.6
ALC_002907,2025-04-27,VIL_033,205937.5,205937.5,205937.5,0.0,1.0,0.6
ALC_002908,2025-04-28,VIL_033,222478.9,222478.9,117913.8,104565.1,0.53,0.6
ALC_002909,2025-04-29,VIL_033,209270.3,209270.3,209270.3,0.0,1.0,0.6
ALC_002910,2025-04-30,VIL_033,213906.9,213906.9,213906.9,0.0,1.0,0.6
ALC_002911,2025-05-01,VIL_033,214627.0,214627.0,214627.0,0.0,1.0,0.6
ALC_002912,2025-05-02,VIL_033,220339.8,220339.8,191695.6,28644.2,0.87,0.6
ALC_002913,2025-05-03,VIL_033,214013.4,214013.4,169070.6,44942.8,0.79,0.6
ALC_002914,2025-05-04,VIL_033,214741.7,214741.7,214741.7,0.0,1.0,0.6
ALC_002915,2025-05-05,VIL_033,209336.1,209336.1,209336.1,0.0,1.0,0.6
ALC_002916,2025-05-06,VIL_033,204668.7,204668.7,124847.9,79820.8,0.61,0.6
ALC_002917,2025-05-07,VIL_033,228286.0,228286.0,228286.0,0.0,1.0,0.6
ALC_002918,2025-05-08,VIL_033,216343.4,216343.4,112498.6,103844.8,0.52,0.6
ALC_002919,2025-05-09,VIL_033,208152.8,208152.8,208152.8,0.0,1.0,0.6
ALC_002920,2025-05-10,VIL_033,223816.2,223816.2,223816.2,0.0,1.0,0.6
ALC_002921,2025-05-11,VIL_033,219027.7,219027.7,137987.5,81040.2,0.63,0.6
ALC_002922,2025-05-12,VIL_033,214096.4,214096.4,214096.4,0.0,1.0,0.6
ALC_002923,2025-05-13,VIL_033,217128.4,217128.4,217128.4,0.0,1.0,0.6
ALC_002924,2025-05-14,VIL_033,223775.0,223775.0,120838.5,102936.5,0.54,0.6
ALC_002925,2025-05-15,VIL_033,222758.4,222758.4,222758.4,0.0,1.0,0.6
ALC_002926,2025-05-16,VIL_033,216749.1,216749.1,156059.4,60689.7,0.72,0.6
ALC_002927,2025-05-17,VIL_033,222287.9,222287.9,151155.8,71132.1,0.68,0.6
ALC_002928,2025-05-18,VIL_033,214013.3,214013.3,214013.3,0.0,1.0,0.6
ALC_002929,2025-05-19,VIL_033,210483.9,210483.9,210483.9,0.0,1.0,0.6
ALC_002930,2025-05-20,VIL_033,215187.4,215187.4,150631.2,64556.2,0.7,0.6
ALC_002931,2025-05-21,VIL_033,207273.9,207273.9,207273.9,0.0,1.0,0.6
ALC_002932,2025-05-22,VIL_033,214562.8,214562.8,124446.4,90116.4,0.58,0.6
ALC_002933,2025-05-23,VIL_033,217033.0,217033.0,149752.8,67280.2,0.69,0.6
ALC_002934,2025-05-24,VIL_033,216355.1,216355.1,216355.1,0.0,1.0,0.6
ALC_002935,2025-05-25,VIL_033,221275.9,221275.9,221275.9,0.0,1.0,0.6
ALC_002936,2025-05-26,VIL_033,211784.5,211784.5,127070.7,84713.8,0.6,0.6
ALC_002937,2025-05-27,VIL_033,207737.6,207737.6,207737.6,0.0,1.0,0.6
ALC_002938,2025-05-28,VIL_033,207761.9,207761.9,155821.4,51940.5,0.75,0.6
ALC_002939,2025-05-29,VIL_033,216460.8,216460.8,177497.9,38962.9,0.82,0.6
ALC_002940,2025-05-30,VIL_033,214236.9,214236.9,214236.9,0.0,1.0,0.6
ALC_002941,2025-05-31,VIL_033,209466.2,209466.2,111017.1,98449.1,0.53,0.6
ALC_002942,2025-06-01,VIL_033,190650.3,190650.3,190650.3,0.0,1.0,0.6
ALC_002943,2025-06-02,VIL_033,176998.5,176998.5,176998.5,0.0,1.0,0.6
ALC_002944,2025-06-03,VIL_033,202510.6,202510.6,202510.6,0.0,1.0,0.6
ALC_002945,2025-06-04,VIL_033,176333.1,176333.1,98746.5,77586.6,0.56,0.6
ALC_002946,2025-06-05,VIL_033,201974.8,201974.8,201974.8,0.0,1.0,0.6
ALC_002947,2025-06-06,VIL_033,186154.9,186154.9,186154.9,0.0,1.0,0.6
ALC_002948,2025-06-07,VIL_033,214824.9,214824.9,180452.9,34372.0,0.84,0.6
ALC_002949,2025-06-08,VIL_033,205976.9,205976.9,205976.9,0.0,1.0,0.6
ALC_002950,2025-06-09,VIL_033,175439.5,175439.5,175439.5,0.0,1.0,0.6
ALC_002951,2025-06-10,VIL_033,195897.7,195897.7,195897.7,0.0,1.0,0.6
ALC_002952,2025-06-11,VIL_033,193584.7,193584.7,193584.7,0.0,1.0,0.6
ALC_002953,2025-06-12,VIL_033,209633.1,209633.1,134165.2,75467.9,0.64,0.6
ALC_002954,2025-06-13,VIL_033,198072.3,198072.3,198072.3,0.0,1.0,0.6
ALC_002955,2025-06-14,VIL_033,213125.5,213125.5,168369.1,44756.4,0.79,0.6
ALC_002956,2025-06-15,VIL_033,178999.8,178999.8,178999.8,0.0,1.0,0.6
ALC_002957,2025-06-16,VIL_033,217040.4,217040.4,182313.9,34726.5,0.84,0.6
ALC_002958,2025-06-17,VIL_033,209163.5,209163.5,175697.3,33466.2,0.84,0.6
ALC_002959,2025-06-18,VIL_033,196685.5,196685.5,143580.4,53105.1,0.73,0.6
ALC_002960,2025-06-19,VIL_033,182454.7,182454.7,182454.7,0.0,1.0,0.6
ALC_002961,2025-06-20,VIL_033,193561.2,193561.2,193561.2,0.0,1.0,0.6
ALC_002962,2025-06-21,VIL_033,206619.6,206619.6,206619.6,0.0,1.0,0.6
ALC_002963,2025-06-22,VIL_033,200127.5,200127.5,200127.5,0.0,1.0,0.6
ALC_002964,2025-06-23,VIL_033,185840.1,185840.1,161680.9,24159.2,0.87,0.6
ALC_002965,2025-06-24,VIL_033,178365.1,178365.1,151610.3,26754.8,0.85,0.6
ALC_002966,2025-06-25,VIL_033,192118.0,192118.0,105664.9,86453.1,0.55,0.6
ALC_002967,2025-06-26,VIL_033,186243.1,186243.1,186243.1,0.0,1.0,0.6
ALC_002968,2025-06-27,VIL_033,207966.3,207966.3,207966.3,0.0,1.0,0.6
ALC_002969,2025-06-28,VIL_033,181963.0,181963.0,158307.8,23655.2,0.87,0.6
ALC_002970,2025-06-29,VIL_033,196669.2,196669.2,196669.2,0.0,1.0,0.6
ALC_002971,2025-04-01,VIL_034,338460.4,338460.4,338460.4,0.0,1.0,0.299
ALC_002972,2025-04-02,VIL_034,342396.5,342396.5,342396.5,0.0,1.0,0.299
ALC_002973,2025-04-03,VIL_034,331726.4,331726.4,331726.4,0.0,1.0,0.299
ALC_002974,2025-04-04,VIL_034,312663.5,312663.5,312663.5,0.0,1.0,0.299
ALC_002975,2025-04-05,VIL_034,330607.6,330607.6,178528.1,152079.5,0.54,0.299
ALC_002976,2025-04-06,VIL_034,335206.9,335206.9,335206.9,0.0,1.0,0.299
ALC_002977,2025-04-07,VIL_034,333351.2,333351.2,193343.7,140007.5,0.58,0.299
ALC_002978,2025-04-08,VIL_034,341062.7,341062.7,221690.8,119371.9,0.65,0.299
ALC_002979,2025-04-09,VIL_034,343811.0,343811.0,343811.0,0.0,1.0,0.299
ALC_002980,2025-04-10,VIL_034,335079.2,335079.2,271414.2,63665.0,0.81,0.299
ALC_002981,2025-04-11,VIL_034,344088.7,344088.7,344088.7,0.0,1.0,0.299
ALC_002982,2025-04-12,VIL_034,321067.2,321067.2,321067.2,0.0,1.0,0.299
ALC_002983,2025-04-13,VIL_034,329185.5,329185.5,250181.0,79004.5,0.76,0.299
ALC_002984,2025-04-14,VIL_034,313312.4,313312.4,313312.4,0.0,1.0,0.299
ALC_002985,2025-04-15,VIL_034,350194.0,350194.0,350194.0,0.0,1.0,0.299
ALC_002986,2025-04-16,VIL_034,331874.3,331874.3,331874.3,0.0,1.0,0.299
ALC_002987,2025-04-17,VIL_034,341000.9,341000.9,341000.9,0.0,1.0,0.299
ALC_002988,2025-04-18,VIL_034,316391.9,316391.9,316391.9,0.0,1.0,0.299
ALC_002989,2025-04-19,VIL_034,351109.8,351109.8,351109.8,0.0,1.0,0.299
ALC_002990,2025-04-20,VIL_034,320428.3,320428.3,320428.3,0.0,1.0,0.299
ALC_002991,2025-04-21,VIL_034,346112.7,346112.7,346112.7,0.0,1.0,0.299
ALC_002992,2025-04-22,VIL_034,326651.5,326651.5,326651.5,0.0,1.0,0.299
ALC_002993,2025-04-23,VIL_034,331153.5,331153.5,172199.8,158953.7,0.52,0.299
ALC_002994,2025-04-24,VIL_034,333008.7,333008.7,216455.7,116553.0,0.65,0.299
ALC_002995,2025-04-25,VIL_034,338669.6,338669.6,277709.1,60960.5,0.82,0.299
ALC_002996,2025-04-26,VIL_034,337958.3,337958.3,337958.3,0.0,1.0,0.299
ALC_002997,2025-04-27,VIL_034,321093.1,321093.1,269718.2,51374.9,0.84,0.299
ALC_002998,2025-04-28,VIL_034,327501.7,327501.7,327501.7,0.0,1.0,0.299
ALC_002999,2025-04-29,VIL_034,337668.2,337668.2,290394.7,47273.5,0.86,0.299
ALC_003000,2025-04-30,VIL_034,338327.8,338327.8,186080.3,152247.5,0.55,0.299
ALC_003001,2025-05-01,VIL_034,330190.9,330190.9,257548.9,72642.0,0.78,0.299
ALC_003002,2025-05-02,VIL_034,320257.6,320257.6,272219.0,48038.6,0.85,0.299
ALC_003003,2025-05-03,VIL_034,334001.0,334001.0,287240.9,46760.1,0.86,0.299
ALC_003004,2025-05-04,VIL_034,330880.1,330880.1,330880.1,0.0,1.0,0.299
ALC_003005,2025-05-05,VIL_034,345181.6,345181.6,345181.6,0.0,1.0,0.299
ALC_003006,2025-05-06,VIL_034,346853.1,346853.1,346853.1,0.0,1.0,0.299
ALC_003007,2025-05-07,VIL_034,328957.7,328957.7,328957.7,0.0,1.0,0.299
ALC_003008,2025-05-08,VIL_034,336902.4,336902.4,336902.4,0.0,1.0,0.299
ALC_003009,2025-05-09,VIL_034,340948.9,340948.9,340948.9,0.0,1.0,0.299
ALC_003010,2025-05-10,VIL_034,325674.7,325674.7,325674.7,0.0,1.0,0.299
ALC_003011,2025-05-11,VIL_034,341084.7,341084.7,208061.7,133023.0,0.61,0.299
ALC_003012,2025-05-12,VIL_034,335200.0,335200.0,335200.0,0.0,1.0,0.299
ALC_003013,2025-05-13,VIL_034,330909.2,330909.2,330909.2,0.0,1.0,0.299
ALC_003014,2025-05-14,VIL_034,330573.8,330573.8,330573.8,0.0,1.0,0.299
ALC_003015,2025-05-15,VIL_034,334217.9,334217.9,334217.9,0.0,1.0,0.299
ALC_003016,2025-05-16,VIL_034,309408.5,309408.5,309408.5,0.0,1.0,0.299
ALC_003017,2025-05-17,VIL_034,317033.2,317033.2,199730.9,117302.3,0.63,0.299
ALC_003018,2025-05-18,VIL_034,317199.8,317199.8,317199.8,0.0,1.0,0.299
ALC_003019,2025-05-19,VIL_034,343454.4,343454.4,267894.4,75560.0,0.78,0.299
ALC_003020,2025-05-20,VIL_034,343589.2,343589.2,182102.3,161486.9,0.53,0.299
ALC_003021,2025-05-21,VIL_034,317031.8,317031.8,317031.8,0.0,1.0,0.299
ALC_003022,2025-05-22,VIL_034,324772.4,324772.4,204606.6,120165.8,0.63,0.299
ALC_003023,2025-05-23,VIL_034,345852.0,345852.0,345852.0,0.0,1.0,0.299
ALC_003024,2025-05-24,VIL_034,287651.6,287651.6,287651.6,0.0,1.0,0.299
ALC_003025,2025-05-25,VIL_034,326586.1,326586.1,212281.0,114305.1,0.65,0.299
ALC_003026,2025-05-26,VIL_034,340377.2,340377.2,340377.2,0.0,1.0,0.299
ALC_003027,2025-05-27,VIL_034,297484.8,297484.8,297484.8,0.0,1.0,0.299
ALC_003028,2025-05-28,VIL_034,321691.8,321691.8,218750.4,102941.4,0.68,0.299
ALC_003029,2025-05-29,VIL_034,297371.9,297371.9,255739.8,41632.1,0.86,0.299
ALC_003030,2025-05-30,VIL_034,345082.4,345082.4,262262.6,82819.8,0.76,0.299
ALC_003031,2025-05-31,VIL_034,323741.6,323741.6,323741.6,0.0,1.0,0.299
ALC_003032,2025-06-01,VIL_034,285710.7,285710.7,234282.8,51427.9,0.82,0.299
ALC_003033,2025-06-02,VIL_034,289561.2,289561.2,185319.2,104242.0,0.64,0.299
ALC_003034,2025-06-03,VIL_034,310833.5,310833.5,310833.5,0.0,1.0,0.299
ALC_003035,2025-06-04,VIL_034,280012.1,280012.1,280012.1,0.0,1.0,0.299
ALC_003036,2025-06-05,VIL_034,265923.1,265923.1,207420.0,58503.1,0.78,0.299
ALC_003037,2025-06-06,VIL_034,281228.9,281228.9,281228.9,0.0,1.0,0.299
ALC_003038,2025-06-07,VIL_034,324525.8,324525.8,324525.8,0.0,1.0,0.299
ALC_003039,2025-06-08,VIL_034,305882.8,305882.8,198823.8,107059.0,0.65,0.299
ALC_003040,2025-06-09,VIL_034,278131.2,278131.2,278131.2,0.0,1.0,0.299
ALC_003041,2025-06-10,VIL_034,264449.5,264449.5,156025.2,108424.3,0.59,0.299
ALC_003042,2025-06-11,VIL_034,320775.7,320775.7,320775.7,0.0,1.0,0.299
ALC_003043,2025-06-12,VIL_034,309814.2,309814.2,309814.2,0.0,1.0,0.299
ALC_003044,2025-06-13,VIL_034,288852.7,288852.7,190642.8,98209.9,0.66,0.299
ALC_003045,2025-06-14,VIL_034,288024.4,288024.4,187215.9,100808.5,0.65,0.299
ALC_003046,2025-06-15,VIL_034,311868.5,311868.5,311868.5,0.0,1.0,0.299
ALC_003047,2025-06-16,VIL_034,331328.7,331328.7,331328.7,0.0,1.0,0.299
ALC_003048,2025-06-17,VIL_034,267260.0,267260.0,195099.8,72160.2,0.73,0.299
ALC_003049,2025-06-18,VIL_034,309570.7,309570.7,309570.7,0.0,1.0,0.299
ALC_003050,2025-06-19,VIL_034,305497.9,305497.9,305497.9,0.0,1.0,0.299
ALC_003051,2025-06-20,VIL_034,327361.9,327361.9,327361.9,0.0,1.0,0.299
ALC_003052,2025-06-21,VIL_034,267533.2,267533.2,267533.2,0.0,1.0,0.299
ALC_003053,2025-06-22,VIL_034,274450.1,274450.1,274450.1,0.0,1.0,0.299
ALC_003054,2025-06-23,VIL_034,309423.1,309423.1,309423.1,0.0,1.0,0.299
ALC_003055,2025-06-24,VIL_034,275707.4,275707.4,275707.4,0.0,1.0,0.299
ALC_003056,2025-06-25,VIL_034,330775.5,330775.5,277851.4,52924.1,0.84,0.299
ALC_003057,2025-06-26,VIL_034,275016.8,275016.8,275016.8,0.0,1.0,0.299
ALC_003058,2025-06-27,VIL_034,317312.5,317312.5,317312.5,0.0,1.0,0.299
ALC_003059,2025-06-28,VIL_034,304323.5,304323.5,237372.3,66951.2,0.78,0.299
ALC_003060,2025-06-29,VIL_034,290480.6,290480.6,145240.3,145240.3,0.5,0.299
ALC_003061,2025-04-01,VIL_035,323082.4,323082.4,323082.4,0.0,1.0,0.439
ALC_003062,2025-04-02,VIL_035,329440.4,329440.4,164720.2,164720.2,0.5,0.439
ALC_003063,2025-04-03,VIL_035,323963.6,323963.6,252691.6,71272.0,0.78,0.439
ALC_003064,2025-04-04,VIL_035,320980.5,320980.5,320980.5,0.0,1.0,0.439
ALC_003065,2025-04-05,VIL_035,337065.9,337065.9,337065.9,0.0,1.0,0.439
ALC_003066,2025-04-06,VIL_035,297873.1,297873.1,297873.1,0.0,1.0,0.439
ALC_003067,2025-04-07,VIL_035,305734.5,305734.5,305734.5,0.0,1.0,0.439
ALC_003068,2025-04-08,VIL_035,312418.1,312418.1,312418.1,0.0,1.0,0.439
ALC_003069,2025-04-09,VIL_035,305087.3,305087.3,195255.9,109831.4,0.64,0.439
ALC_003070,2025-04-10,VIL_035,336216.8,336216.8,336216.8,0.0,1.0,0.439
ALC_003071,2025-04-11,VIL_035,310823.8,310823.8,195819.0,115004.8,0.63,0.439
ALC_003072,2025-04-12,VIL_035,311115.1,311115.1,311115.1,0.0,1.0,0.439
ALC_003073,2025-04-13,VIL_035,313730.5,313730.5,313730.5,0.0,1.0,0.439
ALC_003074,2025-04-14,VIL_035,331451.9,331451.9,331451.9,0.0,1.0,0.439
ALC_003075,2025-04-15,VIL_035,336122.4,336122.4,188228.5,147893.9,0.56,0.439
ALC_003076,2025-04-16,VIL_035,327866.7,327866.7,163933.4,163933.3,0.5,0.439
ALC_003077,2025-04-17,VIL_035,343148.5,343148.5,343148.5,0.0,1.0,0.439
ALC_003078,2025-04-18,VIL_035,311753.5,311753.5,311753.5,0.0,1.0,0.439
ALC_003079,2025-04-19,VIL_035,315811.6,315811.6,315811.6,0.0,1.0,0.439
ALC_003080,2025-04-20,VIL_035,306865.3,306865.3,306865.3,0.0,1.0,0.439
ALC_003081,2025-04-21,VIL_035,331520.1,331520.1,331520.1,0.0,1.0,0.439
ALC_003082,2025-04-22,VIL_035,321851.8,321851.8,321851.8,0.0,1.0,0.439
ALC_003083,2025-04-23,VIL_035,332630.9,332630.9,236167.9,96463.0,0.71,0.439
ALC_003084,2025-04-24,VIL_035,319561.6,319561.6,319561.6,0.0,1.0,0.439
ALC_003085,2025-04-25,VIL_035,316249.4,316249.4,316249.4,0.0,1.0,0.439
ALC_003086,2025-04-26,VIL_035,308215.4,308215.4,265065.2,43150.2,0.86,0.439
ALC_003087,2025-04-27,VIL_035,322834.6,322834.6,267952.7,54881.9,0.83,0.439
ALC_003088,2025-04-28,VIL_035,314634.9,314634.9,314634.9,0.0,1.0,0.439
ALC_003089,2025-04-29,VIL_035,305864.4,305864.4,305864.4,0.0,1.0,0.439
ALC_003090,2025-04-30,VIL_035,311882.4,311882.4,311882.4,0.0,1.0,0.439
ALC_003091,2025-05-01,VIL_035,312058.1,312058.1,187234.9,124823.2,0.6,0.439
ALC_003092,2025-05-02,VIL_035,342809.6,342809.6,263963.4,78846.2,0.77,0.439
ALC_003093,2025-05-03,VIL_035,315048.5,315048.5,198480.6,116567.9,0.63,0.439
ALC_003094,2025-05-04,VIL_035,328233.9,328233.9,328233.9,0.0,1.0,0.439
ALC_003095,2025-05-05,VIL_035,330522.5,330522.5,330522.5,0.0,1.0,0.439
ALC_003096,2025-05-06,VIL_035,308709.2,308709.2,308709.2,0.0,1.0,0.439
ALC_003097,2025-05-07,VIL_035,303867.0,303867.0,303867.0,0.0,1.0,0.439
ALC_003098,2025-05-08,VIL_035,309684.6,309684.6,309684.6,0.0,1.0,0.439
ALC_003099,2025-05-09,VIL_035,302480.7,302480.7,154265.2,148215.5,0.51,0.439
ALC_003100,2025-05-10,VIL_035,309650.9,309650.9,309650.9,0.0,1.0,0.439
ALC_003101,2025-05-11,VIL_035,336887.8,336887.8,336887.8,0.0,1.0,0.439
ALC_003102,2025-05-12,VIL_035,314002.9,314002.9,204101.9,109901.0,0.65,0.439
ALC_003103,2025-05-13,VIL_035,336321.5,336321.5,238788.3,97533.2,0.71,0.439
ALC_003104,2025-05-14,VIL_035,305553.6,305553.6,305553.6,0.0,1.0,0.439
ALC_003105,2025-05-15,VIL_035,313892.6,313892.6,178918.8,134973.8,0.57,0.439
ALC_003106,2025-05-16,VIL_035,315368.3,315368.3,236526.2,78842.1,0.75,0.439
ALC_003107,2025-05-17,VIL_035,307376.7,307376.7,175204.7,132172.0,0.57,0.439
ALC_003108,2025-05-18,VIL_035,323145.6,323145.6,323145.6,0.0,1.0,0.439
ALC_003109,2025-05-19,VIL_035,339561.2,339561.2,196945.5,142615.7,0.58,0.439
ALC_003110,2025-05-20,VIL_035,314983.3,314983.3,314983.3,0.0,1.0,0.439
ALC_003111,2025-05-21,VIL_035,323116.7,323116.7,323116.7,0.0,1.0,0.439
ALC_003112,2025-05-22,VIL_035,333770.8,333770.8,333770.8,0.0,1.0,0.439
ALC_003113,2025-05-23,VIL_035,330766.7,330766.7,198460.0,132306.7,0.6,0.439
ALC_003114,2025-05-24,VIL_035,283845.8,283845.8,246945.8,36900.0,0.87,0.439
ALC_003115,2025-05-25,VIL_035,311376.1,311376.1,311376.1,0.0,1.0,0.439
ALC_003116,2025-05-26,VIL_035,309147.8,309147.8,309147.8,0.0,1.0,0.439
ALC_003117,2025-05-27,VIL_035,275306.6,275306.6,165184.0,110122.6,0.6,0.439
ALC_003118,2025-05-28,VIL_035,308972.6,308972.6,308972.6,0.0,1.0,0.439
ALC_003119,2025-05-29,VIL_035,276077.7,276077.7,276077.7,0.0,1.0,0.439
ALC_003120,2025-05-30,VIL_035,333423.3,333423.3,250067.5,83355.8,0.75,0.439
ALC_003121,2025-05-31,VIL_035,308046.3,308046.3,308046.3,0.0,1.0,0.439
ALC_003122,2025-06-01,VIL_035,264329.4,264329.4,155954.3,108375.1,0.59,0.439
ALC_003123,2025-06-02,VIL_035,266372.3,266372.3,151832.2,114540.1,0.57,0.439
ALC_003124,2025-06-03,VIL_035,298790.7,298790.7,236044.7,62746.0,0.79,0.439
ALC_003125,2025-06-04,VIL_035,273225.2,273225.2,273225.2,0.0,1.0,0.439
ALC_003126,2025-06-05,VIL_035,262459.1,262459.1,204718.1,57741.0,0.78,0.439
ALC_003127,2025-06-06,VIL_035,270782.2,270782.2,197671.0,73111.2,0.73,0.439
ALC_003128,2025-06-07,VIL_035,303109.4,303109.4,233394.2,69715.2,0.77,0.439
ALC_003129,2025-06-08,VIL_035,301058.6,301058.6,301058.6,0.0,1.0,0.439
ALC_003130,2025-06-09,VIL_035,262154.6,262154.6,170400.5,91754.1,0.65,0.439
ALC_003131,2025-06-10,VIL_035,271853.0,271853.0,271853.0,0.0,1.0,0.439
ALC_003132,2025-06-11,VIL_035,302827.5,302827.5,302827.5,0.0,1.0,0.439
ALC_003133,2025-06-12,VIL_035,303949.4,303949.4,173251.2,130698.2,0.57,0.439
ALC_003134,2025-06-13,VIL_035,267045.6,267045.6,267045.6,0.0,1.0,0.439
ALC_003135,2025-06-14,VIL_035,261528.7,261528.7,261528.7,0.0,1.0,0.439
ALC_003136,2025-06-15,VIL_035,313471.5,313471.5,175544.0,137927.5,0.56,0.439
ALC_003137,2025-06-16,VIL_035,316295.3,316295.3,316295.3,0.0,1.0,0.439
ALC_003138,2025-06-17,VIL_035,270665.9,270665.9,197586.1,73079.8,0.73,0.439
ALC_003139,2025-06-18,VIL_035,310451.2,310451.2,180061.7,130389.5,0.58,0.439
ALC_003140,2025-06-19,VIL_035,307939.2,307939.2,184763.5,123175.7,0.6,0.439
ALC_003141,2025-06-20,VIL_035,291150.0,291150.0,192159.0,98991.0,0.66,0.439
ALC_003142,2025-06-21,VIL_035,259534.3,259534.3,259534.3,0.0,1.0,0.439
ALC_003143,2025-06-22,VIL_035,270407.5,270407.5,270407.5,0.0,1.0,0.439
ALC_003144,2025-06-23,VIL_035,301646.3,301646.3,301646.3,0.0,1.0,0.439
ALC_003145,2025-06-24,VIL_035,265453.0,265453.0,265453.0,0.0,1.0,0.439
ALC_003146,2025-06-25,VIL_035,307412.8,307412.8,307412.8,0.0,1.0,0.439
ALC_003147,2025-06-26,VIL_035,267923.7,267923.7,267923.7,0.0,1.0,0.439
ALC_003148,2025-06-27,VIL_035,301944.2,301944.2,163049.9,138894.3,0.54,0.439
ALC_003149,2025-06-28,VIL_035,316723.6,316723.6,256546.1,60177.5,0.81,0.439
ALC_003150,2025-06-29,VIL_035,265716.7,265716.7,265716.7,0.0,1.0,0.439
ALC_003151,2025-04-01,VIL_036,516114.1,516114.1,402569.0,113545.1,0.78,0.634
ALC_003152,2025-04-02,VIL_036,525263.5,525263.5,525263.5,0.0,1.0,0.634
ALC_003153,2025-04-03,VIL_036,515067.0,515067.0,345094.9,169972.1,0.67,0.634
ALC_003154,2025-04-04,VIL_036,508376.7,508376.7,427036.4,81340.3,0.84,0.634
ALC_003155,2025-04-05,VIL_036,547408.9,547408.9,547408.9,0.0,1.0,0.634
ALC_003156,2025-04-06,VIL_036,506783.8,506783.8,369952.2,136831.6,0.73,0.634
ALC_003157,2025-04-07,VIL_036,520401.3,520401.3,421525.1,98876.2,0.81,0.634
ALC_003158,2025-04-08,VIL_036,536666.5,536666.5,375666.5,161000.0,0.7,0.634
ALC_003159,2025-04-09,VIL_036,529655.6,529655.6,418427.9,111227.7,0.79,0.634
ALC_003160,2025-04-10,VIL_036,555614.5,555614.5,555614.5,0.0,1.0,0.634
ALC_003161,2025-04-11,VIL_036,555380.3,555380.3,555380.3,0.0,1.0,0.634
ALC_003162,2025-04-12,VIL_036,538547.5,538547.5,360826.8,177720.7,0.67,0.634
ALC_003163,2025-04-13,VIL_036,484358.6,484358.6,484358.6,0.0,1.0,0.634
ALC_003164,2025-04-14,VIL_036,532771.4,532771.4,394250.8,138520.6,0.74,0.634
ALC_003165,2025-04-15,VIL_036,536879.5,536879.5,316758.9,220120.6,0.59,0.634
ALC_003166,2025-04-16,VIL_036,509635.3,509635.3,366937.4,142697.9,0.72,0.634
ALC_003167,2025-04-17,VIL_036,528506.8,528506.8,528506.8,0.0,1.0,0.634
ALC_003168,2025-04-18,VIL_036,497896.0,497896.0,497896.0,0.0,1.0,0.634
ALC_003169,2025-04-19,VIL_036,505535.5,505535.5,505535.5,0.0,1.0,0.634
ALC_003170,2025-04-20,VIL_036,502353.9,502353.9,502353.9,0.0,1.0,0.634
ALC_003171,2025-04-21,VIL_036,514926.6,514926.6,514926.6,0.0,1.0,0.634
ALC_003172,2025-04-22,VIL_036,505495.1,505495.1,328571.8,176923.3,0.65,0.634
ALC_003173,2025-04-23,VIL_036,507050.5,507050.5,507050.5,0.0,1.0,0.634
ALC_003174,2025-04-24,VIL_036,525909.8,525909.8,525909.8,0.0,1.0,0.634
ALC_003175,2025-04-25,VIL_036,523218.2,523218.2,392413.7,130804.5,0.75,0.634
ALC_003176,2025-04-26,VIL_036,506357.8,506357.8,303814.7,202543.1,0.6,0.634
ALC_003177,2025-04-27,VIL_036,525739.9,525739.9,525739.9,0.0,1.0,0.634
ALC_003178,2025-04-28,VIL_036,537630.2,537630.2,376341.1,161289.1,0.7,0.634
ALC_003179,2025-04-29,VIL_036,509809.9,509809.9,300787.8,209022.1,0.59,0.634
ALC_003180,2025-04-30,VIL_036,514983.3,514983.3,514983.3,0.0,1.0,0.634
ALC_003181,2025-05-01,VIL_036,524779.6,524779.6,524779.6,0.0,1.0,0.634
ALC_003182,2025-05-02,VIL_036,510906.0,510906.0,510906.0,0.0,1.0,0.634
ALC_003183,2025-05-03,VIL_036,490131.4,490131.4,416611.7,73519.7,0.85,0.634
ALC_003184,2025-05-04,VIL_036,521652.2,521652.2,521652.2,0.0,1.0,0.634
ALC_003185,2025-05-05,VIL_036,536419.7,536419.7,536419.7,0.0,1.0,0.634
ALC_003186,2025-05-06,VIL_036,524956.5,524956.5,524956.5,0.0,1.0,0.634
ALC_003187,2025-05-07,VIL_036,515722.4,515722.4,515722.4,0.0,1.0,0.634
ALC_003188,2025-05-08,VIL_036,540967.1,540967.1,449002.7,91964.4,0.83,0.634
ALC_003189,2025-05-09,VIL_036,508993.7,508993.7,508993.7,0.0,1.0,0.634
ALC_003190,2025-05-10,VIL_036,502849.9,502849.9,266510.4,236339.5,0.53,0.634
ALC_003191,2025-05-11,VIL_036,537656.7,537656.7,397866.0,139790.7,0.74,0.634
ALC_003192,2025-05-12,VIL_036,527019.7,527019.7,458507.1,68512.6,0.87,0.634
ALC_003193,2025-05-13,VIL_036,504650.9,504650.9,504650.9,0.0,1.0,0.634
ALC_003194,2025-05-14,VIL_036,528289.2,528289.2,295842.0,232447.2,0.56,0.634
ALC_003195,2025-05-15,VIL_036,526891.9,526891.9,526891.9,0.0,1.0,0.634
ALC_003196,2025-05-16,VIL_036,514468.8,514468.8,447587.9,66880.9,0.87,0.634
ALC_003197,2025-05-17,VIL_036,496680.9,496680.9,496680.9,0.0,1.0,0.634
ALC_003198,2025-05-18,VIL_036,510111.9,510111.9,382583.9,127528.0,0.75,0.634
ALC_003199,2025-05-19,VIL_036,538020.0,538020.0,538020.0,0.0,1.0,0.634
ALC_003200,2025-05-20,VIL_036,521267.4,521267.4,521267.4,0.0,1.0,0.634
ALC_003201,2025-05-21,VIL_036,508769.7,508769.7,396840.4,111929.3,0.78,0.634
ALC_003202,2025-05-22,VIL_036,503669.9,503669.9,433156.1,70513.8,0.86,0.634
ALC_003203,2025-05-23,VIL_036,524000.5,524000.5,524000.5,0.0,1.0,0.634
ALC_003204,2025-05-24,VIL_036,448323.1,448323.1,448323.1,0.0,1.0,0.634
ALC_003205,2025-05-25,VIL_036,531377.8,531377.8,531377.8,0.0,1.0,0.634
ALC_003206,2025-05-26,VIL_036,528665.6,528665.6,528665.6,0.0,1.0,0.634
ALC_003207,2025-05-27,VIL_036,476845.0,476845.0,371939.1,104905.9,0.78,0.634
ALC_003208,2025-05-28,VIL_036,519923.8,519923.8,519923.8,0.0,1.0,0.634
ALC_003209,2025-05-29,VIL_036,485264.5,485264.5,349390.4,135874.1,0.72,0.634
ALC_003210,2025-05-30,VIL_036,547864.1,547864.1,323239.8,224624.3,0.59,0.634
ALC_003211,2025-05-31,VIL_036,494468.6,494468.6,370851.4,123617.2,0.75,0.634
ALC_003212,2025-06-01,VIL_036,444163.8,444163.8,386422.5,57741.3,0.87,0.634
ALC_003213,2025-06-02,VIL_036,446362.8,446362.8,446362.8,0.0,1.0,0.634
ALC_003214,2025-06-03,VIL_036,480538.7,480538.7,480538.7,0.0,1.0,0.634
ALC_003215,2025-06-04,VIL_036,442654.2,442654.2,442654.2,0.0,1.0,0.634
ALC_003216,2025-06-05,VIL_036,442748.6,442748.6,376336.3,66412.3,0.85,0.634
ALC_003217,2025-06-06,VIL_036,449963.2,449963.2,386968.4,62994.8,0.86,0.634
ALC_003218,2025-06-07,VIL_036,502216.1,502216.1,502216.1,0.0,1.0,0.634
ALC_003219,2025-06-08,VIL_036,508604.9,508604.9,447572.3,61032.6,0.88,0.634
ALC_003220,2025-06-09,VIL_036,442995.4,442995.4,376546.1,66449.3,0.85,0.634
ALC_003221,2025-06-10,VIL_036,438731.8,438731.8,438731.8,0.0,1.0,0.634
ALC_003222,2025-06-11,VIL_036,512006.4,512006.4,286723.6,225282.8,0.56,0.634
ALC_003223,2025-06-12,VIL_036,490990.4,490990.4,490990.4,0.0,1.0,0.634
ALC_003224,2025-06-13,VIL_036,432421.9,432421.9,263777.4,168644.5,0.61,0.634
ALC_003225,2025-06-14,VIL_036,441715.3,441715.3,441715.3,0.0,1.0,0.634
ALC_003226,2025-06-15,VIL_036,528247.1,528247.1,343360.6,184886.5,0.65,0.634
ALC_003227,2025-06-16,VIL_036,523401.4,523401.4,523401.4,0.0,1.0,0.634
ALC_003228,2025-06-17,VIL_036,458666.8,458666.8,458666.8,0.0,1.0,0.634
ALC_003229,2025-06-18,VIL_036,492051.1,492051.1,492051.1,0.0,1.0,0.634
ALC_003230,2025-06-19,VIL_036,485180.5,485180.5,276552.9,208627.6,0.57,0.634
ALC_003231,2025-06-20,VIL_036,524160.5,524160.5,524160.5,0.0,1.0,0.634
ALC_003232,2025-06-21,VIL_036,429640.5,429640.5,429640.5,0.0,1.0,0.634
ALC_003233,2025-06-22,VIL_036,434196.0,434196.0,338672.9,95523.1,0.78,0.634
ALC_003234,2025-06-23,VIL_036,499872.9,499872.9,499872.9,0.0,1.0,0.634
ALC_003235,2025-06-24,VIL_036,431841.7,431841.7,345473.4,86368.3,0.8,0.634
ALC_003236,2025-06-25,VIL_036,522219.0,522219.0,522219.0,0.0,1.0,0.634
ALC_003237,2025-06-26,VIL_036,453710.2,453710.2,453710.2,0.0,1.0,0.634
ALC_003238,2025-06-27,VIL_036,513032.4,513032.4,333471.1,179561.3,0.65,0.634
ALC_003239,2025-06-28,VIL_036,501748.6,501748.6,391363.9,110384.7,0.78,0.634
ALC_003240,2025-06-29,VIL_036,455658.1,455658.1,455658.1,0.0,1.0,0.634
ALC_003241,2025-04-01,VIL_037,287146.8,287146.8,287146.8,0.0,1.0,0.473
ALC_003242,2025-04-02,VIL_037,282008.0,282008.0,282008.0,0.0,1.0,0.473
ALC_003243,2025-04-03,VIL_037,276062.3,276062.3,196004.2,80058.1,0.71,0.473
ALC_003244,2025-04-04,VIL_037,292024.7,292024.7,292024.7,0.0,1.0,0.473
ALC_003245,2025-04-05,VIL_037,286421.6,286421.6,249186.8,37234.8,0.87,0.473
ALC_003246,2025-04-06,VIL_037,290086.2,290086.2,290086.2,0.0,1.0,0.473
ALC_003247,2025-04-07,VIL_037,280652.1,280652.1,280652.1,0.0,1.0,0.473
ALC_003248,2025-04-08,VIL_037,299012.5,299012.5,230239.6,68772.9,0.77,0.473
ALC_003249,2025-04-09,VIL_037,286661.4,286661.4,286661.4,0.0,1.0,0.473
ALC_003250,2025-04-10,VIL_037,282838.4,282838.4,206472.0,76366.4,0.73,0.473
ALC_003251,2025-04-11,VIL_037,274424.2,274424.2,208562.4,65861.8,0.76,0.473
ALC_003252,2025-04-12,VIL_037,278037.1,278037.1,278037.1,0.0,1.0,0.473
ALC_003253,2025-04-13,VIL_037,282477.3,282477.3,155362.5,127114.8,0.55,0.473
ALC_003254,2025-04-14,VIL_037,281165.0,281165.0,281165.0,0.0,1.0,0.473
ALC_003255,2025-04-15,VIL_037,289916.8,289916.8,289916.8,0.0,1.0,0.473
ALC_003256,2025-04-16,VIL_037,276612.6,276612.6,276612.6,0.0,1.0,0.473
ALC_003257,2025-04-17,VIL_037,281985.2,281985.2,219948.5,62036.7,0.78,0.473
ALC_003258,2025-04-18,VIL_037,291834.2,291834.2,291834.2,0.0,1.0,0.473
ALC_003259,2025-04-19,VIL_037,280294.7,280294.7,280294.7,0.0,1.0,0.473
ALC_003260,2025-04-20,VIL_037,279830.1,279830.1,279830.1,0.0,1.0,0.473
ALC_003261,2025-04-21,VIL_037,296798.5,296798.5,192919.0,103879.5,0.65,0.473
ALC_003262,2025-04-22,VIL_037,291807.9,291807.9,291807.9,0.0,1.0,0.473
ALC_003263,2025-04-23,VIL_037,295236.5,295236.5,224379.7,70856.8,0.76,0.473
ALC_003264,2025-04-24,VIL_037,275560.1,275560.1,275560.1,0.0,1.0,0.473
ALC_003265,2025-04-25,VIL_037,290292.5,290292.5,290292.5,0.0,1.0,0.473
ALC_003266,2025-04-26,VIL_037,292595.2,292595.2,292595.2,0.0,1.0,0.473
ALC_003267,2025-04-27,VIL_037,287028.1,287028.1,157865.5,129162.6,0.55,0.473
ALC_003268,2025-04-28,VIL_037,300099.6,300099.6,300099.6,0.0,1.0,0.473
ALC_003269,2025-04-29,VIL_037,277984.4,277984.4,277984.4,0.0,1.0,0.473
ALC_003270,2025-04-30,VIL_037,279114.7,279114.7,279114.7,0.0,1.0,0.473
ALC_003271,2025-05-01,VIL_037,293484.0,293484.0,293484.0,0.0,1.0,0.473
ALC_003272,2025-05-02,VIL_037,263488.2,263488.2,263488.2,0.0,1.0,0.473
ALC_003273,2025-05-03,VIL_037,276673.0,276673.0,276673.0,0.0,1.0,0.473
ALC_003274,2025-05-04,VIL_037,296249.1,296249.1,225149.3,71099.8,0.76,0.473
ALC_003275,2025-05-05,VIL_037,284779.5,284779.5,284779.5,0.0,1.0,0.473
ALC_003276,2025-05-06,VIL_037,278093.3,278093.3,175198.8,102894.5,0.63,0.473
ALC_003277,2025-05-07,VIL_037,300168.1,300168.1,300168.1,0.0,1.0,0.473
ALC_003278,2025-05-08,VIL_037,282801.6,282801.6,180993.0,101808.6,0.64,0.473
ALC_003279,2025-05-09,VIL_037,292940.8,292940.8,292940.8,0.0,1.0,0.473
ALC_003280,2025-05-10,VIL_037,276338.0,276338.0,276338.0,0.0,1.0,0.473
ALC_003281,2025-05-11,VIL_037,269700.1,269700.1,269700.1,0.0,1.0,0.473
ALC_003282,2025-05-12,VIL_037,284387.8,284387.8,284387.8,0.0,1.0,0.473
ALC_003283,2025-05-13,VIL_037,290643.0,290643.0,290643.0,0.0,1.0,0.473
ALC_003284,2025-05-14,VIL_037,290533.6,290533.6,252764.2,37769.4,0.87,0.473
ALC_003285,2025-05-15,VIL_037,292375.1,292375.1,239747.6,52627.5,0.82,0.473
ALC_003286,2025-05-16,VIL_037,281458.7,281458.7,281458.7,0.0,1.0,0.473
ALC_003287,2025-05-17,VIL_037,277050.2,277050.2,277050.2,0.0,1.0,0.473
ALC_003288,2025-05-18,VIL_037,259669.8,259669.8,259669.8,0.0,1.0,0.473
ALC_003289,2025-05-19,VIL_037,282817.1,282817.1,282817.1,0.0,1.0,0.473
ALC_003290,2025-05-20,VIL_037,274873.5,274873.5,274873.5,0.0,1.0,0.473
ALC_003291,2025-05-21,VIL_037,281114.3,281114.3,281114.3,0.0,1.0,0.473
ALC_003292,2025-05-22,VIL_037,291421.7,291421.7,160281.9,131139.8,0.55,0.473
ALC_003293,2025-05-23,VIL_037,283600.9,283600.9,283600.9,0.0,1.0,0.473
ALC_003294,2025-05-24,VIL_037,299898.5,299898.5,155947.2,143951.3,0.52,0.473
ALC_003295,2025-05-25,VIL_037,285115.6,285115.6,285115.6,0.0,1.0,0.473
ALC_003296,2025-05-26,VIL_037,279133.1,279133.1,279133.1,0.0,1.0,0.473
ALC_003297,2025-05-27,VIL_037,291866.6,291866.6,291866.6,0.0,1.0,0.473
ALC_003298,2025-05-28,VIL_037,264943.7,264943.7,153667.3,111276.4,0.58,0.473
ALC_003299,2025-05-29,VIL_037,277959.3,277959.3,158436.8,119522.5,0.57,0.473
ALC_003300,2025-05-30,VIL_037,284702.6,284702.6,167974.5,116728.1,0.59,0.473
ALC_003301,2025-05-31,VIL_037,297750.7,297750.7,297750.7,0.0,1.0,0.473
ALC_003302,2025-06-01,VIL_037,233054.5,233054.5,233054.5,0.0,1.0,0.473
ALC_003303,2025-06-02,VIL_037,238266.7,238266.7,145342.7,92924.0,0.61,0.473
ALC_003304,2025-06-03,VIL_037,271855.5,271855.5,154957.6,116897.9,0.57,0.473
ALC_003305,2025-06-04,VIL_037,235869.7,235869.7,155674.0,80195.7,0.66,0.473
ALC_003306,2025-06-05,VIL_037,279032.5,279032.5,279032.5,0.0,1.0,0.473
ALC_003307,2025-06-06,VIL_037,247951.8,247951.8,215718.1,32233.7,0.87,0.473
ALC_003308,2025-06-07,VIL_037,257822.1,257822.1,177897.2,79924.9,0.69,0.473
ALC_003309,2025-06-08,VIL_037,277685.7,277685.7,205487.4,72198.3,0.74,0.473
ALC_003310,2025-06-09,VIL_037,239471.2,239471.2,181998.1,57473.1,0.76,0.473
ALC_003311,2025-06-10,VIL_037,266414.7,266414.7,266414.7,0.0,1.0,0.473
ALC_003312,2025-06-11,VIL_037,259742.0,259742.0,259742.0,0.0,1.0,0.473
ALC_003313,2025-06-12,VIL_037,266574.8,266574.8,266574.8,0.0,1.0,0.473
ALC_003314,2025-06-13,VIL_037,275229.8,275229.8,275229.8,0.0,1.0,0.473
ALC_003315,2025-06-14,VIL_037,257933.2,257933.2,172815.2,85118.0,0.67,0.473
ALC_003316,2025-06-15,VIL_037,233282.5,233282.5,233282.5,0.0,1.0,0.473
ALC_003317,2025-06-16,VIL_037,268020.7,268020.7,268020.7,0.0,1.0,0.473
ALC_003318,2025-06-17,VIL_037,264051.0,264051.0,264051.0,0.0,1.0,0.473
ALC_003319,2025-06-18,VIL_037,268632.5,268632.5,220278.6,48353.9,0.82,0.473
ALC_003320,2025-06-19,VIL_037,240855.6,240855.6,156556.1,84299.5,0.65,0.473
ALC_003321,2025-06-20,VIL_037,255561.0,255561.0,255561.0,0.0,1.0,0.473
ALC_003322,2025-06-21,VIL_037,261549.7,261549.7,261549.7,0.0,1.0,0.473
ALC_003323,2025-06-22,VIL_037,268507.8,268507.8,268507.8,0.0,1.0,0.473
ALC_003324,2025-06-23,VIL_037,233784.8,233784.8,177676.4,56108.4,0.76,0.473
ALC_003325,2025-06-24,VIL_037,239432.1,239432.1,165208.1,74224.0,0.69,0.473
ALC_003326,2025-06-25,VIL_037,246382.2,246382.2,135510.2,110872.0,0.55,0.473
ALC_003327,2025-06-26,VIL_037,241015.3,241015.3,241015.3,0.0,1.0,0.473
ALC_003328,2025-06-27,VIL_037,262961.8,262961.8,191962.1,70999.7,0.73,0.473
ALC_003329,2025-06-28,VIL_037,240141.6,240141.6,240141.6,0.0,1.0,0.473
ALC_003330,2025-06-29,VIL_037,252840.5,252840.5,252840.5,0.0,1.0,0.473
ALC_003331,2025-04-01,VIL_038,289964.0,289964.0,208774.1,81189.9,0.72,0.649
ALC_003332,2025-04-02,VIL_038,294750.3,294750.3,294750.3,0.0,1.0,0.649
ALC_003333,2025-04-03,VIL_038,290996.6,290996.6,290996.6,0.0,1.0,0.649
ALC_003334,2025-04-04,VIL_038,285901.2,285901.2,243016.0,42885.2,0.85,0.649
ALC_003335,2025-04-05,VIL_038,302904.8,302904.8,157510.5,145394.3,0.52,0.649
ALC_003336,2025-04-06,VIL_038,283261.1,283261.1,283261.1,0.0,1.0,0.649
ALC_003337,2025-04-07,VIL_038,294548.2,294548.2,194401.8,100146.4,0.66,0.649
ALC_003338,2025-04-08,VIL_038,294270.7,294270.7,235416.6,58854.1,0.8,0.649
ALC_003339,2025-04-09,VIL_038,287466.4,287466.4,160981.2,126485.2,0.56,0.649
ALC_003340,2025-04-10,VIL_038,279212.9,279212.9,279212.9,0.0,1.0,0.649
ALC_003341,2025-04-11,VIL_038,290050.6,290050.6,290050.6,0.0,1.0,0.649
ALC_003342,2025-04-12,VIL_038,283236.6,283236.6,223756.9,59479.7,0.79,0.649
ALC_003343,2025-04-13,VIL_038,286536.3,286536.3,286536.3,0.0,1.0,0.649
ALC_003344,2025-04-14,VIL_038,296713.4,296713.4,296713.4,0.0,1.0,0.649
ALC_003345,2025-04-15,VIL_038,278695.6,278695.6,278695.6,0.0,1.0,0.649
ALC_003346,2025-04-16,VIL_038,291911.3,291911.3,291911.3,0.0,1.0,0.649
ALC_003347,2025-04-17,VIL_038,304149.1,304149.1,188572.4,115576.7,0.62,0.649
ALC_003348,2025-04-18,VIL_038,298638.7,298638.7,298638.7,0.0,1.0,0.649
ALC_003349,2025-04-19,VIL_038,298859.6,298859.6,298859.6,0.0,1.0,0.649
ALC_003350,2025-04-20,VIL_038,295491.4,295491.4,295491.4,0.0,1.0,0.649
ALC_003351,2025-04-21,VIL_038,281452.8,281452.8,211089.6,70363.2,0.75,0.649
ALC_003352,2025-04-22,VIL_038,289567.3,289567.3,289567.3,0.0,1.0,0.649
ALC_003353,2025-04-23,VIL_038,290801.1,290801.1,290801.1,0.0,1.0,0.649
ALC_003354,2025-04-24,VIL_038,280888.8,280888.8,280888.8,0.0,1.0,0.649
ALC_003355,2025-04-25,VIL_038,290097.6,290097.6,240781.0,49316.6,0.83,0.649
ALC_003356,2025-04-26,VIL_038,293007.8,293007.8,293007.8,0.0,1.0,0.649
ALC_003357,2025-04-27,VIL_038,277764.0,277764.0,141659.6,136104.4,0.51,0.649
ALC_003358,2025-04-28,VIL_038,289471.7,289471.7,153420.0,136051.7,0.53,0.649
ALC_003359,2025-04-29,VIL_038,300302.9,300302.9,300302.9,0.0,1.0,0.649
ALC_003360,2025-04-30,VIL_038,290948.6,290948.6,290948.6,0.0,1.0,0.649
ALC_003361,2025-05-01,VIL_038,285691.0,285691.0,285691.0,0.0,1.0,0.649
ALC_003362,2025-05-02,VIL_038,286663.0,286663.0,226463.8,60199.2,0.79,0.649
ALC_003363,2025-05-03,VIL_038,301385.7,301385.7,301385.7,0.0,1.0,0.649
ALC_003364,2025-05-04,VIL_038,308293.3,308293.3,209639.4,98653.9,0.68,0.649
ALC_003365,2025-05-05,VIL_038,283926.8,283926.8,283926.8,0.0,1.0,0.649
ALC_003366,2025-05-06,VIL_038,294076.6,294076.6,294076.6,0.0,1.0,0.649
ALC_003367,2025-05-07,VIL_038,279456.1,279456.1,178851.9,100604.2,0.64,0.649
ALC_003368,2025-05-08,VIL_038,297369.9,297369.9,172474.5,124895.4,0.58,0.649
ALC_003369,2025-05-09,VIL_038,286398.3,286398.3,286398.3,0.0,1.0,0.649
ALC_003370,2025-05-10,VIL_038,290474.2,290474.2,290474.2,0.0,1.0,0.649
ALC_003371,2025-05-11,VIL_038,288077.5,288077.5,167084.9,120992.6,0.58,0.649
ALC_003372,2025-05-12,VIL_038,293312.8,293312.8,293312.8,0.0,1.0,0.649
ALC_003373,2025-05-13,VIL_038,284178.3,284178.3,230184.4,53993.9,0.81,0.649
ALC_003374,2025-05-14,VIL_038,295627.8,295627.8,186245.5,109382.3,0.63,0.649
ALC_003375,2025-05-15,VIL_038,302690.0,302690.0,302690.0,0.0,1.0,0.649
ALC_003376,2025-05-16,VIL_038,296908.3,296908.3,296908.3,0.0,1.0,0.649
ALC_003377,2025-05-17,VIL_038,273838.2,273838.2,273838.2,0.0,1.0,0.649
ALC_003378,2025-05-18,VIL_038,279410.6,279410.6,279410.6,0.0,1.0,0.649
ALC_003379,2025-05-19,VIL_038,295241.3,295241.3,295241.3,0.0,1.0,0.649
ALC_003380,2025-05-20,VIL_038,305137.1,305137.1,305137.1,0.0,1.0,0.649
ALC_003381,2025-05-21,VIL_038,297120.8,297120.8,187186.1,109934.7,0.63,0.649
ALC_003382,2025-05-22,VIL_038,294898.7,294898.7,294898.7,0.0,1.0,0.649
ALC_003383,2025-05-23,VIL_038,293607.5,293607.5,196717.0,96890.5,0.67,0.649
ALC_003384,2025-05-24,VIL_038,301321.8,301321.8,301321.8,0.0,1.0,0.649
ALC_003385,2025-05-25,VIL_038,303292.7,303292.7,303292.7,0.0,1.0,0.649
ALC_003386,2025-05-26,VIL_038,302546.5,302546.5,223884.4,78662.1,0.74,0.649
ALC_003387,2025-05-27,VIL_038,298385.6,298385.6,298385.6,0.0,1.0,0.649
ALC_003388,2025-05-28,VIL_038,279353.4,279353.4,156437.9,122915.5,0.56,0.649
ALC_003389,2025-05-29,VIL_038,294123.6,294123.6,220592.7,73530.9,0.75,0.649
ALC_003390,2025-05-30,VIL_038,294890.4,294890.4,294890.4,0.0,1.0,0.649
ALC_003391,2025-05-31,VIL_038,287909.3,287909.3,287909.3,0.0,1.0,0.649
ALC_003392,2025-06-01,VIL_038,248086.2,248086.2,156294.3,91791.9,0.63,0.649
ALC_003393,2025-06-02,VIL_038,248878.9,248878.9,181681.6,67197.3,0.73,0.649
ALC_003394,2025-06-03,VIL_038,288133.0,288133.0,288133.0,0.0,1.0,0.649
ALC_003395,2025-06-04,VIL_038,237308.7,237308.7,201712.4,35596.3,0.85,0.649
ALC_003396,2025-06-05,VIL_038,277325.1,277325.1,277325.1,0.0,1.0,0.649
ALC_003397,2025-06-06,VIL_038,235817.9,235817.9,235817.9,0.0,1.0,0.649
ALC_003398,2025-06-07,VIL_038,266972.3,266972.3,165522.8,101449.5,0.62,0.649
ALC_003399,2025-06-08,VIL_038,275447.9,275447.9,159759.8,115688.1,0.58,0.649
ALC_003400,2025-06-09,VIL_038,238671.5,238671.5,238671.5,0.0,1.0,0.649
ALC_003401,2025-06-10,VIL_038,270025.6,270025.6,232222.0,37803.6,0.86,0.649
ALC_003402,2025-06-11,VIL_038,264865.9,264865.9,153622.2,111243.7,0.58,0.649
ALC_003403,2025-06-12,VIL_038,280934.5,280934.5,146085.9,134848.6,0.52,0.649
ALC_003404,2025-06-13,VIL_038,274022.9,274022.9,274022.9,0.0,1.0,0.649
ALC_003405,2025-06-14,VIL_038,287189.4,287189.4,287189.4,0.0,1.0,0.649
ALC_003406,2025-06-15,VIL_038,248330.8,248330.8,126648.7,121682.1,0.51,0.649
ALC_003407,2025-06-16,VIL_038,282144.6,282144.6,282144.6,0.0,1.0,0.649
ALC_003408,2025-06-17,VIL_038,275899.6,275899.6,146226.8,129672.8,0.53,0.649
ALC_003409,2025-06-18,VIL_038,261853.5,261853.5,261853.5,0.0,1.0,0.649
ALC_003410,2025-06-19,VIL_038,235625.7,235625.7,235625.7,0.0,1.0,0.649
ALC_003411,2025-06-20,VIL_038,270881.9,270881.9,146276.2,124605.7,0.54,0.649
ALC_003412,2025-06-21,VIL_038,271052.7,271052.7,149079.0,121973.7,0.55,0.649
ALC_003413,2025-06-22,VIL_038,268498.7,268498.7,268498.7,0.0,1.0,0.649
ALC_003414,2025-06-23,VIL_038,239103.2,239103.2,186500.5,52602.7,0.78,0.649
ALC_003415,2025-06-24,VIL_038,241685.1,241685.1,241685.1,0.0,1.0,0.649
ALC_003416,2025-06-25,VIL_038,233474.8,233474.8,233474.8,0.0,1.0,0.649
ALC_003417,2025-06-26,VIL_038,248008.8,248008.8,248008.8,0.0,1.0,0.649
ALC_003418,2025-06-27,VIL_038,292530.7,292530.7,213547.4,78983.3,0.73,0.649
ALC_003419,2025-06-28,VIL_038,244788.0,244788.0,244788.0,0.0,1.0,0.649
ALC_003420,2025-06-29,VIL_038,268041.1,268041.1,147422.6,120618.5,0.55,0.649
ALC_003421,2025-04-01,VIL_039,584176.2,584176.2,584176.2,0.0,1.0,0.355
ALC_003422,2025-04-02,VIL_039,613528.7,613528.7,613528.7,0.0,1.0,0.355
ALC_003423,2025-04-03,VIL_039,552979.2,552979.2,552979.2,0.0,1.0,0.355
ALC_003424,2025-04-04,VIL_039,545395.6,545395.6,545395.6,0.0,1.0,0.355
ALC_003425,2025-04-05,VIL_039,600142.1,600142.1,354083.8,246058.3,0.59,0.355
ALC_003426,2025-04-06,VIL_039,531577.3,531577.3,441209.2,90368.1,0.83,0.355
ALC_003427,2025-04-07,VIL_039,569233.3,569233.3,335847.6,233385.7,0.59,0.355
ALC_003428,2025-04-08,VIL_039,605376.2,605376.2,345064.4,260311.8,0.57,0.355
ALC_003429,2025-04-09,VIL_039,603040.0,603040.0,379915.2,223124.8,0.63,0.355
ALC_003430,2025-04-10,VIL_039,601536.6,601536.6,505290.7,96245.9,0.84,0.355
ALC_003431,2025-04-11,VIL_039,575387.4,575387.4,575387.4,0.0,1.0,0.355
ALC_003432,2025-04-12,VIL_039,560215.0,560215.0,560215.0,0.0,1.0,0.355
ALC_003433,2025-04-13,VIL_039,585189.4,585189.4,339409.9,245779.5,0.58,0.355
ALC_003434,2025-04-14,VIL_039,560039.9,560039.9,560039.9,0.0,1.0,0.355
ALC_003435,2025-04-15,VIL_039,617482.0,617482.0,617482.0,0.0,1.0,0.355
ALC_003436,2025-04-16,VIL_039,577764.9,577764.9,439101.3,138663.6,0.76,0.355
ALC_003437,2025-04-17,VIL_039,602588.7,602588.7,602588.7,0.0,1.0,0.355
ALC_003438,2025-04-18,VIL_039,556270.6,556270.6,333762.4,222508.2,0.6,0.355
ALC_003439,2025-04-19,VIL_039,592317.7,592317.7,592317.7,0.0,1.0,0.355
ALC_003440,2025-04-20,VIL_039,570085.7,570085.7,387658.3,182427.4,0.68,0.355
ALC_003441,2025-04-21,VIL_039,584811.8,584811.8,584811.8,0.0,1.0,0.355
ALC_003442,2025-04-22,VIL_039,573389.8,573389.8,384171.2,189218.6,0.67,0.355
ALC_003443,2025-04-23,VIL_039,591886.9,591886.9,408402.0,183484.9,0.69,0.355
ALC_003444,2025-04-24,VIL_039,599851.4,599851.4,599851.4,0.0,1.0,0.355
ALC_003445,2025-04-25,VIL_039,544229.3,544229.3,544229.3,0.0,1.0,0.355
ALC_003446,2025-04-26,VIL_039,562188.7,562188.7,562188.7,0.0,1.0,0.355
ALC_003447,2025-04-27,VIL_039,599043.2,599043.2,599043.2,0.0,1.0,0.355
ALC_003448,2025-04-28,VIL_039,593536.3,593536.3,593536.3,0.0,1.0,0.355
ALC_003449,2025-04-29,VIL_039,567914.1,567914.1,340748.5,227165.6,0.6,0.355
ALC_003450,2025-04-30,VIL_039,607812.8,607812.8,607812.8,0.0,1.0,0.355
ALC_003451,2025-05-01,VIL_039,586979.2,586979.2,316968.8,270010.4,0.54,0.355
ALC_003452,2025-05-02,VIL_039,587307.4,587307.4,422861.3,164446.1,0.72,0.355
ALC_003453,2025-05-03,VIL_039,600760.8,600760.8,600760.8,0.0,1.0,0.355
ALC_003454,2025-05-04,VIL_039,601157.4,601157.4,601157.4,0.0,1.0,0.355
ALC_003455,2025-05-05,VIL_039,585262.0,585262.0,585262.0,0.0,1.0,0.355
ALC_003456,2025-05-06,VIL_039,566946.6,566946.6,566946.6,0.0,1.0,0.355
ALC_003457,2025-05-07,VIL_039,580647.2,580647.2,348388.3,232258.9,0.6,0.355
ALC_003458,2025-05-08,VIL_039,559034.8,559034.8,559034.8,0.0,1.0,0.355
ALC_003459,2025-05-09,VIL_039,551738.2,551738.2,551738.2,0.0,1.0,0.355
ALC_003460,2025-05-10,VIL_039,577235.7,577235.7,461788.6,115447.1,0.8,0.355
ALC_003461,2025-05-11,VIL_039,583923.0,583923.0,583923.0,0.0,1.0,0.355
ALC_003462,2025-05-12,VIL_039,595765.1,595765.1,428950.9,166814.2,0.72,0.355
ALC_003463,2025-05-13,VIL_039,571471.1,571471.1,331453.2,240017.9,0.58,0.355
ALC_003464,2025-05-14,VIL_039,577972.7,577972.7,352563.3,225409.4,0.61,0.355
ALC_003465,2025-05-15,VIL_039,563640.8,563640.8,293093.2,270547.6,0.52,0.355
ALC_003466,2025-05-16,VIL_039,561087.7,561087.7,302987.4,258100.3,0.54,0.355
ALC_003467,2025-05-17,VIL_039,557447.4,557447.4,557447.4,0.0,1.0,0.355
ALC_003468,2025-05-18,VIL_039,591946.4,591946.4,591946.4,0.0,1.0,0.355
ALC_003469,2025-05-19,VIL_039,615004.1,615004.1,387452.6,227551.5,0.63,0.355
ALC_003470,2025-05-20,VIL_039,599448.4,599448.4,599448.4,0.0,1.0,0.355
ALC_003471,2025-05-21,VIL_039,580444.7,580444.7,580444.7,0.0,1.0,0.355
ALC_003472,2025-05-22,VIL_039,557038.4,557038.4,557038.4,0.0,1.0,0.355
ALC_003473,2025-05-23,VIL_039,608660.9,608660.9,529535.0,79125.9,0.87,0.355
ALC_003474,2025-05-24,VIL_039,487311.9,487311.9,487311.9,0.0,1.0,0.355
ALC_003475,2025-05-25,VIL_039,555188.4,555188.4,399735.6,155452.8,0.72,0.355
ALC_003476,2025-05-26,VIL_039,577332.0,577332.0,577332.0,0.0,1.0,0.355
ALC_003477,2025-05-27,VIL_039,500664.2,500664.2,285378.6,215285.6,0.57,0.355
ALC_003478,2025-05-28,VIL_039,579968.5,579968.5,579968.5,0.0,1.0,0.355
ALC_003479,2025-05-29,VIL_039,514596.6,514596.6,514596.6,0.0,1.0,0.355
ALC_003480,2025-05-30,VIL_039,574676.2,574676.2,385033.1,189643.1,0.67,0.355
ALC_003481,2025-05-31,VIL_039,603038.4,603038.4,603038.4,0.0,1.0,0.355
ALC_003482,2025-06-01,VIL_039,479131.7,479131.7,479131.7,0.0,1.0,0.355
ALC_003483,2025-06-02,VIL_039,472284.8,472284.8,472284.8,0.0,1.0,0.355
ALC_003484,2025-06-03,VIL_039,541248.9,541248.9,541248.9,0.0,1.0,0.355
ALC_003485,2025-06-04,VIL_039,492689.0,492689.0,492689.0,0.0,1.0,0.355
ALC_003486,2025-06-05,VIL_039,501448.5,501448.5,436260.2,65188.3,0.87,0.355
ALC_003487,2025-06-06,VIL_039,488028.1,488028.1,331859.1,156169.0,0.68,0.355
ALC_003488,2025-06-07,VIL_039,567000.4,567000.4,567000.4,0.0,1.0,0.355
ALC_003489,2025-06-08,VIL_039,540018.2,540018.2,388813.1,151205.1,0.72,0.355
ALC_003490,2025-06-09,VIL_039,475559.3,475559.3,475559.3,0.0,1.0,0.355
ALC_003491,2025-06-10,VIL_039,480577.5,480577.5,480577.5,0.0,1.0,0.355
ALC_003492,2025-06-11,VIL_039,533907.0,533907.0,347039.5,186867.5,0.65,0.355
ALC_003493,2025-06-12,VIL_039,529487.3,529487.3,529487.3,0.0,1.0,0.355
ALC_003494,2025-06-13,VIL_039,498657.1,498657.1,269274.8,229382.3,0.54,0.355
ALC_003495,2025-06-14,VIL_039,461606.1,461606.1,461606.1,0.0,1.0,0.355
ALC_003496,2025-06-15,VIL_039,525628.0,525628.0,525628.0,0.0,1.0,0.355
ALC_003497,2025-06-16,VIL_039,539238.4,539238.4,285796.4,253442.0,0.53,0.355
ALC_003498,2025-06-17,VIL_039,488482.5,488482.5,488482.5,0.0,1.0,0.355
ALC_003499,2025-06-18,VIL_039,557793.8,557793.8,356988.0,200805.8,0.64,0.355
ALC_003500,2025-06-19,VIL_039,556706.3,556706.3,556706.3,0.0,1.0,0.355
ALC_003501,2025-06-20,VIL_039,539027.1,539027.1,539027.1,0.0,1.0,0.355
ALC_003502,2025-06-21,VIL_039,469606.0,469606.0,314636.0,154970.0,0.67,0.355
ALC_003503,2025-06-22,VIL_039,463931.5,463931.5,463931.5,0.0,1.0,0.355
ALC_003504,2025-06-23,VIL_039,555027.4,555027.4,471773.3,83254.1,0.85,0.355
ALC_003505,2025-06-24,VIL_039,465618.6,465618.6,465618.6,0.0,1.0,0.355
ALC_003506,2025-06-25,VIL_039,573537.9,573537.9,470301.1,103236.8,0.82,0.355
ALC_003507,2025-06-26,VIL_039,475928.5,475928.5,475928.5,0.0,1.0,0.355
ALC_003508,2025-06-27,VIL_039,549800.9,549800.9,549800.9,0.0,1.0,0.355
ALC_003509,2025-06-28,VIL_039,551772.3,551772.3,551772.3,0.0,1.0,0.355
ALC_003510,2025-06-29,VIL_039,481376.1,481376.1,365845.8,115530.3,0.76,0.355
ALC_003511,2025-04-01,VIL_040,207303.3,207303.3,207303.3,0.0,1.0,0.197
ALC_003512,2025-04-02,VIL_040,205798.0,205798.0,205798.0,0.0,1.0,0.197
ALC_003513,2025-04-03,VIL_040,198886.5,198886.5,198886.5,0.0,1.0,0.197
ALC_003514,2025-04-04,VIL_040,198404.3,198404.3,138883.0,59521.3,0.7,0.197
ALC_003515,2025-04-05,VIL_040,207675.4,207675.4,207675.4,0.0,1.0,0.197
ALC_003516,2025-04-06,VIL_040,203242.5,203242.5,150399.5,52843.0,0.74,0.197
ALC_003517,2025-04-07,VIL_040,199400.4,199400.4,105682.2,93718.2,0.53,0.197
ALC_003518,2025-04-08,VIL_040,209141.5,209141.5,209141.5,0.0,1.0,0.197
ALC_003519,2025-04-09,VIL_040,200852.8,200852.8,200852.8,0.0,1.0,0.197
ALC_003520,2025-04-10,VIL_040,199647.9,199647.9,199647.9,0.0,1.0,0.197
ALC_003521,2025-04-11,VIL_040,206393.3,206393.3,179562.2,26831.1,0.87,0.197
ALC_003522,2025-04-12,VIL_040,205126.5,205126.5,205126.5,0.0,1.0,0.197
ALC_003523,2025-04-13,VIL_040,210303.1,210303.1,159830.4,50472.7,0.76,0.197
ALC_003524,2025-04-14,VIL_040,198197.6,198197.6,198197.6,0.0,1.0,0.197
ALC_003525,2025-04-15,VIL_040,199871.6,199871.6,147905.0,51966.6,0.74,0.197
ALC_003526,2025-04-16,VIL_040,201434.7,201434.7,201434.7,0.0,1.0,0.197
ALC_003527,2025-04-17,VIL_040,214527.2,214527.2,214527.2,0.0,1.0,0.197
ALC_003528,2025-04-18,VIL_040,209243.3,209243.3,209243.3,0.0,1.0,0.197
ALC_003529,2025-04-19,VIL_040,218483.3,218483.3,152938.3,65545.0,0.7,0.197
ALC_003530,2025-04-20,VIL_040,205198.9,205198.9,205198.9,0.0,1.0,0.197
ALC_003531,2025-04-21,VIL_040,215471.7,215471.7,215471.7,0.0,1.0,0.197
ALC_003532,2025-04-22,VIL_040,206438.3,206438.3,107347.9,99090.4,0.52,0.197
ALC_003533,2025-04-23,VIL_040,202505.9,202505.9,149854.4,52651.5,0.74,0.197
ALC_003534,2025-04-24,VIL_040,209586.0,209586.0,142518.5,67067.5,0.68,0.197
ALC_003535,2025-04-25,VIL_040,205029.0,205029.0,118916.8,86112.2,0.58,0.197
ALC_003536,2025-04-26,VIL_040,208191.7,208191.7,208191.7,0.0,1.0,0.197
ALC_003537,2025-04-27,VIL_040,208086.0,208086.0,164387.9,43698.1,0.79,0.197
ALC_003538,2025-04-28,VIL_040,211267.3,211267.3,111971.7,99295.6,0.53,0.197
ALC_003539,2025-04-29,VIL_040,201102.9,201102.9,126694.8,74408.1,0.63,0.197
ALC_003540,2025-04-30,VIL_040,207153.4,207153.4,207153.4,0.0,1.0,0.197
ALC_003541,2025-05-01,VIL_040,212016.1,212016.1,154771.8,57244.3,0.73,0.197
ALC_003542,2025-05-02,VIL_040,203550.5,203550.5,203550.5,0.0,1.0,0.197
ALC_003543,2025-05-03,VIL_040,212004.7,212004.7,212004.7,0.0,1.0,0.197
ALC_003544,2025-05-04,VIL_040,204776.4,204776.4,108531.5,96244.9,0.53,0.197
ALC_003545,2025-05-05,VIL_040,215775.1,215775.1,215775.1,0.0,1.0,0.197
ALC_003546,2025-05-06,VIL_040,201424.5,201424.5,201424.5,0.0,1.0,0.197
ALC_003547,2025-05-07,VIL_040,206634.5,206634.5,119848.0,86786.5,0.58,0.197
ALC_003548,2025-05-08,VIL_040,191927.3,191927.3,191927.3,0.0,1.0,0.197
ALC_003549,2025-05-09,VIL_040,210748.4,210748.4,210748.4,0.0,1.0,0.197
ALC_003550,2025-05-10,VIL_040,202932.3,202932.3,113642.1,89290.2,0.56,0.197
ALC_003551,2025-05-11,VIL_040,208651.7,208651.7,208651.7,0.0,1.0,0.197
ALC_003552,2025-05-12,VIL_040,205050.1,205050.1,205050.1,0.0,1.0,0.197
ALC_003553,2025-05-13,VIL_040,207641.3,207641.3,174418.7,33222.6,0.84,0.197
ALC_003554,2025-05-14,VIL_040,201635.6,201635.6,201635.6,0.0,1.0,0.197
ALC_003555,2025-05-15,VIL_040,196138.0,196138.0,196138.0,0.0,1.0,0.197
ALC_003556,2025-05-16,VIL_040,214496.5,214496.5,214496.5,0.0,1.0,0.197
ALC_003557,2025-05-17,VIL_040,201387.0,201387.0,138957.0,62430.0,0.69,0.197
ALC_003558,2025-05-18,VIL_040,207343.4,207343.4,207343.4,0.0,1.0,0.197
ALC_003559,2025-05-19,VIL_040,201284.7,201284.7,157002.1,44282.6,0.78,0.197
ALC_003560,2025-05-20,VIL_040,205335.1,205335.1,205335.1,0.0,1.0,0.197
ALC_003561,2025-05-21,VIL_040,202416.9,202416.9,115377.6,87039.3,0.57,0.197
ALC_003562,2025-05-22,VIL_040,198919.7,198919.7,173060.1,25859.6,0.87,0.197
ALC_003563,2025-05-23,VIL_040,195033.8,195033.8,103367.9,91665.9,0.53,0.197
ALC_003564,2025-05-24,VIL_040,205393.9,205393.9,141721.8,63672.1,0.69,0.197
ALC_003565,2025-05-25,VIL_040,202368.9,202368.9,115350.3,87018.6,0.57,0.197
ALC_003566,2025-05-26,VIL_040,205852.2,205852.2,107043.1,98809.1,0.52,0.197
ALC_003567,2025-05-27,VIL_040,214632.2,214632.2,214632.2,0.0,1.0,0.197
ALC_003568,2025-05-28,VIL_040,207965.7,207965.7,207965.7,0.0,1.0,0.197
ALC_003569,2025-05-29,VIL_040,185511.9,185511.9,185511.9,0.0,1.0,0.197
ALC_003570,2025-05-30,VIL_040,208284.6,208284.6,174959.1,33325.5,0.84,0.197
ALC_003571,2025-05-31,VIL_040,204327.6,204327.6,165505.4,38822.2,0.81,0.197
ALC_003572,2025-06-01,VIL_040,203251.6,203251.6,203251.6,0.0,1.0,0.197
ALC_003573,2025-06-02,VIL_040,161991.7,161991.7,161991.7,0.0,1.0,0.197
ALC_003574,2025-06-03,VIL_040,195189.3,195189.3,171766.6,23422.7,0.88,0.197
ALC_003575,2025-06-04,VIL_040,166388.2,166388.2,89849.6,76538.6,0.54,0.197
ALC_003576,2025-06-05,VIL_040,198826.8,198826.8,198826.8,0.0,1.0,0.197
ALC_003577,2025-06-06,VIL_040,187031.3,187031.3,187031.3,0.0,1.0,0.197
ALC_003578,2025-06-07,VIL_040,188798.5,188798.5,188798.5,0.0,1.0,0.197
ALC_003579,2025-06-08,VIL_040,195690.1,195690.1,142853.8,52836.3,0.73,0.197
ALC_003580,2025-06-09,VIL_040,180085.9,180085.9,180085.9,0.0,1.0,0.197
ALC_003581,2025-06-10,VIL_040,193718.7,193718.7,193718.7,0.0,1.0,0.197
ALC_003582,2025-06-11,VIL_040,184268.6,184268.6,140044.1,44224.5,0.76,0.197
ALC_003583,2025-06-12,VIL_040,161905.6,161905.6,98762.4,63143.2,0.61,0.197
ALC_003584,2025-06-13,VIL_040,174798.6,174798.6,174798.6,0.0,1.0,0.197
ALC_003585,2025-06-14,VIL_040,188985.6,188985.6,160637.8,28347.8,0.85,0.197
ALC_003586,2025-06-15,VIL_040,197248.7,197248.7,163716.4,33532.3,0.83,0.197
ALC_003587,2025-06-16,VIL_040,201909.0,201909.0,133259.9,68649.1,0.66,0.197
ALC_003588,2025-06-17,VIL_040,173615.8,173615.8,173615.8,0.0,1.0,0.197
ALC_003589,2025-06-18,VIL_040,161702.7,161702.7,90553.5,71149.2,0.56,0.197
ALC_003590,2025-06-19,VIL_040,199200.3,199200.3,199200.3,0.0,1.0,0.197
ALC_003591,2025-06-20,VIL_040,188350.8,188350.8,188350.8,0.0,1.0,0.197
ALC_003592,2025-06-21,VIL_040,194063.1,194063.1,194063.1,0.0,1.0,0.197
ALC_003593,2025-06-22,VIL_040,173359.0,173359.0,173359.0,0.0,1.0,0.197
ALC_003594,2025-06-23,VIL_040,188102.1,188102.1,188102.1,0.0,1.0,0.197
ALC_003595,2025-06-24,VIL_040,197762.8,197762.8,162165.5,35597.3,0.82,0.197
ALC_003596,2025-06-25,VIL_040,183935.2,183935.2,103003.7,80931.5,0.56,0.197
ALC_003597,2025-06-26,VIL_040,177485.6,177485.6,177485.6,0.0,1.0,0.197
ALC_003598,2025-06-27,VIL_040,192455.2,192455.2,192455.2,0.0,1.0,0.197
ALC_003599,2025-06-28,VIL_040,197545.8,197545.8,197545.8,0.0,1.0,0.197
ALC_003600,2025-06-29,VIL_040,193908.8,193908.8,135736.2,58172.6,0.7,0.197
ALC_003601,2025-04-01,VIL_041,320993.8,320993.8,320993.8,0.0,1.0,0.64
ALC_003602,2025-04-02,VIL_041,319170.1,319170.1,319170.1,0.0,1.0,0.64
ALC_003603,2025-04-03,VIL_041,312135.1,312135.1,312135.1,0.0,1.0,0.64
ALC_003604,2025-04-04,VIL_041,302642.5,302642.5,175532.6,127109.9,0.58,0.64
ALC_003605,2025-04-05,VIL_041,331673.9,331673.9,331673.9,0.0,1.0,0.64
ALC_003606,2025-04-06,VIL_041,301900.0,301900.0,153969.0,147931.0,0.51,0.64
ALC_003607,2025-04-07,VIL_041,333760.7,333760.7,333760.7,0.0,1.0,0.64
ALC_003608,2025-04-08,VIL_041,320884.0,320884.0,320884.0,0.0,1.0,0.64
ALC_003609,2025-04-09,VIL_041,312867.3,312867.3,215878.4,96988.9,0.69,0.64
ALC_003610,2025-04-10,VIL_041,297346.5,297346.5,175434.4,121912.1,0.59,0.64
ALC_003611,2025-04-11,VIL_041,324207.7,324207.7,324207.7,0.0,1.0,0.64
ALC_003612,2025-04-12,VIL_041,305342.0,305342.0,305342.0,0.0,1.0,0.64
ALC_003613,2025-04-13,VIL_041,314227.8,314227.8,314227.8,0.0,1.0,0.64
ALC_003614,2025-04-14,VIL_041,316208.1,316208.1,230831.9,85376.2,0.73,0.64
ALC_003615,2025-04-15,VIL_041,319529.6,319529.6,194913.1,124616.5,0.61,0.64
ALC_003616,2025-04-16,VIL_041,328152.9,328152.9,226425.5,101727.4,0.69,0.64
ALC_003617,2025-04-17,VIL_041,331714.9,331714.9,199028.9,132686.0,0.6,0.64
ALC_003618,2025-04-18,VIL_041,318586.7,318586.7,238940.0,79646.7,0.75,0.64
ALC_003619,2025-04-19,VIL_041,317980.3,317980.3,317980.3,0.0,1.0,0.64
ALC_003620,2025-04-20,VIL_041,326251.4,326251.4,326251.4,0.0,1.0,0.64
ALC_003621,2025-04-21,VIL_041,310004.1,310004.1,310004.1,0.0,1.0,0.64
ALC_003622,2025-04-22,VIL_041,324735.6,324735.6,324735.6,0.0,1.0,0.64
ALC_003623,2025-04-23,VIL_041,328691.8,328691.8,253092.7,75599.1,0.77,0.64
ALC_003624,2025-04-24,VIL_041,306972.9,306972.9,165765.4,141207.5,0.54,0.64
ALC_003625,2025-04-25,VIL_041,333120.7,333120.7,256502.9,76617.8,0.77,0.64
ALC_003626,2025-04-26,VIL_041,311396.3,311396.3,221091.4,90304.9,0.71,0.64
ALC_003627,2025-04-27,VIL_041,308418.6,308418.6,308418.6,0.0,1.0,0.64
ALC_003628,2025-04-28,VIL_041,310069.0,310069.0,235652.4,74416.6,0.76,0.64
ALC_003629,2025-04-29,VIL_041,295651.2,295651.2,171477.7,124173.5,0.58,0.64
ALC_003630,2025-04-30,VIL_041,326198.1,326198.1,238124.6,88073.5,0.73,0.64
ALC_003631,2025-05-01,VIL_041,322446.0,322446.0,322446.0,0.0,1.0,0.64
ALC_003632,2025-05-02,VIL_041,318488.4,318488.4,318488.4,0.0,1.0,0.64
ALC_003633,2025-05-03,VIL_041,308880.4,308880.4,188417.0,120463.4,0.61,0.64
ALC_003634,2025-05-04,VIL_041,318783.4,318783.4,318783.4,0.0,1.0,0.64
ALC_003635,2025-05-05,VIL_041,318443.2,318443.2,318443.2,0.0,1.0,0.64
ALC_003636,2025-05-06,VIL_041,307920.2,307920.2,307920.2,0.0,1.0,0.64
ALC_003637,2025-05-07,VIL_041,302016.9,302016.9,302016.9,0.0,1.0,0.64
ALC_003638,2025-05-08,VIL_041,305570.4,305570.4,305570.4,0.0,1.0,0.64
ALC_003639,2025-05-09,VIL_041,331753.5,331753.5,265402.8,66350.7,0.8,0.64
ALC_003640,2025-05-10,VIL_041,318406.2,318406.2,318406.2,0.0,1.0,0.64
ALC_003641,2025-05-11,VIL_041,313992.7,313992.7,313992.7,0.0,1.0,0.64
ALC_003642,2025-05-12,VIL_041,319241.0,319241.0,319241.0,0.0,1.0,0.64
ALC_003643,2025-05-13,VIL_041,310854.0,310854.0,310854.0,0.0,1.0,0.64
ALC_003644,2025-05-14,VIL_041,328509.7,328509.7,177395.2,151114.5,0.54,0.64
ALC_003645,2025-05-15,VIL_041,321123.9,321123.9,321123.9,0.0,1.0,0.64
ALC_003646,2025-05-16,VIL_041,303409.5,303409.5,303409.5,0.0,1.0,0.64
ALC_003647,2025-05-17,VIL_041,303761.7,303761.7,303761.7,0.0,1.0,0.64
ALC_003648,2025-05-18,VIL_041,323505.0,323505.0,323505.0,0.0,1.0,0.64
ALC_003649,2025-05-19,VIL_041,305267.7,305267.7,305267.7,0.0,1.0,0.64
ALC_003650,2025-05-20,VIL_041,313249.6,313249.6,313249.6,0.0,1.0,0.64
ALC_003651,2025-05-21,VIL_041,318826.0,318826.0,318826.0,0.0,1.0,0.64
ALC_003652,2025-05-22,VIL_041,321465.7,321465.7,321465.7,0.0,1.0,0.64
ALC_003653,2025-05-23,VIL_041,324116.3,324116.3,324116.3,0.0,1.0,0.64
ALC_003654,2025-05-24,VIL_041,322068.5,322068.5,202903.2,119165.3,0.63,0.64
ALC_003655,2025-05-25,VIL_041,323330.6,323330.6,323330.6,0.0,1.0,0.64
ALC_003656,2025-05-26,VIL_041,315354.2,315354.2,315354.2,0.0,1.0,0.64
ALC_003657,2025-05-27,VIL_041,322341.9,322341.9,322341.9,0.0,1.0,0.64
ALC_003658,2025-05-28,VIL_041,320142.5,320142.5,320142.5,0.0,1.0,0.64
ALC_003659,2025-05-29,VIL_041,322826.7,322826.7,322826.7,0.0,1.0,0.64
ALC_003660,2025-05-30,VIL_041,312758.3,312758.3,231441.1,81317.2,0.74,0.64
ALC_003661,2025-05-31,VIL_041,313943.1,313943.1,263712.2,50230.9,0.84,0.64
ALC_003662,2025-06-01,VIL_041,267652.9,267652.9,173974.4,93678.5,0.65,0.64
ALC_003663,2025-06-02,VIL_041,270894.2,270894.2,270894.2,0.0,1.0,0.64
ALC_003664,2025-06-03,VIL_041,287085.5,287085.5,287085.5,0.0,1.0,0.64
ALC_003665,2025-06-04,VIL_041,266622.7,266622.7,266622.7,0.0,1.0,0.64
ALC_003666,2025-06-05,VIL_041,305005.9,305005.9,305005.9,0.0,1.0,0.64
ALC_003667,2025-06-06,VIL_041,273062.2,273062.2,202066.0,70996.2,0.74,0.64
ALC_003668,2025-06-07,VIL_041,287928.1,287928.1,287928.1,0.0,1.0,0.64
ALC_003669,2025-06-08,VIL_041,293502.3,293502.3,199581.6,93920.7,0.68,0.64
ALC_003670,2025-06-09,VIL_041,253232.3,253232.3,253232.3,0.0,1.0,0.64
ALC_003671,2025-06-10,VIL_041,305096.9,305096.9,305096.9,0.0,1.0,0.64
ALC_003672,2025-06-11,VIL_041,314733.5,314733.5,226608.1,88125.4,0.72,0.64
ALC_003673,2025-06-12,VIL_041,296974.6,296974.6,175215.0,121759.6,0.59,0.64
ALC_003674,2025-06-13,VIL_041,305221.7,305221.7,305221.7,0.0,1.0,0.64
ALC_003675,2025-06-14,VIL_041,292341.7,292341.7,292341.7,0.0,1.0,0.64
ALC_003676,2025-06-15,VIL_041,266581.1,266581.1,221262.3,45318.8,0.83,0.64
ALC_003677,2025-06-16,VIL_041,301556.6,301556.6,301556.6,0.0,1.0,0.64
ALC_003678,2025-06-17,VIL_041,292057.5,292057.5,292057.5,0.0,1.0,0.64
ALC_003679,2025-06-18,VIL_041,297556.6,297556.6,297556.6,0.0,1.0,0.64
ALC_003680,2025-06-19,VIL_041,255829.7,255829.7,255829.7,0.0,1.0,0.64
ALC_003681,2025-06-20,VIL_041,295529.4,295529.4,295529.4,0.0,1.0,0.64
ALC_003682,2025-06-21,VIL_041,309766.3,309766.3,309766.3,0.0,1.0,0.64
ALC_003683,2025-06-22,VIL_041,285643.3,285643.3,285643.3,0.0,1.0,0.64
ALC_003684,2025-06-23,VIL_041,269385.3,269385.3,269385.3,0.0,1.0,0.64
ALC_003685,2025-06-24,VIL_041,256842.4,256842.4,256842.4,0.0,1.0,0.64
ALC_003686,2025-06-25,VIL_041,270313.6,270313.6,270313.6,0.0,1.0,0.64
ALC_003687,2025-06-26,VIL_041,270138.3,270138.3,224214.8,45923.5,0.83,0.64
ALC_003688,2025-06-27,VIL_041,299078.7,299078.7,299078.7,0.0,1.0,0.64
ALC_003689,2025-06-28,VIL_041,251417.0,251417.0,165935.2,85481.8,0.66,0.64
ALC_003690,2025-06-29,VIL_041,290535.7,290535.7,290535.7,0.0,1.0,0.64
ALC_003691,2025-04-01,VIL_042,284394.0,284394.0,204763.7,79630.3,0.72,0.443
ALC_003692,2025-04-02,VIL_042,284221.6,284221.6,142110.8,142110.8,0.5,0.443
ALC_003693,2025-04-03,VIL_042,295273.1,295273.1,248029.4,47243.7,0.84,0.443
ALC_003694,2025-04-04,VIL_042,281514.7,281514.7,281514.7,0.0,1.0,0.443
ALC_003695,2025-04-05,VIL_042,281296.1,281296.1,281296.1,0.0,1.0,0.443
ALC_003696,2025-04-06,VIL_042,277155.8,277155.8,163521.9,113633.9,0.59,0.443
ALC_003697,2025-04-07,VIL_042,299731.6,299731.6,299731.6,0.0,1.0,0.443
ALC_003698,2025-04-08,VIL_042,280693.4,280693.4,221747.8,58945.6,0.79,0.443
ALC_003699,2025-04-09,VIL_042,285308.2,285308.2,285308.2,0.0,1.0,0.443
ALC_003700,2025-04-10,VIL_042,301350.1,301350.1,168756.1,132594.0,0.56,0.443
ALC_003701,2025-04-11,VIL_042,285267.9,285267.9,285267.9,0.0,1.0,0.443
ALC_003702,2025-04-12,VIL_042,291511.2,291511.2,177821.8,113689.4,0.61,0.443
ALC_003703,2025-04-13,VIL_042,296833.7,296833.7,148416.9,148416.8,0.5,0.443
ALC_003704,2025-04-14,VIL_042,304401.5,304401.5,176552.9,127848.6,0.58,0.443
ALC_003705,2025-04-15,VIL_042,300369.4,300369.4,300369.4,0.0,1.0,0.443
ALC_003706,2025-04-16,VIL_042,296197.0,296197.0,245843.5,50353.5,0.83,0.443
ALC_003707,2025-04-17,VIL_042,287862.6,287862.6,210139.7,77722.9,0.73,0.443
ALC_003708,2025-04-18,VIL_042,290688.3,290688.3,290688.3,0.0,1.0,0.443
ALC_003709,2025-04-19,VIL_042,301961.3,301961.3,301961.3,0.0,1.0,0.443
ALC_003710,2025-04-20,VIL_042,295077.1,295077.1,295077.1,0.0,1.0,0.443
ALC_003711,2025-04-21,VIL_042,294065.8,294065.8,294065.8,0.0,1.0,0.443
ALC_003712,2025-04-22,VIL_042,266892.5,266892.5,210845.1,56047.4,0.79,0.443
ALC_003713,2025-04-23,VIL_042,290640.8,290640.8,194729.3,95911.5,0.67,0.443
ALC_003714,2025-04-24,VIL_042,277942.1,277942.1,277942.1,0.0,1.0,0.443
ALC_003715,2025-04-25,VIL_042,272724.4,272724.4,272724.4,0.0,1.0,0.443
ALC_003716,2025-04-26,VIL_042,284653.8,284653.8,284653.8,0.0,1.0,0.443
ALC_003717,2025-04-27,VIL_042,279666.4,279666.4,279666.4,0.0,1.0,0.443
ALC_003718,2025-04-28,VIL_042,300485.2,300485.2,300485.2,0.0,1.0,0.443
ALC_003719,2025-04-29,VIL_042,295256.7,295256.7,295256.7,0.0,1.0,0.443
ALC_003720,2025-04-30,VIL_042,274596.8,274596.8,227915.3,46681.5,0.83,0.443
ALC_003721,2025-05-01,VIL_042,296518.5,296518.5,296518.5,0.0,1.0,0.443
ALC_003722,2025-05-02,VIL_042,285434.0,285434.0,168406.1,117027.9,0.59,0.443
ALC_003723,2025-05-03,VIL_042,286217.8,286217.8,286217.8,0.0,1.0,0.443
ALC_003724,2025-05-04,VIL_042,285345.0,285345.0,171207.0,114138.0,0.6,0.443
ALC_003725,2025-05-05,VIL_042,280358.5,280358.5,280358.5,0.0,1.0,0.443
ALC_003726,2025-05-06,VIL_042,292174.0,292174.0,292174.0,0.0,1.0,0.443
ALC_003727,2025-05-07,VIL_042,292691.4,292691.4,292691.4,0.0,1.0,0.443
ALC_003728,2025-05-08,VIL_042,279774.9,279774.9,279774.9,0.0,1.0,0.443
ALC_003729,2025-05-09,VIL_042,291615.8,291615.8,291615.8,0.0,1.0,0.443
ALC_003730,2025-05-10,VIL_042,281053.6,281053.6,193927.0,87126.6,0.69,0.443
ALC_003731,2025-05-11,VIL_042,291518.4,291518.4,186571.8,104946.6,0.64,0.443
ALC_003732,2025-05-12,VIL_042,299784.4,299784.4,299784.4,0.0,1.0,0.443
ALC_003733,2025-05-13,VIL_042,287391.3,287391.3,209795.6,77595.7,0.73,0.443
ALC_003734,2025-05-14,VIL_042,285952.4,285952.4,285952.4,0.0,1.0,0.443
ALC_003735,2025-05-15,VIL_042,292668.7,292668.7,292668.7,0.0,1.0,0.443
ALC_003736,2025-05-16,VIL_042,280036.5,280036.5,280036.5,0.0,1.0,0.443
ALC_003737,2025-05-17,VIL_042,282108.8,282108.8,174907.5,107201.3,0.62,0.443
ALC_003738,2025-05-18,VIL_042,283984.3,283984.3,283984.3,0.0,1.0,0.443
ALC_003739,2025-05-19,VIL_042,291833.9,291833.9,291833.9,0.0,1.0,0.443
ALC_003740,2025-05-20,VIL_042,293112.0,293112.0,184660.6,108451.4,0.63,0.443
ALC_003741,2025-05-21,VIL_042,286662.0,286662.0,203530.0,83132.0,0.71,0.443
ALC_003742,2025-05-22,VIL_042,272708.2,272708.2,272708.2,0.0,1.0,0.443
ALC_003743,2025-05-23,VIL_042,293240.7,293240.7,228727.7,64513.0,0.78,0.443
ALC_003744,2025-05-24,VIL_042,282574.6,282574.6,282574.6,0.0,1.0,0.443
ALC_003745,2025-05-25,VIL_042,279528.2,279528.2,139764.1,139764.1,0.5,0.443
ALC_003746,2025-05-26,VIL_042,294215.9,294215.9,294215.9,0.0,1.0,0.443
ALC_003747,2025-05-27,VIL_042,277127.5,277127.5,277127.5,0.0,1.0,0.443
ALC_003748,2025-05-28,VIL_042,282891.3,282891.3,234799.8,48091.5,0.83,0.443
ALC_003749,2025-05-29,VIL_042,242569.2,242569.2,242569.2,0.0,1.0,0.443
ALC_003750,2025-05-30,VIL_042,270289.4,270289.4,181093.9,89195.5,0.67,0.443
ALC_003751,2025-05-31,VIL_042,298191.4,298191.4,298191.4,0.0,1.0,0.443
ALC_003752,2025-06-01,VIL_042,263936.2,263936.2,263936.2,0.0,1.0,0.443
ALC_003753,2025-06-02,VIL_042,255214.8,255214.8,160785.3,94429.5,0.63,0.443
ALC_003754,2025-06-03,VIL_042,267195.1,267195.1,203068.3,64126.8,0.76,0.443
ALC_003755,2025-06-04,VIL_042,228516.9,228516.9,143965.6,84551.3,0.63,0.443
ALC_003756,2025-06-05,VIL_042,271179.9,271179.9,271179.9,0.0,1.0,0.443
ALC_003757,2025-06-06,VIL_042,275098.2,275098.2,187066.8,88031.4,0.68,0.443
ALC_003758,2025-06-07,VIL_042,261106.2,261106.2,261106.2,0.0,1.0,0.443
ALC_003759,2025-06-08,VIL_042,276297.8,276297.8,143674.9,132622.9,0.52,0.443
ALC_003760,2025-06-09,VIL_042,239614.5,239614.5,179710.9,59903.6,0.75,0.443
ALC_003761,2025-06-10,VIL_042,275538.3,275538.3,198387.6,77150.7,0.72,0.443
ALC_003762,2025-06-11,VIL_042,240651.3,240651.3,127545.2,113106.1,0.53,0.443
ALC_003763,2025-06-12,VIL_042,228025.6,228025.6,228025.6,0.0,1.0,0.443
ALC_003764,2025-06-13,VIL_042,243033.0,243033.0,143389.5,99643.5,0.59,0.443
ALC_003765,2025-06-14,VIL_042,279791.4,279791.4,279791.4,0.0,1.0,0.443
ALC_003766,2025-06-15,VIL_042,276856.3,276856.3,238096.4,38759.9,0.86,0.443
ALC_003767,2025-06-16,VIL_042,286539.5,286539.5,203443.0,83096.5,0.71,0.443
ALC_003768,2025-06-17,VIL_042,226196.5,226196.5,169647.4,56549.1,0.75,0.443
ALC_003769,2025-06-18,VIL_042,237847.5,237847.5,237847.5,0.0,1.0,0.443
ALC_003770,2025-06-19,VIL_042,272685.0,272685.0,272685.0,0.0,1.0,0.443
ALC_003771,2025-06-20,VIL_042,269137.6,269137.6,269137.6,0.0,1.0,0.443
ALC_003772,2025-06-21,VIL_042,256698.9,256698.9,174555.3,82143.6,0.68,0.443
ALC_003773,2025-06-22,VIL_042,234669.6,234669.6,234669.6,0.0,1.0,0.443
ALC_003774,2025-06-23,VIL_042,268437.9,268437.9,268437.9,0.0,1.0,0.443
ALC_003775,2025-06-24,VIL_042,273252.8,273252.8,273252.8,0.0,1.0,0.443
ALC_003776,2025-06-25,VIL_042,280399.6,280399.6,280399.6,0.0,1.0,0.443
ALC_003777,2025-06-26,VIL_042,248902.4,248902.4,248902.4,0.0,1.0,0.443
ALC_003778,2025-06-27,VIL_042,277094.8,277094.8,277094.8,0.0,1.0,0.443
ALC_003779,2025-06-28,VIL_042,261307.7,261307.7,261307.7,0.0,1.0,0.443
ALC_003780,2025-06-29,VIL_042,275420.9,275420.9,198303.0,77117.9,0.72,0.443
ALC_003781,2025-04-01,VIL_043,454171.3,454171.3,281586.2,172585.1,0.62,0.399
ALC_003782,2025-04-02,VIL_043,452007.6,452007.6,452007.6,0.0,1.0,0.399
ALC_003783,2025-04-03,VIL_043,453762.4,453762.4,358472.3,95290.1,0.79,0.399
ALC_003784,2025-04-04,VIL_043,461199.4,461199.4,276719.6,184479.8,0.6,0.399
ALC_003785,2025-04-05,VIL_043,441547.3,441547.3,441547.3,0.0,1.0,0.399
ALC_003786,2025-04-06,VIL_043,457799.7,457799.7,375395.8,82403.9,0.82,0.399
ALC_003787,2025-04-07,VIL_043,444525.1,444525.1,377846.3,66678.8,0.85,0.399
ALC_003788,2025-04-08,VIL_043,480503.6,480503.6,480503.6,0.0,1.0,0.399
ALC_003789,2025-04-09,VIL_043,432958.5,432958.5,359355.6,73602.9,0.83,0.399
ALC_003790,2025-04-10,VIL_043,458290.2,458290.2,311637.3,146652.9,0.68,0.399
ALC_003791,2025-04-11,VIL_043,464058.5,464058.5,464058.5,0.0,1.0,0.399
ALC_003792,2025-04-12,VIL_043,464010.2,464010.2,464010.2,0.0,1.0,0.399
ALC_003793,2025-04-13,VIL_043,428871.4,428871.4,428871.4,0.0,1.0,0.399
ALC_003794,2025-04-14,VIL_043,461360.5,461360.5,378315.6,83044.9,0.82,0.399
ALC_003795,2025-04-15,VIL_043,457023.7,457023.7,374759.4,82264.3,0.82,0.399
ALC_003796,2025-04-16,VIL_043,465798.9,465798.9,465798.9,0.0,1.0,0.399
ALC_003797,2025-04-17,VIL_043,476392.6,476392.6,381114.1,95278.5,0.8,0.399
ALC_003798,2025-04-18,VIL_043,454619.2,454619.2,454619.2,0.0,1.0,0.399
ALC_003799,2025-04-19,VIL_043,457014.7,457014.7,292489.4,164525.3,0.64,0.399
ALC_003800,2025-04-20,VIL_043,439657.0,439657.0,237414.8,202242.2,0.54,0.399
ALC_003801,2025-04-21,VIL_043,470904.2,470904.2,470904.2,0.0,1.0,0.399
ALC_003802,2025-04-22,VIL_043,476515.4,476515.4,476515.4,0.0,1.0,0.399
ALC_003803,2025-04-23,VIL_043,471475.4,471475.4,377180.3,94295.1,0.8,0.399
ALC_003804,2025-04-24,VIL_043,452990.8,452990.8,339743.1,113247.7,0.75,0.399
ALC_003805,2025-04-25,VIL_043,451670.9,451670.9,451670.9,0.0,1.0,0.399
ALC_003806,2025-04-26,VIL_043,448815.8,448815.8,448815.8,0.0,1.0,0.399
ALC_003807,2025-04-27,VIL_043,428907.7,428907.7,373149.7,55758.0,0.87,0.399
ALC_003808,2025-04-28,VIL_043,430378.3,430378.3,322783.7,107594.6,0.75,0.399
ALC_003809,2025-04-29,VIL_043,473328.9,473328.9,241397.7,231931.2,0.51,0.399
ALC_003810,2025-04-30,VIL_043,453615.3,453615.3,453615.3,0.0,1.0,0.399
ALC_003811,2025-05-01,VIL_043,458149.4,458149.4,458149.4,0.0,1.0,0.399
ALC_003812,2025-05-02,VIL_043,445866.8,445866.8,445866.8,0.0,1.0,0.399
ALC_003813,2025-05-03,VIL_043,433495.1,433495.1,433495.1,0.0,1.0,0.399
ALC_003814,2025-05-04,VIL_043,481104.0,481104.0,481104.0,0.0,1.0,0.399
ALC_003815,2025-05-05,VIL_043,438542.0,438542.0,438542.0,0.0,1.0,0.399
ALC_003816,2025-05-06,VIL_043,445663.3,445663.3,445663.3,0.0,1.0,0.399
ALC_003817,2025-05-07,VIL_043,451320.2,451320.2,451320.2,0.0,1.0,0.399
ALC_003818,2025-05-08,VIL_043,461528.5,461528.5,461528.5,0.0,1.0,0.399
ALC_003819,2025-05-09,VIL_043,436756.6,436756.6,266421.5,170335.1,0.61,0.399
ALC_003820,2025-05-10,VIL_043,464976.7,464976.7,464976.7,0.0,1.0,0.399
ALC_003821,2025-05-11,VIL_043,423098.5,423098.5,275014.0,148084.5,0.65,0.399
ALC_003822,2025-05-12,VIL_043,452007.9,452007.9,452007.9,0.0,1.0,0.399
ALC_003823,2025-05-13,VIL_043,442003.6,442003.6,442003.6,0.0,1.0,0.399
ALC_003824,2025-05-14,VIL_043,449378.0,449378.0,449378.0,0.0,1.0,0.399
ALC_003825,2025-05-15,VIL_043,439317.1,439317.1,316308.3,123008.8,0.72,0.399
ALC_003826,2025-05-16,VIL_043,468439.5,468439.5,234219.8,234219.7,0.5,0.399
ALC_003827,2025-05-17,VIL_043,440991.5,440991.5,440991.5,0.0,1.0,0.399
ALC_003828,2025-05-18,VIL_043,448695.8,448695.8,448695.8,0.0,1.0,0.399
ALC_003829,2025-05-19,VIL_043,462096.7,462096.7,272637.1,189459.6,0.59,0.399
ALC_003830,2025-05-20,VIL_043,428643.3,428643.3,428643.3,0.0,1.0,0.399
ALC_003831,2025-05-21,VIL_043,450266.9,450266.9,450266.9,0.0,1.0,0.399
ALC_003832,2025-05-22,VIL_043,465918.8,465918.8,260914.5,205004.3,0.56,0.399
ALC_003833,2025-05-23,VIL_043,444307.9,444307.9,373218.6,71089.3,0.84,0.399
ALC_003834,2025-05-24,VIL_043,436761.6,436761.6,314468.4,122293.2,0.72,0.399
ALC_003835,2025-05-25,VIL_043,441610.9,441610.9,441610.9,0.0,1.0,0.399
ALC_003836,2025-05-26,VIL_043,419050.3,419050.3,419050.3,0.0,1.0,0.399
ALC_003837,2025-05-27,VIL_043,442011.3,442011.3,442011.3,0.0,1.0,0.399
ALC_003838,2025-05-28,VIL_043,440050.1,440050.1,294833.6,145216.5,0.67,0.399
ALC_003839,2025-05-29,VIL_043,457300.7,457300.7,457300.7,0.0,1.0,0.399
ALC_003840,2025-05-30,VIL_043,466153.7,466153.7,354276.8,111876.9,0.76,0.399
ALC_003841,2025-05-31,VIL_043,438666.9,438666.9,438666.9,0.0,1.0,0.399
ALC_003842,2025-06-01,VIL_043,393848.6,393848.6,311140.4,82708.2,0.79,0.399
ALC_003843,2025-06-02,VIL_043,370725.0,370725.0,370725.0,0.0,1.0,0.399
ALC_003844,2025-06-03,VIL_043,428348.2,428348.2,338395.1,89953.1,0.79,0.399
ALC_003845,2025-06-04,VIL_043,356929.1,356929.1,356929.1,0.0,1.0,0.399
ALC_003846,2025-06-05,VIL_043,436599.9,436599.9,436599.9,0.0,1.0,0.399
ALC_003847,2025-06-06,VIL_043,386830.6,386830.6,386830.6,0.0,1.0,0.399
ALC_003848,2025-06-07,VIL_043,412533.7,412533.7,412533.7,0.0,1.0,0.399
ALC_003849,2025-06-08,VIL_043,414587.9,414587.9,414587.9,0.0,1.0,0.399
ALC_003850,2025-06-09,VIL_043,394258.2,394258.2,394258.2,0.0,1.0,0.399
ALC_003851,2025-06-10,VIL_043,407712.9,407712.9,244627.7,163085.2,0.6,0.399
ALC_003852,2025-06-11,VIL_043,429449.6,429449.6,343559.7,85889.9,0.8,0.399
ALC_003853,2025-06-12,VIL_043,427801.9,427801.9,427801.9,0.0,1.0,0.399
ALC_003854,2025-06-13,VIL_043,439086.4,439086.4,439086.4,0.0,1.0,0.399
ALC_003855,2025-06-14,VIL_043,428565.5,428565.5,428565.5,0.0,1.0,0.399
ALC_003856,2025-06-15,VIL_043,361683.1,361683.1,264028.7,97654.4,0.73,0.399
ALC_003857,2025-06-16,VIL_043,439721.4,439721.4,263832.8,175888.6,0.6,0.399
ALC_003858,2025-06-17,VIL_043,415046.9,415046.9,415046.9,0.0,1.0,0.399
ALC_003859,2025-06-18,VIL_043,439095.3,439095.3,281021.0,158074.3,0.64,0.399
ALC_003860,2025-06-19,VIL_043,381892.6,381892.6,294057.3,87835.3,0.77,0.399
ALC_003861,2025-06-20,VIL_043,409585.9,409585.9,409585.9,0.0,1.0,0.399
ALC_003862,2025-06-21,VIL_043,416455.5,416455.5,416455.5,0.0,1.0,0.399
ALC_003863,2025-06-22,VIL_043,412919.6,412919.6,256010.2,156909.4,0.62,0.399
ALC_003864,2025-06-23,VIL_043,371720.9,371720.9,371720.9,0.0,1.0,0.399
ALC_003865,2025-06-24,VIL_043,390238.5,390238.5,323898.0,66340.5,0.83,0.399
ALC_003866,2025-06-25,VIL_043,353218.2,353218.2,353218.2,0.0,1.0,0.399
ALC_003867,2025-06-26,VIL_043,386648.1,386648.1,201057.0,185591.1,0.52,0.399
ALC_003868,2025-06-27,VIL_043,413541.3,413541.3,413541.3,0.0,1.0,0.399
ALC_003869,2025-06-28,VIL_043,366429.0,366429.0,366429.0,0.0,1.0,0.399
ALC_003870,2025-06-29,VIL_043,431825.4,431825.4,431825.4,0.0,1.0,0.399
ALC_003871,2025-04-01,VIL_044,465016.3,465016.3,465016.3,0.0,1.0,0.524
ALC_003872,2025-04-02,VIL_044,462275.0,462275.0,360574.5,101700.5,0.78,0.524
ALC_003873,2025-04-03,VIL_044,460195.8,460195.8,460195.8,0.0,1.0,0.524
ALC_003874,2025-04-04,VIL_044,434121.2,434121.2,238766.7,195354.5,0.55,0.524
ALC_003875,2025-04-05,VIL_044,458886.6,458886.6,458886.6,0.0,1.0,0.524
ALC_003876,2025-04-06,VIL_044,483413.2,483413.2,483413.2,0.0,1.0,0.524
ALC_003877,2025-04-07,VIL_044,462706.9,462706.9,462706.9,0.0,1.0,0.524
ALC_003878,2025-04-08,VIL_044,447313.4,447313.4,447313.4,0.0,1.0,0.524
ALC_003879,2025-04-09,VIL_044,474876.8,474876.8,351408.8,123468.0,0.74,0.524
ALC_003880,2025-04-10,VIL_044,460369.1,460369.1,276221.5,184147.6,0.6,0.524
ALC_003881,2025-04-11,VIL_044,479332.8,479332.8,282806.4,196526.4,0.59,0.524
ALC_003882,2025-04-12,VIL_044,468879.5,468879.5,468879.5,0.0,1.0,0.524
ALC_003883,2025-04-13,VIL_044,464167.7,464167.7,464167.7,0.0,1.0,0.524
ALC_003884,2025-04-14,VIL_044,476286.8,476286.8,476286.8,0.0,1.0,0.524
ALC_003885,2025-04-15,VIL_044,500014.8,500014.8,500014.8,0.0,1.0,0.524
ALC_003886,2025-04-16,VIL_044,442037.5,442037.5,344789.2,97248.3,0.78,0.524
ALC_003887,2025-04-17,VIL_044,470496.3,470496.3,470496.3,0.0,1.0,0.524
ALC_003888,2025-04-18,VIL_044,477883.3,477883.3,477883.3,0.0,1.0,0.524
ALC_003889,2025-04-19,VIL_044,452168.7,452168.7,452168.7,0.0,1.0,0.524
ALC_003890,2025-04-20,VIL_044,483229.2,483229.2,270608.4,212620.8,0.56,0.524
ALC_003891,2025-04-21,VIL_044,469084.8,469084.8,469084.8,0.0,1.0,0.524
ALC_003892,2025-04-22,VIL_044,433449.3,433449.3,433449.3,0.0,1.0,0.524
ALC_003893,2025-04-23,VIL_044,460438.0,460438.0,460438.0,0.0,1.0,0.524
ALC_003894,2025-04-24,VIL_044,477784.3,477784.3,243670.0,234114.3,0.51,0.524
ALC_003895,2025-04-25,VIL_044,460951.0,460951.0,460951.0,0.0,1.0,0.524
ALC_003896,2025-04-26,VIL_044,439550.5,439550.5,439550.5,0.0,1.0,0.524
ALC_003897,2025-04-27,VIL_044,495176.5,495176.5,307009.4,188167.1,0.62,0.524
ALC_003898,2025-04-28,VIL_044,471609.1,471609.1,471609.1,0.0,1.0,0.524
ALC_003899,2025-04-29,VIL_044,448311.2,448311.2,448311.2,0.0,1.0,0.524
ALC_003900,2025-04-30,VIL_044,494405.4,494405.4,365860.0,128545.4,0.74,0.524
ALC_003901,2025-05-01,VIL_044,449948.8,449948.8,449948.8,0.0,1.0,0.524
ALC_003902,2025-05-02,VIL_044,466435.4,466435.4,466435.4,0.0,1.0,0.524
ALC_003903,2025-05-03,VIL_044,477515.8,477515.8,377237.5,100278.3,0.79,0.524
ALC_003904,2025-05-04,VIL_044,470409.9,470409.9,404552.5,65857.4,0.86,0.524
ALC_003905,2025-05-05,VIL_044,459521.2,459521.2,459521.2,0.0,1.0,0.524
ALC_003906,2025-05-06,VIL_044,472693.4,472693.4,472693.4,0.0,1.0,0.524
ALC_003907,2025-05-07,VIL_044,443555.5,443555.5,226213.3,217342.2,0.51,0.524
ALC_003908,2025-05-08,VIL_044,478081.5,478081.5,478081.5,0.0,1.0,0.524
ALC_003909,2025-05-09,VIL_044,460475.7,460475.7,460475.7,0.0,1.0,0.524
ALC_003910,2025-05-10,VIL_044,475472.5,475472.5,475472.5,0.0,1.0,0.524
ALC_003911,2025-05-11,VIL_044,470001.8,470001.8,385401.5,84600.3,0.82,0.524
ALC_003912,2025-05-12,VIL_044,486292.3,486292.3,345267.5,141024.8,0.71,0.524
ALC_003913,2025-05-13,VIL_044,473209.3,473209.3,298121.9,175087.4,0.63,0.524
ALC_003914,2025-05-14,VIL_044,453889.5,453889.5,236022.5,217867.0,0.52,0.524
ALC_003915,2025-05-15,VIL_044,451846.0,451846.0,375032.2,76813.8,0.83,0.524
ALC_003916,2025-05-16,VIL_044,446062.7,446062.7,446062.7,0.0,1.0,0.524
ALC_003917,2025-05-17,VIL_044,464494.8,464494.8,408755.4,55739.4,0.88,0.524
ALC_003918,2025-05-18,VIL_044,466305.3,466305.3,466305.3,0.0,1.0,0.524
ALC_003919,2025-05-19,VIL_044,464376.4,464376.4,464376.4,0.0,1.0,0.524
ALC_003920,2025-05-20,VIL_044,449596.2,449596.2,292237.5,157358.7,0.65,0.524
ALC_003921,2025-05-21,VIL_044,482678.2,482678.2,337874.7,144803.5,0.7,0.524
ALC_003922,2025-05-22,VIL_044,453081.3,453081.3,326218.5,126862.8,0.72,0.524
ALC_003923,2025-05-23,VIL_044,453919.4,453919.4,453919.4,0.0,1.0,0.524
ALC_003924,2025-05-24,VIL_044,410149.0,410149.0,291205.8,118943.2,0.71,0.524
ALC_003925,2025-05-25,VIL_044,474023.7,474023.7,327076.4,146947.3,0.69,0.524
ALC_003926,2025-05-26,VIL_044,469707.5,469707.5,394554.3,75153.2,0.84,0.524
ALC_003927,2025-05-27,VIL_044,406689.8,406689.8,292816.7,113873.1,0.72,0.524
ALC_003928,2025-05-28,VIL_044,444762.4,444762.4,444762.4,0.0,1.0,0.524
ALC_003929,2025-05-29,VIL_044,410967.7,410967.7,349322.5,61645.2,0.85,0.524
ALC_003930,2025-05-30,VIL_044,468456.9,468456.9,468456.9,0.0,1.0,0.524
ALC_003931,2025-05-31,VIL_044,472277.2,472277.2,363653.4,108623.8,0.77,0.524
ALC_003932,2025-06-01,VIL_044,390490.5,390490.5,269438.4,121052.1,0.69,0.524
ALC_003933,2025-06-02,VIL_044,392362.7,392362.7,313890.2,78472.5,0.8,0.524
ALC_003934,2025-06-03,VIL_044,440434.0,440434.0,220217.0,220217.0,0.5,0.524
ALC_003935,2025-06-04,VIL_044,375668.8,375668.8,311805.1,63863.7,0.83,0.524
ALC_003936,2025-06-05,VIL_044,398628.2,398628.2,310930.0,87698.2,0.78,0.524
ALC_003937,2025-06-06,VIL_044,392893.4,392893.4,200375.6,192517.8,0.51,0.524
ALC_003938,2025-06-07,VIL_044,432687.1,432687.1,350476.6,82210.5,0.81,0.524
ALC_003939,2025-06-08,VIL_044,435758.8,435758.8,435758.8,0.0,1.0,0.524
ALC_003940,2025-06-09,VIL_044,389576.3,389576.3,319452.6,70123.7,0.82,0.524
ALC_003941,2025-06-10,VIL_044,381850.7,381850.7,278751.0,103099.7,0.73,0.524
ALC_003942,2025-06-11,VIL_044,436476.5,436476.5,331722.1,104754.4,0.76,0.524
ALC_003943,2025-06-12,VIL_044,460090.4,460090.4,285256.0,174834.4,0.62,0.524
ALC_003944,2025-06-13,VIL_044,385225.3,385225.3,385225.3,0.0,1.0,0.524
ALC_003945,2025-06-14,VIL_044,377989.7,377989.7,377989.7,0.0,1.0,0.524
ALC_003946,2025-06-15,VIL_044,451443.1,451443.1,451443.1,0.0,1.0,0.524
ALC_003947,2025-06-16,VIL_044,461218.8,461218.8,461218.8,0.0,1.0,0.524
ALC_003948,2025-06-17,VIL_044,376668.0,376668.0,297567.7,79100.3,0.79,0.524
ALC_003949,2025-06-18,VIL_044,454451.5,454451.5,454451.5,0.0,1.0,0.524
ALC_003950,2025-06-19,VIL_044,435148.1,435148.1,435148.1,0.0,1.0,0.524
ALC_003951,2025-06-20,VIL_044,426167.5,426167.5,426167.5,0.0,1.0,0.524
ALC_003952,2025-06-21,VIL_044,384746.6,384746.6,384746.6,0.0,1.0,0.524
ALC_003953,2025-06-22,VIL_044,381799.0,381799.0,381799.0,0.0,1.0,0.524
ALC_003954,2025-06-23,VIL_044,441970.0,441970.0,441970.0,0.0,1.0,0.524
ALC_003955,2025-06-24,VIL_044,406760.3,406760.3,406760.3,0.0,1.0,0.524
ALC_003956,2025-06-25,VIL_044,447426.9,447426.9,304250.3,143176.6,0.68,0.524
ALC_003957,2025-06-26,VIL_044,398859.9,398859.9,319087.9,79772.0,0.8,0.524
ALC_003958,2025-06-27,VIL_044,443442.5,443442.5,270499.9,172942.6,0.61,0.524
ALC_003959,2025-06-28,VIL_044,442655.0,442655.0,376256.8,66398.2,0.85,0.524
ALC_003960,2025-06-29,VIL_044,408476.8,408476.8,249170.8,159306.0,0.61,0.524
ALC_003961,2025-04-01,VIL_045,533189.8,533189.8,533189.8,0.0,1.0,0.66
ALC_003962,2025-04-02,VIL_045,500069.6,500069.6,500069.6,0.0,1.0,0.66
ALC_003963,2025-04-03,VIL_045,529344.2,529344.2,338780.3,190563.9,0.64,0.66
ALC_003964,2025-04-04,VIL_045,517478.0,517478.0,434681.5,82796.5,0.84,0.66
ALC_003965,2025-04-05,VIL_045,514568.8,514568.8,262430.1,252138.7,0.51,0.66
ALC_003966,2025-04-06,VIL_045,501623.1,501623.1,255827.8,245795.3,0.51,0.66
ALC_003967,2025-04-07,VIL_045,506099.7,506099.7,384635.8,121463.9,0.76,0.66
ALC_003968,2025-04-08,VIL_045,525997.7,525997.7,525997.7,0.0,1.0,0.66
ALC_003969,2025-04-09,VIL_045,518545.7,518545.7,518545.7,0.0,1.0,0.66
ALC_003970,2025-04-10,VIL_045,478625.1,478625.1,291961.3,186663.8,0.61,0.66
ALC_003971,2025-04-11,VIL_045,537104.4,537104.4,537104.4,0.0,1.0,0.66
ALC_003972,2025-04-12,VIL_045,514238.2,514238.2,385678.7,128559.5,0.75,0.66
ALC_003973,2025-04-13,VIL_045,501271.8,501271.8,501271.8,0.0,1.0,0.66
ALC_003974,2025-04-14,VIL_045,517112.2,517112.2,263727.2,253385.0,0.51,0.66
ALC_003975,2025-04-15,VIL_045,534205.0,534205.0,534205.0,0.0,1.0,0.66
ALC_003976,2025-04-16,VIL_045,515514.1,515514.1,515514.1,0.0,1.0,0.66
ALC_003977,2025-04-17,VIL_045,521646.7,521646.7,281689.2,239957.5,0.54,0.66
ALC_003978,2025-04-18,VIL_045,515084.8,515084.8,515084.8,0.0,1.0,0.66
ALC_003979,2025-04-19,VIL_045,493672.3,493672.3,320887.0,172785.3,0.65,0.66
ALC_003980,2025-04-20,VIL_045,511086.4,511086.4,383314.8,127771.6,0.75,0.66
ALC_003981,2025-04-21,VIL_045,536373.8,536373.8,536373.8,0.0,1.0,0.66
ALC_003982,2025-04-22,VIL_045,513769.3,513769.3,513769.3,0.0,1.0,0.66
ALC_003983,2025-04-23,VIL_045,523871.9,523871.9,523871.9,0.0,1.0,0.66
ALC_003984,2025-04-24,VIL_045,519220.6,519220.6,264802.5,254418.1,0.51,0.66
ALC_003985,2025-04-25,VIL_045,531249.5,531249.5,531249.5,0.0,1.0,0.66
ALC_003986,2025-04-26,VIL_045,519794.6,519794.6,519794.6,0.0,1.0,0.66
ALC_003987,2025-04-27,VIL_045,505723.1,505723.1,505723.1,0.0,1.0,0.66
ALC_003988,2025-04-28,VIL_045,508294.6,508294.6,508294.6,0.0,1.0,0.66
ALC_003989,2025-04-29,VIL_045,526839.3,526839.3,526839.3,0.0,1.0,0.66
ALC_003990,2025-04-30,VIL_045,505462.5,505462.5,505462.5,0.0,1.0,0.66
ALC_003991,2025-05-01,VIL_045,522931.0,522931.0,277153.4,245777.6,0.53,0.66
ALC_003992,2025-05-02,VIL_045,519997.0,519997.0,389997.8,129999.2,0.75,0.66
ALC_003993,2025-05-03,VIL_045,515099.8,515099.8,278153.9,236945.9,0.54,0.66
ALC_003994,2025-05-04,VIL_045,522034.9,522034.9,454170.4,67864.5,0.87,0.66
ALC_003995,2025-05-05,VIL_045,514443.3,514443.3,514443.3,0.0,1.0,0.66
ALC_003996,2025-05-06,VIL_045,510953.4,510953.4,510953.4,0.0,1.0,0.66
ALC_003997,2025-05-07,VIL_045,528324.9,528324.9,528324.9,0.0,1.0,0.66
ALC_003998,2025-05-08,VIL_045,496316.8,496316.8,411942.9,84373.9,0.83,0.66
ALC_003999,2025-05-09,VIL_045,492271.9,492271.9,492271.9,0.0,1.0,0.66
ALC_004000,2025-05-10,VIL_045,541312.3,541312.3,541312.3,0.0,1.0,0.66
ALC_004001,2025-05-11,VIL_045,491469.0,491469.0,491469.0,0.0,1.0,0.66
ALC_004002,2025-05-12,VIL_045,493040.9,493040.9,493040.9,0.0,1.0,0.66
ALC_004003,2025-05-13,VIL_045,515444.6,515444.6,319575.7,195868.9,0.62,0.66
ALC_004004,2025-05-14,VIL_045,509370.0,509370.0,254685.0,254685.0,0.5,0.66
ALC_004005,2025-05-15,VIL_045,507240.8,507240.8,507240.8,0.0,1.0,0.66
ALC_004006,2025-05-16,VIL_045,511486.5,511486.5,373385.1,138101.4,0.73,0.66
ALC_004007,2025-05-17,VIL_045,516462.7,516462.7,516462.7,0.0,1.0,0.66
ALC_004008,2025-05-18,VIL_045,496680.1,496680.1,273174.1,223506.0,0.55,0.66
ALC_004009,2025-05-19,VIL_045,499050.8,499050.8,359316.6,139734.2,0.72,0.66
ALC_004010,2025-05-20,VIL_045,532375.1,532375.1,409928.8,122446.3,0.77,0.66
ALC_004011,2025-05-21,VIL_045,537507.3,537507.3,451506.1,86001.2,0.84,0.66
ALC_004012,2025-05-22,VIL_045,505211.1,505211.1,505211.1,0.0,1.0,0.66
ALC_004013,2025-05-23,VIL_045,505927.8,505927.8,369327.3,136600.5,0.73,0.66
ALC_004014,2025-05-24,VIL_045,539974.2,539974.2,426579.6,113394.6,0.79,0.66
ALC_004015,2025-05-25,VIL_045,534689.7,534689.7,363589.0,171100.7,0.68,0.66
ALC_004016,2025-05-26,VIL_045,499107.7,499107.7,399286.2,99821.5,0.8,0.66
ALC_004017,2025-05-27,VIL_045,544135.1,544135.1,544135.1,0.0,1.0,0.66
ALC_004018,2025-05-28,VIL_045,517999.5,517999.5,264179.7,253819.8,0.51,0.66
ALC_004019,2025-05-29,VIL_045,520958.7,520958.7,520958.7,0.0,1.0,0.66
ALC_004020,2025-05-30,VIL_045,486880.3,486880.3,399241.8,87638.5,0.82,0.66
ALC_004021,2025-05-31,VIL_045,509687.7,509687.7,387362.7,122325.0,0.76,0.66
ALC_004022,2025-06-01,VIL_045,432444.9,432444.9,432444.9,0.0,1.0,0.66
ALC_004023,2025-06-02,VIL_045,427680.8,427680.8,320760.6,106920.2,0.75,0.66
ALC_004024,2025-06-03,VIL_045,476180.5,476180.5,476180.5,0.0,1.0,0.66
ALC_004025,2025-06-04,VIL_045,436831.7,436831.7,436831.7,0.0,1.0,0.66
ALC_004026,2025-06-05,VIL_045,504362.2,504362.2,438795.1,65567.1,0.87,0.66
ALC_004027,2025-06-06,VIL_045,415584.2,415584.2,232727.2,182857.0,0.56,0.66
ALC_004028,2025-06-07,VIL_045,486260.3,486260.3,486260.3,0.0,1.0,0.66
ALC_004029,2025-06-08,VIL_045,470303.9,470303.9,399758.3,70545.6,0.85,0.66
ALC_004030,2025-06-09,VIL_045,403288.7,403288.7,403288.7,0.0,1.0,0.66
ALC_004031,2025-06-10,VIL_045,493696.0,493696.0,493696.0,0.0,1.0,0.66
ALC_004032,2025-06-11,VIL_045,480509.1,480509.1,480509.1,0.0,1.0,0.66
ALC_004033,2025-06-12,VIL_045,516404.4,516404.4,309842.6,206561.8,0.6,0.66
ALC_004034,2025-06-13,VIL_045,468893.0,468893.0,468893.0,0.0,1.0,0.66
ALC_004035,2025-06-14,VIL_045,485570.5,485570.5,373889.3,111681.2,0.77,0.66
ALC_004036,2025-06-15,VIL_045,433151.8,433151.8,433151.8,0.0,1.0,0.66
ALC_004037,2025-06-16,VIL_045,470039.0,470039.0,470039.0,0.0,1.0,0.66
ALC_004038,2025-06-17,VIL_045,484988.0,484988.0,407389.9,77598.1,0.84,0.66
ALC_004039,2025-06-18,VIL_045,481187.2,481187.2,481187.2,0.0,1.0,0.66
ALC_004040,2025-06-19,VIL_045,431853.0,431853.0,431853.0,0.0,1.0,0.66
ALC_004041,2025-06-20,VIL_045,467540.7,467540.7,467540.7,0.0,1.0,0.66
ALC_004042,2025-06-21,VIL_045,471157.0,471157.0,471157.0,0.0,1.0,0.66
ALC_004043,2025-06-22,VIL_045,485832.5,485832.5,485832.5,0.0,1.0,0.66
ALC_004044,2025-06-23,VIL_045,419075.0,419075.0,343641.5,75433.5,0.82,0.66
ALC_004045,2025-06-24,VIL_045,421529.6,421529.6,358300.2,63229.4,0.85,0.66
ALC_004046,2025-06-25,VIL_045,433765.1,433765.1,312310.9,121454.2,0.72,0.66
ALC_004047,2025-06-26,VIL_045,409880.4,409880.4,221335.4,188545.0,0.54,0.66
ALC_004048,2025-06-27,VIL_045,490332.1,490332.1,490332.1,0.0,1.0,0.66
ALC_004049,2025-06-28,VIL_045,442517.7,442517.7,345163.8,97353.9,0.78,0.66
ALC_004050,2025-06-29,VIL_045,496264.8,496264.8,496264.8,0.0,1.0,0.66
